Gasage (yr BP),CO2 (ppmv),sigma mean CO2 (ppmv)
-51.02999999999997,368.02248790241714,0.0604422311881926
-48.0,361.78073658846415,0.37
-46.27927212999998,359.6477931830841,0.0980001330563057
-44.40564212000004,357.10673969933646,0.1599229747705824
-43.07999999999993,353.94668533391206,0.0430071030671854
-42.313517060000095,353.72423581425323,0.2210926075821943
-41.13481671,352.41630841973364,0.1022471791056515
-39.97139973000003,350.8086522409729,0.1618703262528373
-39.407967809999946,349.8002703595191,0.1352232651979597
-38.96633494000002,349.27841464963046,0.1261487222797995
-38.06951193000009,347.59740561133145,0.4031964736043833
-37.20859160000009,345.44120600376243,0.0323644026072777
-36.6160162000001,344.71776861346984,0.0938794558502731
-36.14322833999995,343.9736767615952,0.0605203788287628
-35.76218001999996,343.1107520502481,0.1437061293147669
-34.916752950000046,342.0519764062061,0.4616805817204494
-33.07684986999993,341.3292967441024,0.097452039589266
-33.02591865999989,339.4604885213476,0.3019419466319628
-29.14258988000006,334.84855553252345,0.3749721983570837
-26.796750369999927,335.5469534579232,0.6340970031591255
-26.67036968000002,332.3689555204767,1.2670729590719434
-25.570921230000067,332.3656863259178,0.0394006469041384
-24.133413320000045,331.54980566810485,0.6341096077098353
-22.088334380000106,328.4158880123276,0.6341029732809323
-22.041017810000085,330.3504422217994,2.2143920320771286
-20.872681979999925,326.3093257445175,1.3421433574187778
-20.65630200999999,326.6491948420144,1.1616820462425592
-20.637150239999983,324.9059936630005,0.1755276497367069
-20.22168347999991,324.5570616692709,0.6340878698843293
-19.42321801999992,324.70605757685405,0.6340788835955808
-18.98437082999999,325.07717594979096,0.6340901325992147
-18.813869489999888,324.08551736938495,0.6340723741433282
-18.53874855999993,320.38065078205506,1.161646626068965
-16.78904407999994,320.4923553617883,1.161661606592592
-16.54523532999997,322.1747797142201,1.342134959310778
-15.866011569999957,320.98156635342656,1.742192460570347
-15.297878110000056,319.1950596158425,0.950534086230876
-15.226349230000096,319.8929363220089,0.6340673091157356
-13.56449558999998,319.12347301713646,0.9414084379614795
-13.200018279999997,319.06606441856763,0.6340641844304099
-12.6152798600001,318.61106261456985,0.8978636498143594
-12.54209154,317.4481354802273,0.6340573456508688
-12.395341090000102,319.1381732232432,0.6340644686271447
-12.321916399999964,317.5216280215933,0.6340576539777507
-11.71589999999992,316.59261011941027,0.6354905315601179
-10.568661719999907,318.20658038167187,1.72306399989313
-10.31404479999992,313.0933880516286,1.8125207605745384
-9.092695849999927,311.98389241638387,1.8125192068450535
-8.56297111999993,316.3340200101121,0.9414004868608352
-8.102785849999918,316.1014028920352,1.7230606961916066
-7.872424290000026,314.57216625352925,0.4109025756600084
-7.257538840000052,315.2703546298443,1.1616551462109328
-7.203373640000109,316.3253801823537,0.1269429754774378
-7.103747099999964,314.4370577968855,0.7862770621623857
-6.157200000000103,315.342073915026,0.6354715422654317
-4.795964650000087,314.7139613439055,2.214638063555554
-3.791544359999989,313.1710570119369,0.634039485403577
-3.71393736999994,312.8003637775662,0.6340379489030816
-3.5585613600001125,312.22274083278216,1.4243345489180328
-2.3839181700000154,312.1844627182946,0.4108872849421976
-0.2509000000000014,312.0017776102837,0.6354211479753883
0.3315282599999136,313.6602846482332,2.21463680836238
1.225945319999937,309.6939936066409,0.4108714596531573
2.293513099999928,311.57094999761165,2.2146343319343007
3.3366031699999894,310.36290017732523,0.634027909426397
3.373139959999889,312.8663621464335,2.214635865625694
4.38416084000005,312.5596867804179,2.2146355017928885
4.442779830000063,311.9671347125998,2.082558942026396
4.6126112699998885,311.8114965345337,3.1236747780021643
5.037190190000047,310.440204448011,2.564594558034493
5.23567707999996,311.2775834649954,0.4108815077188695
5.490957340000023,310.224309572614,0.6340273214805324
6.426352059999999,312.36164019507424,2.214635267170318
7.792658919999894,311.878053578341,2.768216484789498
7.964587149999943,312.8437329659678,2.5645970119051587
8.22030175000009,312.393938618938,2.214635305646748
9.160584629999905,311.80226771747726,2.214634605293885
9.245991239999968,307.7386635857962,1.161638187528912
10.030999999999947,309.80091502114107,0.6353882419620955
10.408172680000009,310.9510867188181,0.6340303293204513
10.77751491999993,311.21179432912515,0.6340313851523534
11.03227736000008,310.4566675193962,2.1689332920301743
11.838400000000092,308.47982780846024,0.6353686009026864
11.870147509999924,311.94102882822733,1.3421143195864766
12.132119869999997,311.52050972739016,2.21463427376126
12.233306950000042,312.3293254879136,0.1345655909634221
13.13678570000002,307.4076931745866,1.1616374521489643
14.12664190999999,309.3446868650601,2.8704087232296542
14.290543329999991,307.25859856593024,1.16163712048601
14.94369888999995,306.3197983876916,1.1616350386215593
16.123575399999936,309.6306260790445,0.6340249031228801
16.40695077999999,307.0755443187391,2.5645910826371363
17.219075570000086,305.94402817135216,1.1616342071053372
17.462700710000036,308.27919921307927,2.214630463891003
17.70639580000011,308.25556223436706,0.6340192586104747
19.17030616000011,305.7409186942765,1.4519014261034418
20.613674270000047,305.3808267142061,0.0689463373624849
21.256399999999985,305.78294147245686,0.6353287640642507
21.46069323000006,305.7053721667773,0.9413710014212492
21.843200000000024,305.66786848134046,0.635327071998837
22.203540369999928,308.01874186181465,3.176223027041842
24.68695709000008,304.96915678718324,0.634005914314666
25.251618980000103,304.7159146968185,1.7230435237616446
27.163116590000072,306.1986242999216,3.817322318081138
27.494957789999944,303.1815383191544,0.941364147841331
30.2922188,301.8758603769565,1.1616252702369918
31.331601200000023,304.61320734820134,2.2146262044343445
32.12541188,303.85222132002366,0.6718501558877479
34.213969129999896,301.9151507114715,0.6339936400662507
35.60700403999999,300.7000886560916,2.449191474096512
37.48485968999989,301.29772622272134,0.6339911737445958
38.71498595999992,299.25727749401767,1.723035440531635
38.90461155999992,297.7268153632511,1.7230332142980245
39.28414915000008,298.10624698316605,2.564582196159249
40.23523068999998,297.86910679162327,1.1616165851507216
41.47609211000008,301.5041354046444,2.2146226319797626
44.225799999999936,299.62686294971274,0.6352391314877226
44.45643668999992,297.32821856127947,0.6339754377689106
44.64919585999996,299.0235966178361,0.6339821331252458
46.09347466000008,295.9913578166476,0.9413449338297226
48.29812528999992,295.6106368299745,1.3300603706657033
49.82164923999994,294.2207216000332,1.1616087777538209
51.057595010000114,297.0473645165553,2.214617574875448
51.34283968999989,295.2814574829282,0.6339674053652581
56.24367503999997,293.80883068272027,0.9413391927125404
56.34117893999996,293.16654166689625,1.7230266485152168
56.9396999999999,295.3164626735822,0.6351774496644673
57.12160448999998,294.8594308441452,1.7230290740754022
57.6094814600001,295.17192926023625,0.6339669770888089
60.1310578099999,290.9175394046256,1.161601792024331
60.992519469999934,292.3423879392772,0.6760499604329714
62.60553327000002,294.34178746728605,0.6339637362309404
64.39987096999994,288.1157636999787,2.012887925404246
65.82009999999991,289.2265988139854,0.6166072841793726
66.20852756999989,289.7624132149648,0.9413286609713852
67.07764627999995,292.46393479402104,0.9504624960170108
70.04941602000008,287.7707291897673,1.1615952103179417
73.09478323000008,289.3281310647417,0.633944356692999
76.2620196800001,291.5581974658393,2.21461144979234
77.17362217000004,286.6550967370638,1.3420669316299338
79.95531419999998,286.32578146070443,1.161592212107517
80.3438782799999,287.9864944292303,0.6339392271650133
81.58508690999997,289.53614491302415,1.7230214941989352
82.26960000000008,287.9922513016967,0.4127688331453147
83.25611204999996,285.05229227816864,1.6774740623622912
85.87161822999997,286.654158160582,1.1615928921518883
87.02144425999995,285.3533187571561,0.9413173514221532
88.16551931000004,287.17456217295097,0.6339361344349255
91.15595858000006,286.6330756116753,0.4107309168077066
93.3796722699999,283.16210074754474,1.1615857002636665
95.28161881999996,285.56557722684016,0.633930031404953
96.29172496,288.05443747992655,2.2146075998489194
98.89435269,285.4658308627274,0.6339296541845358
99.173,288.7903954001126,0.4127858726824119
99.73761839999996,284.00163402345765,1.161587421236867
102.67820000000006,286.839237474432,0.6350587311227852
104.09510939000006,283.6198856894272,1.3420615190225318
105.34534607,283.1828720355646,1.1615857427816372
105.53888998000002,283.5311237194569,1.1615864561027442
106.70678711000004,281.58148260537183,1.1615824752609392
109.17184283000006,283.6545457229947,0.6339228271586755
113.2998,284.151983964357,0.9417990894248008
116.82279999999992,283.82039231033946,0.941796034128002
117.12622381999996,285.0861666968484,0.9504437017476038
123.07770000000004,285.90893992625405,0.6350459120608486
125.25500000000012,281.3603652847592,0.9417734784570432
136.34030000000007,284.43128758236145,0.9418016656981504
150.6636000000001,282.7995518984052,0.7883985371923559
153.5284999999999,280.4044366600032,1.722661879618002
154.05649999999991,282.3047106620081,0.6349966382720811
155.9034999999999,281.6171179507893,0.941775823437092
169.70010000000002,273.07371696468044,0.4124588939999544
170.5109,280.2362981843688,0.6349686413914025
176.54449999999997,277.8559524780317,0.9417416851187796
186.3032000000001,276.3961020284933,0.941728558070766
187.1217999999999,277.15568662096365,0.6349273233549182
197.8706,278.00200109884094,0.6349386291317073
198.0684000000001,276.4573287163011,0.9417291072385716
200.88010000000008,277.6000738939942,0.6349332555790217
208.7428,276.8090000432731,0.9417322638755544
216.12799999999996,278.3109424912346,0.9417457905087732
226.99260000000004,277.01330979867544,0.9417340996183786
227.13560000000007,278.27011023020174,1.2670864271606788
255.93360000000007,277.35805088594464,0.6349300235886305
260.2585999999999,276.3246167739362,0.9417279170430886
268.10570000000007,276.6596678045921,0.6349207130491378
300.9031,278.0152295252318,0.6349388061201005
310.18550000000005,276.6872122505445,0.9417311702431328
321.4006999999999,273.7807623120456,0.4124732162414122
340.53919999999994,271.1090304670288,0.4124192882382645
346.58140000000003,275.066577843599,0.6348995620033699
359.0093999999999,279.3568610690018,0.9508690595460032
361.8233,281.10892823134105,0.9417711840929804
376.98710000000005,282.5698274885973,0.6350002415419935
390.1370999999999,281.82904146165555,0.9417777605892772
400.3525,283.5296825674026,1.2671220558482
420.3243,283.94789036843633,0.6350190252954523
448.4713999999999,283.1247803916497,0.6350077949310544
480.6032,280.3125047226672,1.267100183364781
500.8362,282.22658040584827,0.9508949540293504
521.1956,279.7256958832981,0.4125950843173071
539.1394,279.6965499485699,0.9417583341557852
559.6678999999999,280.9115788303861,0.6349777602732789
601.1501000000001,278.3621212274177,0.4125669035764293
619.8800000000001,284.0676432722511,0.6350206618825793
642.5527999999999,281.5784089788515,0.9417754697627618
671.8032000000001,278.4312489162189,0.4125683289579309
690.4929,282.199286054067,0.941781148411328
698.7306000000001,282.41311047504325,0.6349981111551107
739.0450000000001,283.68828915610504,0.9417948179160088
750.1886,284.54004420226613,0.635027124576181
784.0183999999999,283.9659747066713,1.4116055223569104
803.7130999999999,284.510584449478,1.267128774238816
834.3911,282.8416314024614,0.941787036540014
850.5902000000001,283.0944582572788,0.6350073818401468
879.7973,282.8444160166049,0.9417870620945464
900.82294,280.9667443357615,0.6349785049296485
909.92083,280.9161701585891,0.9417694265601158
930.72784,280.06452973881244,0.634966325632589
932.42209,279.7987034131486,1.3420371933367057
967.34583,278.7402401551619,1.4115736949859394
992.34736,277.4071684030988,0.4125472485974409
1035.87184,280.10552589040225,2.213895624951041
1074.5898,279.42044060983585,1.4115778043264595
1127.67222,278.62300321449914,1.4115729877252574
1156.89504,279.72469920818,2.2138941536319328
1187.70454,279.29371083930937,2.2138924909272037
1219.5665,279.9902637416671,0.4126005678192107
1248.75007,277.098940914164,0.4125409188336744
1280.82364,278.45496800258206,0.4125688181151233
1313.00077,279.58805021854124,0.4125922334589306
1335.4754400000002,277.86971612986054,0.4125567605046653
1367.59231,276.19603745957005,0.4125224167384222
1392.53167,278.4608975547629,3.845059022998696
1398.37838,276.5590465243607,0.4125298482800052
1432.04389,276.789519068584,0.9417320889076648
1461.86806,277.1056915049757,0.4125410573895645
1513.06166,279.9999146746923,0.4126007679435665
1543.63545,279.12520908544417,0.4125826574381653
1565.77312,277.24691789826335,0.4125439568248663
1592.66644,277.79537780888165,0.412555230745294
1632.45421,281.692138914424,0.4126359634969955
1654.39543,280.9089598541969,0.4126196486383923
1675.55608,280.2444922059889,2.563635366217848
1683.9046899999998,278.31439989271746,0.616453810085954
1709.3986,280.2490871903012,0.6164805927337029
1775.46638,277.55589209790946,0.412550305271284
1796.46924,278.0719954240161,0.4125609251205449
1814.0,278.1,1.0
1846.0,277.5,1.0
1894.0,277.4,1.0
1920.0,277.9,1.0
1949.0,276.7,1.0
1999.70909090909,278.0,1.2
2093.3590909090917,276.9,0.7
2234.2352727272723,276.7,0.8
2265.5493333333334,276.7,0.8
2414.3166666666666,277.6,1.3
2526.12496969697,277.9,0.5
2628.015757575757,273.9,1.1
2708.475454545455,278.9,0.6
2801.7606666666657,275.3,1.6
2904.5469090909087,274.7,1.2
2948.816303030303,276.3,0.9
3056.604242424242,274.6,0.8
3255.728181818182,276.3,1.5
3283.661575757576,273.1,1.1
3431.119272727273,274.0,0.3
3528.2878787878785,275.0,0.6
3644.462727272728,273.4,1.3
3693.407696969697,273.0,0.8
3806.856969696969,271.5,1.0
3856.166363636364,275.4,0.5
3968.950606060605,274.9,1.3
4108.666727272727,271.7,1.0
4205.842363636364,271.6,0.7
4275.076666666667,272.8,0.8
4342.822424242424,271.5,0.9
4494.362424242425,271.1,0.8
4592.819272727273,269.1,0.6
4647.462909090909,269.8,1.0
4773.001515151515,271.5,0.8
4921.201818181818,270.7,0.5
4981.579878787878,269.3,1.0
5086.789939393939,268.6,1.1
5218.566181818183,269.8,1.2
5311.175757575757,267.6,0.6
5357.548545454545,265.3,1.7
5533.289575757576,265.2,0.8
5581.297333333333,267.6,2.0
5757.606363636363,265.9,0.9
5852.259636363636,265.5,0.8
5934.091454545454,260.7,1.6
5999.3760606060605,266.7,0.9
6089.807878787879,265.5,0.8
6301.963333333333,263.2,0.6
6337.206909090909,262.7,0.9
6401.244848484847,261.2,0.7
6572.291575757575,261.1,0.4
6682.545393939393,259.4,0.6
6769.652545454545,262.1,0.9
6880.308666666668,262.9,0.5
6970.077393939396,258.1,1.4
7038.269878787879,257.6,0.9
7188.070303030302,262.3,0.9
7274.009999999999,263.0,0.7
7405.323818181818,260.7,0.6
7497.865393939395,258.4,0.8
7661.3663636363635,260.1,0.6
7719.5915151515155,260.4,0.4
7860.1816363636335,259.7,0.9
7926.3653939393935,259.2,0.7
7975.853939393939,260.8,1.4
8116.284242424243,259.6,0.5
8194.798787878788,259.3,0.9
8351.876727272727,258.3,1.2
8459.675757575757,261.3,0.9
8546.579090909092,260.7,0.4
8710.678181818183,261.8,1.0
8781.282363636365,259.0,1.1
8911.853878787877,260.9,0.7
8992.985757575756,260.4,0.6
9060.17393939394,259.3,1.0
9143.01284848485,262.0,0.8
9295.308848484849,263.7,1.2
9361.11696969697,263.8,0.8
9436.703454545452,265.2,0.9
9518.05903030303,260.6,1.7
9524.439454545454,260.9,0.6
9555.86393939394,263.0,0.4
9573.266606060606,263.8,1.2
9901.037878787878,264.4,0.4
9992.609575757577,264.2,0.9
10134.50303030303,264.0,0.3
10192.954545454544,263.4,0.1
10299.554545454546,265.7,0.5
10366.55575757576,264.9,0.4
10505.551515151516,267.5,0.4
10680.480000000003,266.9,0.6
10801.809090909092,266.0,1.1
10835.743636363635,265.1,1.6
10954.478787878788,267.6,0.7
11089.615757575755,264.8,0.6
11161.063636363637,264.8,0.4
11185.87090909091,265.0,0.8
11200.576363636364,265.3,0.4
11256.56787878788,264.4,1.5
11316.978787878788,264.1,0.7
11339.371,264.8062514925239,1.6656998706343706
11383.156,264.8396344162771,1.290916678425955
11399.861,268.1638827775123,2.5459070312438925
11417.453,264.4831386910426,2.038774675962592
11435.931,270.14345909208504,2.1099587251623038
11453.064,268.86948241809176,0.6954811452089371
11472.799,269.09658248435426,2.5208974243791173
11490.446,267.1659882944808,0.8515189257138913
11507.225,267.66344435702626,1.1530963256955429
11523.934,269.5087267559184,0.8505691950166642
11543.596,266.8975316078414,0.6582745058901435
11559.612,262.7402713424808,1.420923135639131
11576.406,267.0926460402798,0.4985722841097915
11592.243,260.7019637596007,0.2864912781659243
11611.307,261.3035570908851,1.5221230058969524
11628.966,266.2202091929294,2.412823479042468
11647.924,257.13429330946656,1.3404357790494443
11664.542,247.5528586529488,0.3435083847400987
11682.818,254.6155973344712,0.884033354158537
11701.438,253.99089690085395,1.4599509194956937
11719.717,256.0430608603061,1.2558245486807351
11740.65,255.89086904448925,1.3999473114283951
11759.212,258.7419682040664,1.482300165746408
11780.723,258.24947010276907,0.3324404231211333
11802.789,258.53058047537485,1.781228819116829
11820.5,257.16871076552565,1.4848144359415976
11843.327,254.31017470730887,1.3448357106506248
11863.118,253.6295799831633,1.5930774046070213
11883.166,251.56174454316204,0.5813810050137204
11904.912,255.8965753132392,1.1569847106772602
11926.956,258.57498699245264,5.263207753720935
11948.086,248.91570205793047,2.0423481441827143
11969.551,253.9931437879996,1.299308075453149
11990.691,255.3912977602452,1.3864577081067966
12015.895,247.85064164274337,1.452015497417635
12037.316,248.4071332197136,0.3529837130095197
12058.796,253.0980369479649,0.6956406819534284
12079.849,251.03138662276533,2.5685204930827545
12105.248,255.6570401748525,1.9876851919274323
12124.583,253.01913649818056,0.8701877668305773
12146.495,251.13879991205624,1.412474153146747
12168.481,251.42428040746907,0.8549339323768892
12190.414,250.96816256782247,0.7318602806397894
12211.34,249.6533400802813,1.227277836571378
12232.921,249.2318205544177,1.6042965419405086
12256.477,248.95174624217293,1.4827762724022882
12280.774,249.37721064234103,1.3322521569434795
12301.036,248.9240190698803,0.2940953344047306
12321.276,250.7315436936512,1.3729762132867072
12343.121,246.9665079337188,0.7624581789404119
12365.281,244.30941964788175,1.1644445095978526
12388.308,243.00399847303908,1.207676580766401
12409.378,246.4034368607132,1.4510225043370562
12431.925,247.67023851530325,0.8244290241025993
12454.817,245.828192028346,0.5557230717885496
12475.39,246.1791753476704,0.7866964776282669
12495.838,244.42282246806465,1.1797272460582895
12521.35,246.7361603977909,1.2895316864650217
12543.717,249.9226267174943,1.7213319336477375
12564.615,244.27496932125192,1.2142870688424796
12586.604,247.01866418752644,0.2718651933668129
12607.644,248.09151906637945,1.176204353865209
12629.853,246.94327763185444,0.4525936115548393
12653.637,243.94829999483665,1.6819891525674522
12673.897,242.52904430354567,0.9550091381591798
12697.141,244.24252191664183,0.9593977007528568
12719.8,241.5919394471499,1.072175936925353
12739.914,247.29878007926465,0.4125142739378774
12762.577,240.0194403921716,1.1185804377555943
12785.627,241.4960201489729,2.0892692093580534
12809.27,242.23335017876877,1.9472923880165072
12830.152,242.14661205332536,1.3353903526336806
12852.706,239.34501708789696,1.292546675440167
12873.977,241.2383063619222,1.2981515105668255
12893.384,239.43542944264075,0.7882017929475992
12917.105,238.7942418996904,1.1224172467227629
12939.228,238.17670710529904,2.8238892225625056
12959.751,240.7072616624785,0.9467987697225267
12980.883,237.14801820813656,0.807610266534135
13001.057,239.41877622767905,2.092655675831412
13021.916,234.67711437690164,0.1914577309412327
13043.693,238.86480110696388,1.9379105503363825
13066.591,237.9090254487845,2.2357790640357043
13088.223,241.5552999030114,1.1589696936117737
13128.448,234.8172845805215,0.1100676311289004
13172.67,236.9100647065016,0.9623041858085902
13216.195,239.4098936541896,0.6936344335760807
13266.965,240.4197733780046,0.1462444425450011
13304.149,236.8602209016533,0.3427710519898511
13418.103,237.82629259075324,1.8701703755605317
13486.737,240.25427358439865,1.4095543785119695
13531.749,235.8255291423037,0.3958262052733707
13600.809,243.85979844717,0.1246485941870824
13645.346,238.54747522687632,0.4589387223881855
13712.826,241.59139134507328,1.232457312518845
13758.73,241.11490412197253,2.2202425085619373
13827.204,239.08435072354877,0.1000747031042747
13871.566,237.9515851667121,0.853522729781004
13940.228,240.5703386445421,0.5716538469801956
14001.788,235.91958262522573,1.0386939571796363
14022.859,237.8687866200197,1.085182218857085
14060.093,241.26916500368532,1.1731028607568064
14084.472,232.88000615516705,1.5244854427350565
14120.057,236.39805979670948,0.1335912368682948
14156.604,239.23818680138612,0.4192210920968253
14179.551,239.36064776017065,0.8117258297207374
14205.559,238.3613364190683,1.8905012806153203
14237.445,236.59503531115416,1.187944479381528
14273.024,240.21229536304708,1.333690692180971
14298.717,239.03677680876376,0.2153120259848627
14308.608,235.8013722168602,1.0996246937402585
14343.156,242.07891889663432,1.0942604116875656
14354.483,238.39005888170095,0.4909048767560898
14374.989,240.3252352260465,1.0466464124405748
14410.597,242.5463915992586,1.4233246603570189
14422.234,242.6046029893104,1.7556664246639746
14443.283,240.9489026098227,0.3454352294996154
14463.583,238.61345734214723,0.7652096648345446
14497.209,242.05538663336657,2.2467485024161653
14520.852,241.1441164192452,1.2655358550826663
14531.297,243.17377294839463,0.8112650514640422
14541.662,235.8323421305916,0.5643746168651799
14552.933,241.729807649943,0.4199457331951958
14563.518,239.85999766133676,1.4558688378127933
14575.933,239.76503812675872,1.7380011297995386
14586.185,237.9659544143376,1.137419276772159
14595.468,235.30951417343596,0.6136067550158362
14606.209,237.58632963935628,0.8517421853611764
14619.389,237.970723841254,0.7613632280058652
14629.987,240.102021264826,1.115425087948056
14645.202,238.11592408247537,0.5982874200896254
14652.256,234.62208303328032,0.3923638577013497
14664.087,233.41678590018037,0.2854185745483987
14675.119,234.33541847308945,1.0422984517358862
14686.374,237.4924390193572,0.2935424748877703
14696.689,228.9069484734525,0.4359536559765474
14706.958,228.1794674192821,0.7707868729967455
14718.124,230.5296191365043,1.0957759406440268
14730.883,234.53668908061692,1.2309773820367913
14743.189,231.47501430697423,1.1049347180389382
14758.515,227.9025821178081,0.74817334555484
14763.412,224.64412988292017,0.7824148574908405
14776.283,227.3927296719852,1.115766298891188
14787.831,227.78536212593403,0.2307607047581208
14799.135,228.50250206425628,1.0241105505628754
14810.614,227.5760816830967,0.4324443811369315
14822.391,226.50690563613685,0.6990972947328529
14834.75,228.4041873231957,0.0110291329282242
14844.772,227.87363187172843,0.4104262711964586
14857.525,233.1674385645637,1.4724014735922233
14869.177,232.22123314488175,0.585239377410893
14880.662,227.85150672131329,1.1093788571105547
14892.457,230.6301423785333,1.2447439252123165
14904.212,228.71528957073207,0.5395654126703556
14915.908,228.3587950722309,0.5325917883752289
14929.02,228.46979297537328,0.3350768817452795
14953.662,228.890295544307,1.226772803877645
14976.478,229.78672581367329,2.0894914892990077
14987.256,227.65098593922204,1.2191716092428555
15011.48,228.3650655244248,1.018065793815664
15034.777,225.38083520649624,0.8388666319299413
15072.534,228.9948074515769,0.2411723892784443
15095.81,234.47446894840783,0.0233359951423495
15133.528,229.6716065699829,0.6306009719621629
15156.516,228.8057322422929,0.892789496928765
15181.113,227.84358475209112,1.037400495015162
15218.875,230.18339813242304,0.3284627174706834
15243.443,228.26585961041695,1.2143647518603298
15280.741,225.77162913978188,0.9195516847257944
15320.944,227.64306095288396,1.4176123107845846
15345.237,228.9165200283857,0.9571559874779072
15382.846,225.38795165189697,1.571230379506173
15410.078,224.74311624898783,0.7531820269617046
15462.934,223.2710402890986,1.3773982635521775
15546.395,223.5305343345643,0.3466603422308149
15649.43,222.75834505097237,1.3704689967578514
15704.787,222.1576434042996,0.5663781946920314
15767.681,224.8571801594681,1.8704061395520677
15844.953,222.36468715588023,0.4366582225045342
15920.254,223.5107392974745,0.6480784761033369
15936.522,223.7681909549173,0.6393346693740717
15995.492,223.7224506956352,2.06239685526959
15998.978,224.4079901815647,0.1776103007038581
16014.67,222.39327867419095,0.8930941956766976
16033.783,224.4802221411913,1.4333403503178488
16083.0,224.242360124708,0.8203411414003624
16114.135,222.4115117516632,1.3094348918523633
16151.209,224.8625784974834,1.0247434087216374
16166.707,226.1908800011438,0.0716974625952148
16187.461,221.48984625503215,1.1769051062662972
16208.708,227.3244742360862,1.212502893063355
16222.957,223.2363153157684,0.5538872168341893
16240.564,220.48517092637948,1.0594512637382951
16260.727,218.56382460975144,0.966786897208744
16278.743,214.2212288682848,0.5945526313029851
16296.958,212.84367513227136,0.745912624557757
16317.429,214.5978424508933,0.5964888338406239
16337.251,212.4297076897044,1.1881058980916346
16354.228,214.8309479320241,1.2030660182080497
16374.888,211.2133503062316,0.4998022380031932
16391.886,209.50810411665643,0.8157282831605934
16410.706,212.94888538923,0.9405088128858664
16431.323,211.7934498012063,1.807132802023743
16458.381,217.18722610003744,0.2790567632566083
16472.034,213.9380167825644,1.113412954793218
16509.932,207.9470733853761,0.1229786763499027
16553.509,208.65010901966775,0.5212325806217732
16590.012,208.4614276166706,0.8394990019249473
16655.879,213.15469236971649,0.8085332659341804
16733.528,210.24939480334604,1.101934659645912
16797.545,205.5254887694144,0.9617411013425472
16869.315,205.18509194320177,0.961741101338764
16928.831,202.9290476816134,0.6750299739442969
16994.774,204.3247383426767,1.0886961808547952
17091.847,202.1012164231453,1.0521531700623763
17163.698,198.631089252931,1.3007075917823727
17236.245,198.29417538469403,0.7766600772342452
17287.896,195.87573909141443,0.4971330239233743
17311.873,194.651413175494,0.2660479794116596
17360.496,190.50284337603904,0.909033112140748
17385.299,193.02021337722056,0.3938085890898871
17410.026,191.8856673685563,0.2694578865526365
17434.971,190.75739808941375,0.4652994158041325
17460.991,193.00049226913703,0.4611048613792651
17485.291,191.4761142959414,0.5012961161068531
17510.868,191.5857343990861,0.0542380374536482
17534.589,192.37047527166976,0.6055699337887396
17561.459,192.6236483930915,0.2986373335841488
17586.251,196.9632882286796,0.8635092288984562
17612.004,195.79039289658348,0.2391586375813789
17637.878,193.21020619774924,1.2286838327921574
17665.057,194.3760035369042,0.5550286988169382
17691.214,191.5189594499656,1.3346281819664174
17717.049,189.5231390515472,0.5643022523211347
17743.75,190.411456374954,0.239656168513672
17769.713,191.7049630706334,0.3308067986893602
17797.574,187.25256339861124,0.6621632763188716
17825.432,191.20739896471937,1.2382021197722488
17854.603,189.51763426245728,0.7190495298839523
17880.995,190.2606131810841,1.1923060852551808
17907.158,191.7237910053392,0.2614694074127526
17935.988,188.54215704394005,0.9821428247799516
17965.825,188.6564989836098,0.1048647815606699
17992.042,188.9556833468375,0.64306592821333
18024.45,187.78531136917945,1.0961213128518206
18050.092,187.7267726989902,0.4985092999193974
18081.597,188.64072093684447,0.4703207056745532
18110.627,188.59044595252615,1.480500952833287
18139.755,184.87510819689115,0.2282884933132277
18173.163,189.0114574096496,1.126510504571672
18201.792,185.64837724764448,0.952822393234912
18232.181,188.87750852438725,0.4724033625177601
18264.682,188.52153443206024,1.1571075398909414
18295.805,189.03208526365853,0.1926020989846884
18324.393,187.1210722823276,0.8372036055175979
18360.352,188.73157502184156,0.1824327443683655
18391.159,188.2127161368506,1.1573613101510056
18422.425,188.46984987600771,0.748352699525746
18457.829,187.44688100668245,1.0657551240083385
18486.591,187.0879474951784,0.7036592363884459
18519.994,187.6657005045612,0.1414082867377205
18582.943,188.57060817148655,0.6179556385846688
18677.396,193.90294365325792,0.5018461940485749
18747.045,191.2709926696737,1.0138678790995133
18803.635,192.9746062473733,1.0994077802463795
18835.152,188.43646889385016,0.822752675659307
18866.913,188.49917580509657,0.5266764309515646
18993.816,192.7099140092297,1.7470090692053926
19152.786,191.0855048576497,1.121009894025455
19282.155,191.584282023408,0.8431811380039504
19442.725,191.51661846127155,1.3004106764959464
19568.151,188.95303905155183,0.245510014706893
19629.493,191.41876528996983,0.586308975486151
19791.188,193.60063929670704,0.5303197486983406
19883.882,196.05515178135056,0.4220959629087149
20018.696,193.72302093582547,0.7503628445232208
20213.307,190.47301770392272,1.2132922929495944
20407.601,189.9902249511881,0.65425815677705
20536.804,193.92595404672443,0.6926066273540084
20666.489,187.76130879373025,0.929976017927426
20828.392,192.65750201107116,1.0946641302511946
20964.428,190.87078412905063,0.817552208158084
21067.69,188.40117180397905,0.8671811282576847
21212.702,190.05178294941015,0.0684486554389842
21345.184,187.24278170075527,1.161275436474382
21562.853,185.22605259203291,0.3063097987544152
21790.593,187.9571766507431,0.2187480284144861
21913.629,190.7825043804128,0.9521422657387056
22055.594,187.38113959770783,1.5500556335948474
22230.886,191.2705275530216,0.9882063740189296
22292.2,187.2242115241,0.4499999999993532
22347.6,187.0216472475,1.25
22550.1,184.67921815,0.1999999999999886
22604.1,185.207494535,1.6249999999999998
22650.8,188.4866056205,0.2299999999999897
22749.300000000003,190.0135889095,0.2549999999999954
22833.6,186.13368892427505,0.125
22994.0,189.397339585125,1.125
23013.8,190.53007546182505,0.6449999999932948
23107.3,190.08050149462505,0.8249999999961194
23185.0,188.6041093398,0.869999999995999
23276.7,197.67188495835,1.2850000000033883
23358.4,193.532820435975,1.715000000000672
23445.2,186.77935625475,0.4649999999962196
23600.5,187.985359152,0.4059556626050127
23873.8,183.12944747075,0.0349999999999965
24077.7,184.6823772,0.6200000000021311
24269.8,186.726894870075,0.924999999998112
24643.6,180.565516782075,2.724999999999305
25163.6,180.69369987575,0.7849999999986874
25351.1,182.66041686875,0.0750000000000028
25543.6,183.378918299,0.6199999999962634
25786.0,186.541161542,0.579999999993848
26016.000000000004,184.51815170625,0.4050000000067836
26254.5,184.5716823558,0.5150000000027465
26315.000000000004,183.7673068405,0.529999999998045
26460.7,186.0128248,0.8100000000000934
26537.1,185.5131813934,0.5250000000019401
26703.7,185.43660435787496,0.3349999999957082
26857.8,186.43114764435,0.2249999999999943
26954.9,188.0846282088,0.8000000000041836
27042.0,187.3935686286,0.2100000000000079
27084.800000000003,186.271358966325,0.0649999999999977
27170.2,194.928153007,0.4792123166703289
27280.1,190.0614572262,0.4700000000080128
27441.9,191.953133708875,0.8401128396427262
27502.800000000003,191.23379793375,1.9150000000012248
27549.7,191.5337587855875,1.9441552364287011
27586.4,191.95350057715,0.379999999996584
27661.3,191.46001174245,0.6850000000005353
27687.0,192.712370759625,0.0750000000000028
27714.1,190.6078690615,1.6350000000018083
27718.6,189.304523923175,0.3150000000085556
27820.7,187.586392521325,0.8650000000017362
27866.4,190.5849616488,0.4900000000027678
27885.0,189.27849064935,0.115000000000009
27927.1,188.98634898427505,0.3949999999864722
27973.2,189.286787345625,0.3149999999970064
28097.3,189.95757968037495,0.6350000000014483
28214.1,191.816137593,0.2800000000000011
28271.6,191.5941937651,0.3200000000053114
28369.7,192.63389865615,1.66500000000237
28413.9,189.156744422,0.240000000000009
28426.9,189.6458701976,0.5600000000011746
28577.4,193.1001041801,0.0549999999999926
28626.4,192.8154242622,0.1550000000000011
28724.3,193.80250764615,0.2000000000000028
28841.9,193.8897968002,0.3400000000068137
28902.7,192.68758991725,0.5350000000032421
28948.6,193.2594032754,0.7299999999938761
29008.9,192.8724796734,0.4900000000027678
29150.7,192.26433856792505,0.1650000000000062
29205.3,188.0966829643,0.0349999999999965
29249.6,192.39141674277,0.9709449005998888
29323.9,191.0119519104,0.8900000000033877
29366.1,189.82870639425,0.3049999999999926
29410.2,189.2132558424,0.6607823645732186
29609.2,189.24251845,0.039999999999992
29681.2,189.77280474485,0.2450000000000045
29742.8,191.28441196185,0.2650000000000005
29837.800000000003,190.9669244527,0.1599999999999966
29952.1,191.375496743275,1.2250000000032073
29999.0,191.5673410079,0.2249999999999943
30101.5,188.2467783878,0.5899999999962806
30181.7,188.475316491,0.6199999999962634
30277.9,186.5173876995,0.0799999999999983
30312.7,185.9886464213,0.600000000000485
30400.5,184.2981804458,0.3000000000000113
30528.800000000003,182.936081584225,0.4349999999938179
30713.0,187.1432812245,0.2000000000000028
30775.7,190.3322228457,0.7299999999988598
31105.2,187.999563507075,0.0550000000000068
31356.4,188.4753253155,0.7800000000029627
31524.1,189.946864958,0.35999999998008
31792.1,193.71283854975,1.2250000000002377
31818.4,192.9276430365,1.125
31933.9,192.507154839675,0.1050000000000039
32026.9,193.3257604058,0.4300000000002301
32079.599999999995,193.90502757875,1.1200000000023491
32147.5,196.4166558834,0.4900000000027678
32150.6,196.9080549903,1.3050000000009678
32307.9,192.46518778166669,1.936098597121701
32361.2,195.247244775875,0.2750000000000056
32434.8,194.110429478875,0.5250000000019401
32511.1,194.606829741,0.3700000000067174
32594.6,194.4295742917,0.4100000000031659
32677.8,195.08012700165003,0.2850000000000108
32714.1,195.93861278715,0.2600000000000051
32813.100000000006,199.302319209275,2.5549999999999247
32880.9,196.70181603277496,0.804999999996869
33009.0,196.32609642975,0.4599999999867514
33148.3,197.646004846875,0.2150000000000033
33417.5,196.89622890765,0.5400000000038051
33491.399999999994,197.12526326695,0.4100000000031659
33555.3,197.79975641045,0.2749999999999914
33758.100000000006,200.03106638475,0.6850000000005353
33841.00000000001,195.627148340675,0.744999999996109
33885.7,195.2662323655,0.4537375648746408
33907.49999999999,194.46060405395,0.6649999999936803
33925.899999999994,194.47027317217496,0.0349999999999965
33957.0,196.47191999325,0.4450000000057815
33991.5,195.41091567172495,0.3250000000058207
34064.200000000004,195.93175875275,1.0150000000011066
34190.3,194.8874767012333,0.6165044831788826
34250.8,195.7913334535,0.7600000000027418
34312.8,196.266613322,0.2399999999999948
34334.4,196.201852015,0.324999999994627
34556.9,199.6474818549,0.7399999999986863
34602.6,199.48892964,0.6400000000049385
34620.0,200.2924224414,0.4300000000086905
34647.8,198.89171239745,0.979999999998111
34710.6,197.16130487225,1.195000000000448
34825.6,202.795646976,0.0300000000000011
34866.8,203.0917776366,0.4800000000079671
35089.6,198.7828307793,0.5749999999956976
35165.8,203.60050857025,0.3599999999901855
35281.7,205.3761847385,0.0999999999999943
35337.0,204.46706210535,1.2200000000008204
35359.4,203.6185257355,0.8700000000001806
35383.0,201.35769286432503,0.2550000000000096
35445.8,200.29875552115,0.804999999996869
35497.09999999999,201.06305549865,1.0050000000016042
35508.5,202.041266727,0.8999999999946643
35530.7,201.88660042935,0.6500000000004478
35567.99999999999,201.8276293501,0.9899999999966662
35672.50000000001,201.81310262977505,0.2449999999999903
35701.600000000006,200.5019756069,0.6299999999997875
35854.6,203.2886587452,1.0699999999962844
35948.3,198.799944457875,0.3650000000069052
36086.5,204.123014498,1.320000000001067
36173.100000000006,201.7797825328,0.2300000000000039
36261.8,200.09164615275,0.6250000000058207
36506.3,198.9617645275,0.949999999998162
36591.8,205.10239260525,1.1350000000017078
36669.6,203.76951759,0.1599999999999966
36712.8,203.7543230524,0.0099999999999909
36820.2,202.76033458287495,1.1550000000016227
36939.8,203.514345808,0.2300000000000039
37023.4,206.3568576216,1.125
37118.600000000006,210.157174784,0.8920951873796128
37143.2,207.34584681975,0.1599999999999966
37296.5,208.25190909,0.9500000000058209
37302.0,209.65639176,0.5861740355881742
37338.1,206.586570978,0.1200000000000045
37431.0,212.5055286975,1.469999999998404
37461.3,209.8366778265,0.5349999999964422
37618.600000000006,214.2958990008333,0.398427464471128
37647.5,212.135905967,0.7150000000014083
37777.2,212.09241359079,1.6164170253985015
37895.0,214.2064208262,1.0899999999963843
38000.3,211.213425214,0.6800000000029275
38088.5,214.3603925775,1.4849999999992864
38165.59999999999,208.335059710425,0.5850000000064973
38192.4,206.5229252229,0.4500000000074376
38284.2,207.411157001,0.1700000000000016
38359.2,207.99977968,0.6700000000022761
38412.8,210.7947524055,0.6400000000049385
38472.9,207.2301825856,0.039999999999992
38533.2,210.07869060075,0.4045711034847457
38573.6,208.23327262075,1.98499999999778
38621.8,204.7919056404,0.45999999999466
38670.8,204.455553872625,0.7428702780432987
38723.4,206.543994036,0.305341339050326
38812.6,206.085787558,0.2564067948484305
38874.7,205.650989878,0.019999999999996
38955.6,205.98808959113333,1.3127621431337817
38976.8,202.3448524395,1.4150000000013492
39053.6,204.2829889158,0.6750000000071142
39120.50000000001,207.323585223,0.2000000000000028
39265.7,208.685091262475,1.6950000000023764
39303.2,209.495641888,0.4700000000002724
39319.9,209.326456305,0.4849999999891146
39339.8,207.868080375675,0.7850000000033219
39379.4,204.77737582488,1.0611145084291942
39402.9,191.53156337775,0.9049999999983728
39454.4,198.138503631,1.0315279928331738
39515.4,200.402973875925,1.3649999999976887
39621.00000000001,195.70159247466665,2.0779837984622525
39709.2,196.6742707386,1.0599999999995222
39757.100000000006,193.581354240625,1.1550000000016227
39884.99999999999,193.873098888,0.2003330560175495
39900.5,197.55250733926664,0.6702569988090663
40042.7,192.5956555545,2.213300702571336
40112.1,193.08131430805,0.444999999989431
40145.3,193.690311850125,0.4150000000024965
40308.4,197.90454896091208,1.3930725903897043
40485.94648,201.32268604261677,1.3724813828002622
40553.43999999997,201.48445246633037,1.0892403637428787
40754.3,200.46615960740988,0.7441562013443747
40907.388600000006,200.96619797440223,1.9203545824214685
41167.90404000001,201.5320304267976,1.8798664059500017
41303.5942,204.18539759772148,1.544991580352578
41605.9736,205.4900663672548,0.9872666419557048
41759.2075,201.12434903906265,1.0021199469320117
41900.68680000001,199.89056576724948,1.3635850489019288
42315.817500000005,200.8960917386434,1.2433347740954794
42628.3001,204.82674347655345,0.1915457102241664
42849.867,206.35415471090323,1.0698409764578276
42968.0782,204.26047843855287,0.7594749648436543
43171.885,203.1620719019197,1.4258914397439997
43350.662500000006,201.66462398159248,1.8134385343562365
43515.82055000001,204.2219503591491,0.8616038364003018
43661.15755,203.18091908152516,1.0517697107880737
43809.01,201.68967291161368,1.1313123305171475
44095.19614999999,204.30591912829976,0.9218977869079986
44204.44639999999,201.99679013111552,0.5218111243675314
44350.46499999999,206.22156348649372,1.8592963740185475
44490.50250000001,204.82615482707928,1.3221096734802074
44655.53499999998,212.28537276723185,0.8466068668648008
44816.0105,210.4383494018988,0.561588532800335
44996.15699999999,211.4870756888481,0.3493301859454368
45142.015,207.9533487146811,0.7073278472540326
45280.38750000001,213.9182293789752,0.8169262165638407
45460.322400000005,214.5013713408328,0.8088297806862884
45696.05500000001,217.51186974587569,2.157603814409564
45877.10855000001,222.71746789063323,0.3286856627123699
46057.33380000001,221.7721744693644,1.7364902686179846
46181.255,219.24687294689664,1.1946939040952502
46308.5475,218.34888238109227,1.4496019365237585
46635.902,216.41663219437743,1.436574184581793
46746.4378,214.1828461994789,0.9871078824358178
46887.935000000005,210.83763232817876,1.5006610348474876
47086.27499999999,210.2720270577908,0.5322358946823342
47314.97619999998,207.5966069009341,1.2005871906427468
47524.35689999999,204.2599351400208,0.9756946684398324
47710.390000000014,203.7878948817506,0.3866234346912695
47943.7511,205.65965094423697,0.9718978970553032
48223.18175000001,206.18208295015896,2.047217959921956
48427.85999999999,200.97514386943084,0.5644855670985924
48987.95264999999,201.57862918592315,0.8803304688920406
49302.98039999999,200.12004323663527,0.4030256278081099
49462.65525,204.0580378539165,1.2210021850397488
49728.31500000001,203.8713291389937,1.259233519834919
50006.51000000001,204.37676012041777,1.6493255086518053
50220.5469,206.744026938688,0.4755074572432232
50527.41474999999,207.40999031146947,0.4590722921753041
51029.17010000002,207.63643592103045,0.9100466307214294
51431.4466,211.57084710504336,0.392047133733274
51779.530000000006,215.07712976760632,1.772271181941183
52086.81984999999,213.81781717736385,0.7325164623315384
52384.780900000005,219.08254103386616,0.2751713515158044
52573.676,220.7236106732058,0.3561663133683005
52800.742500000015,221.1479059817251,1.0917934144826629
53108.25250000001,223.71721395019227,1.6788952874417788
53400.45315000001,223.261990272584,0.8871385661997827
53806.25204999999,221.13790909272413,1.4904032668909086
54156.60319999998,220.3743647767866,0.8511190264639169
54387.125000000015,217.95673832028172,1.837334957726648
54694.61249999999,213.88701388029443,1.1375358885809406
55014.48765000002,216.8579026931373,0.6129710484895246
55293.45915,208.19350573591464,0.7156257494959056
55553.13,214.7766439566713,0.5454852994420472
55909.53739999998,210.2748744860088,1.2344137510179
56237.12940000001,207.67411308560085,0.8119068846984854
56503.58249999998,212.4366913146648,0.6749285964465614
57210.94264999999,215.69652704379405,0.6265091105747927
57476.26499999999,217.3763243825505,2.487305255395337
57843.72470000001,223.71829246142204,0.490766644067691
58217.01230000002,224.3533976707648,0.8005830542803068
58433.31999999999,223.14855036746204,1.2246646335694424
59105.06914999999,231.2935761342168,0.1473166956652252
59380.40500000001,226.3532918442512,1.37189238114501
59733.46935,223.45481611599996,0.6960136714703895
60109.88306666667,216.6606807562948,0.8375778350612826
60373.05923333333,212.87091028761077,0.709019391700449
60516.6315,217.25313232793505,0.6007977348797495
60817.61723333333,213.77895408048403,1.3839432095256932
61060.877466666665,207.954258455404,1.2594333599101175
61234.84403333334,210.56770709704924,1.010183663305018
61554.1108,210.90340290966515,0.7008887042887728
61900.7233,206.3768851547348,1.1971417450755473
62552.00602222222,202.5567478249938,0.945068176947245
62774.57333333335,202.7086782342372,2.335114615637047
62960.89566666668,200.14813320360096,0.6469126275966279
63555.79266666668,197.40343593339367,1.220084715487215
63896.87993333334,197.242366435254,0.7811382073070093
64113.77896666667,199.7280299125443,1.3110146840822283
64657.29413333334,203.6954666984904,0.5062972981758816
64867.4226,201.6702793802828,1.1874563560641034
65046.72066666667,199.17080568979725,0.6587740542098689
65546.44649999999,208.9757824141881,3.3382138526070637
65764.51269999999,198.17360428453375,0.7423763436748283
65937.23266666668,200.59108353507256,1.4596360005568931
66439.3055,204.3859977224767,2.8744808900052328
66959.71066666667,207.20522458616009,1.6867769716178052
67314.5875,201.14189964947187,2.002321175210418
67729.6785,203.758804582249,1.0599860055072454
68146.18849999999,200.17043811242027,1.6175015368730532
68619.99346666667,203.42547248921588,0.5692673058598249
69081.5285,205.42035908699597,0.8930644015592242
69592.01713333334,211.2583877926514,1.1272728187156154
70052.1648,215.55081317503783,1.775314860630425
70427.26266666668,220.32661122546068,0.5476438842363787
70928.87216666664,225.17215906542415,1.3788961042233665
71279.16903333334,235.01577011604036,1.2390352850820374
71693.65023333335,237.5634446299485,0.7545232842425287
72092.81486666668,239.45635365708617,0.8837431869705584
72490.14999999998,232.7908655423784,0.9362796900036766
72866.04366666666,232.33476105332247,0.9669352322296012
73219.31633333334,230.89095840633556,2.0903064188268137
73750.95566666668,232.73507960739272,0.9352211498299682
74221.48233333335,231.3339802376306,0.7002675660137408
74525.645,241.2403946279206,0.9823388858331388
75067.95149999997,243.2700059361268,1.6234082934671858
75545.13366666668,249.52367746086176,0.739188557197642
75850.65049999999,249.9395723649484,0.6312608341102495
76247.47216666667,239.34140543854343,1.1246540641246754
76696.73599999998,238.01317290414423,1.980602707725798
77056.4805,231.68344444807624,1.5425260726863828
77615.91499999998,224.91795384960736,1.2971109768474158
78080.753,226.64717080896844,0.8409856276132861
78507.94999999998,224.1427524434798,0.6475957884285086
78969.54013333334,227.2993454606292,0.5594774056151716
79410.36299999998,229.25533496544975,1.3440056547131476
79877.75800000002,234.7426828516585,0.7243919054640138
80330.36249999997,230.6005847869417,0.6188836081658208
80721.78550000001,233.92301778529907,1.4557639895311745
81206.94249999998,230.32953997112173,0.7956939133508402
81711.43100000001,234.13416436720672,1.1690031548929674
82068.79049999997,238.88896579028287,0.9379588522496312
82526.7192,240.87295493897983,1.6390087862534692
82988.26099999998,246.32246412221588,0.6979685218656663
83554.11216666667,247.1003682352176,0.9963628866853148
83940.89999999997,250.78745315401204,0.7955495338655367
84357.43850000002,243.16072770547603,0.7588685397294654
84936.76899999997,238.42310352799865,1.098171452929049
85367.46933333334,234.68610329976863,0.6026558497435035
85890.6938333333,228.7630419503089,1.5702164153308855
86498.32453333335,223.3774166240217,0.7248273484194657
87027.63600000001,221.05561058442584,2.319218942693825
87581.18,223.62974404078184,0.9255528771536036
88136.18,217.8009629500103,1.570896058914503
88701.04959999997,223.98941409211108,0.5037664470855885
89244.71600000001,227.3783735355835,1.0994600980061504
89696.25753333332,228.87834564758057,0.5827139079255338
90317.294,229.73738145870652,1.2932470859753369
90834.015,231.55865048827812,0.5657796451497026
91445.03066666667,231.12075636405777,0.5746336904186475
91949.738,233.7418402936756,1.1116439014712285
92667.81750000002,232.45568865935812,2.220579734316614
93424.7096,235.1600042216258,0.825646178065128
93823.21366666668,238.2070953273144,0.7742785032639387
94568.54833333332,242.40636016295772,0.5336583881577264
95234.11400000002,242.9141171772084,1.0680429441934671
95921.48316666664,246.19646528867355,1.542984026657226
96474.88033333336,245.7647295013877,0.5968319850410163
97270.891,242.35406601147716,2.0356171058595214
97927.46450000002,239.85849997327503,0.4490202478734186
98583.724,243.179887786166,0.2329829887657525
99361.42233333336,242.98971287919505,1.0068160467597298
100076.84966666665,245.62557787811392,1.069157605996378
100543.17833333334,247.872113110669,1.0978904362663182
101325.67500000002,244.762424566832,1.1289953724167154
101971.885,240.0715355271941,0.9399178816334112
102764.77666666664,237.07327561500705,1.7537460901846784
103308.74000000002,240.68407213384208,0.9370622200614068
104274.33333333334,247.76162928794557,0.8302234054354171
104331.2290909091,238.88,1.55
104966.44545454546,242.36,2.64962962962963
105507.14848484848,248.78,9.96
105989.87272727274,257.58,4.2
106256.37575757576,241.4,2.64962962962963
106368.25454545456,244.83,3.05
106974.81818181818,240.34,2.64962962962963
108401.90909090907,236.43,2.64962962962963
109129.41818181818,244.44,1.58
109839.9696969697,244.13,2.64962962962963
110555.36363636365,246.69,2.64962962962963
111876.80000000002,257.93,2.94
112636.06060606062,256.79,2.64962962962963
112941.72727272728,263.12,2.64962962962963
113119.2696969697,264.75,3.64
113678.63636363635,260.58,2.64962962962963
114250.0,267.9,2.64962962962963
114815.39393939394,275.07,2.64962962962963
115446.67272727271,276.96,1.63
115908.57575757576,273.16,2.64962962962963
116475.57575757576,273.63,2.64962962962963
117185.55454545454,274.03,2.64962962962963
117619.36363636365,274.98,4.03
118658.26969696968,277.72,2.64962962962963
119242.51515151517,267.74,2.64962962962963
119715.5,274.59,1.3
120144.12121212122,268.73,2.64962962962963
120542.90909090907,276.82,2.64962962962963
121426.01515151517,279.48,2.26
121841.9696969697,276.61,2.64962962962963
122100.00181818182,278.25,3.4
122292.36363636365,279.0,2.64962962962963
123013.95454545454,279.16,2.64962962962963
123630.90909090907,274.6,6.56
123959.48484848483,275.87,2.64962962962963
124404.51515151517,281.54,2.64962962962963
124817.45454545454,275.52,2.64962962962963
125292.63333333336,276.81,2.78
126013.70303030303,275.15,2.64962962962963
126699.90909090907,273.02,2.64962962962963
126962.0303030303,274.93,2.64962962962963
127313.8303030303,275.78,2.64962962962963
127503.5496969697,276.88,3.83
128024.47636363636,276.03,0.28
128172.66666666669,280.72,2.64962962962963
128466.72727272726,285.76,2.64962962962963
128878.0,271.08,2.64962962962963
129078.03636363636,268.44,1.92
129655.63636363635,260.61,3.45
130373.0303030303,251.84,2.64962962962963
130818.36363636365,250.84,2.64962962962963
131322.19999999998,241.13,1.89
131976.24242424243,232.28,2.64962962962963
132709.87878787878,228.0,2.64962962962963
132931.95757575758,224.63,2.64962962962963
133775.80606060606,222.74,2.64962962962963
134522.2787878788,212.43,2.64962962962963
136565.54545454544,203.74,0.79
137763.42424242423,199.18,2.64962962962963
138834.296969697,198.55,1.08
139949.96969696967,192.75,0.19
142360.5618181818,196.51,0.95
143651.30000000002,194.59,2.64962962962963
144799.59090909088,196.02,2.64962962962963
146108.24363636365,193.59,0.64
148233.46545454545,195.81,4.05
149466.14545454548,201.78,2.64962962962963
150594.8848484849,202.51,2.64962962962963
151444.85454545452,202.35,1.86
153774.6575757576,198.78,1.73
154889.1272727273,196.3,2.64962962962963
156306.8181818182,189.38,2.64962962962963
158666.0,189.0,3.0
159716.0,185.5,3.0
160154.99999999997,187.5,3.0
163858.0,204.3,3.0
164334.65000000002,196.5,3.0
166143.0,191.6,3.0
166784.00000000003,190.1,3.0
167914.1,186.7,3.0
168745.5,183.8,3.0
169514.40000000002,196.6,3.0
171939.0,197.8,3.0
174442.0,197.7,3.0
175833.35,196.0,3.0
176853.0,190.3,3.0
177533.92500000002,189.4,3.0
177729.5,190.1,3.0
179873.0,207.7,3.0
181302.0,213.2,3.0
182196.0,217.7,3.0
183258.0,198.1,3.0
184371.0,199.7,3.0
186411.0,203.4,3.0
188437.0,210.7,3.0
189806.5,231.3,3.0
191254.5,231.4,3.0
191964.075,220.3,3.0
193074.5,218.0,3.0
195126.50000000003,226.5,3.0
195799.5,220.0,3.0
197587.35000000003,226.4,3.0
198327.45,241.2,3.0
198938.0,242.6,3.0
201752.0,250.9,3.0
202744.5,239.1,3.0
203842.0,247.6,3.0
205203.275,244.4,3.0
205575.755,231.9,3.0
205944.575,232.2,3.0
206359.935,228.6,3.0
206896.85,226.3,3.0
207240.3,229.4,3.0
207622.89,231.4,3.0
208108.775,238.1,3.0
208274.525,237.2,3.0
208821.57,230.0,3.0
209082.255,240.5,3.0
209445.04,242.2,3.0
209966.085,244.6,3.0
210175.17,243.9,3.0
210832.06500000003,247.2,3.0
211058.465,252.0,3.0
211577.835,246.9,3.0
212078.745,239.5,3.0
212533.075,257.4,3.0
213330.35,243.4,3.0
214158.81,251.2,3.0
215080.745,241.4,3.0
215912.34,240.3,3.0
216306.15,242.6,3.0
216864.965,247.5,3.0
217415.635,251.7,3.0
217694.96,251.1,3.0
218200.785,245.3,3.0
219067.605,240.5,3.0
220935.615,214.1,3.0
221697.46,216.1,3.0
222539.57500000004,207.1,3.0
223129.035,208.8,3.0
224271.50500000003,205.6,3.0
226259.82500000004,203.3,3.0
226849.835,215.7,3.0
227719.97500000003,235.5,3.0
228439.415,234.5,3.0
228766.99,233.1,3.0
229572.04500000004,224.5,3.0
231129.66,232.4,3.0
232191.77,233.9,3.0
232856.06,241.6,3.0
235990.855,245.2,3.0
236426.005,252.1,3.0
236850.8,241.4,3.0
237391.655,247.4,3.0
237905.53000000003,243.1,3.0
238425.335,239.1,3.0
239008.26,245.6,3.0
239387.03500000003,245.8,3.0
239738.66,247.4,3.0
240190.365,252.8,3.0
241333.045,259.7,3.0
241855.4,263.2,3.0
242685.46,279.0,3.0
243138.52,280.2,3.0
244121.765,263.7,3.0
244582.335,252.3,3.0
245057.01000000004,249.9,3.0
245564.0,236.7,3.0
246188.81000000008,230.4,3.0
246870.48500000004,219.4,3.0
249099.87000000005,214.7,3.0
251390.57000000004,200.2,3.0
252132.25500000003,213.9,3.0
252953.7200000001,195.4,3.0
253756.68000000005,196.7,3.0
254587.10500000007,195.4,3.0
256298.66,199.0,3.0
257060.58500000005,201.9,3.0
257908.0650000001,204.0,3.0
259396.89500000005,203.9,3.0
260894.24000000005,209.6,3.0
261293.92000000004,205.7,3.0
262054.57500000004,208.9,3.0
262817.0950000001,214.6,3.0
264583.76000000007,228.1,3.0
266134.45000000007,199.9,3.0
267007.0,211.7,3.0
268257.83,188.7,3.0
268995.5,187.2,3.0
269940.47000000003,194.2,3.0
271036.0350000001,198.8,3.0
272149.6400000001,184.7,3.0
273165.8300000001,190.4,3.0
274164.07500000007,193.9,3.0
275154.63500000007,194.1,3.0
276257.7150000001,198.4,3.0
277443.0000000001,193.2,3.0
278590.9050000001,202.2,3.0
279619.0450000001,204.5,3.0
280558.95,211.0,3.0
281400.74000000005,215.3,3.0
282592.89,223.7,3.0
284434.68000000005,231.3,3.0
285931.32000000007,228.0,3.0
286609.9550000001,226.4,3.0
287443.86,231.4,3.0
287820.05000000005,230.4,3.0
288286.42500000005,231.0,3.0
290184.5,234.9,3.0
290863.79000000004,220.4,3.0
291562.87000000005,217.1,3.0
292818.31000000006,207.6,3.0
293650.74000000005,206.0,3.0
294455.29000000004,206.7,3.0
295364.225,212.7,3.0
296828.86500000005,213.1,3.0
298704.61500000005,217.1,3.0
299376.28,224.4,3.0
300115.86500000005,231.0,3.0
301025.61500000005,236.1,3.0
302084.19000000006,239.0,3.0
303116.00000000006,236.0,3.0
304100.92000000004,240.2,3.0
305099.81000000006,240.7,3.0
305778.1500000001,250.2,3.0
306581.11500000005,248.6,3.0
307463.2650000001,244.8,3.0
308325.70000000007,225.8,3.0
309423.73,227.8,3.0
310010.975,226.2,3.0
310776.1000000001,233.2,3.0
311670.025,237.8,3.0
312593.43000000005,239.0,3.0
313343.12500000006,241.9,3.0
314051.85000000003,251.6,3.0
314836.2100000001,256.7,3.0
315657.5150000001,257.1,3.0
316450.72,246.8,3.0
317149.87000000005,272.6,3.0
317932.54500000004,251.6,3.0
318852.59500000003,245.2,3.0
319829.6600000001,233.4,3.0
320916.3350000001,255.8,3.0
321817.44500000007,249.2,3.0
323383.34500000003,257.2,3.0
324166.915,260.4,3.0
325007.4050000001,260.3,3.0
325823.0,260.5,3.0
326591.0900000001,266.2,3.0
327435.835,264.0,3.0
328086.81000000006,266.1,3.0
328770.75000000006,270.1,3.0
329414.29,271.9,3.0
330053.32500000007,275.1,3.0
331293.55000000005,265.0,3.0
332144.11500000005,271.7,3.0
332798.62000000005,272.6,3.0
333500.09,273.1,3.0
333997.55500000005,282.4,3.0
334349.49500000005,289.1,3.0
334543.885,288.4,3.0
335102.30500000005,298.6,3.0
335707.51000000007,278.1,3.0
336377.54,285.8,3.0
336867.81999999995,278.6,3.0
337516.67000000004,270.5,3.0
338213.50000000006,255.7,3.0
338991.43500000006,241.9,3.0
339983.8900000001,239.6,3.0
340735.0800000001,234.2,3.0
342791.56000000006,250.1,3.0
343923.5850000001,200.7,3.0
345000.8500000001,205.2,3.0
346320.905,204.8,3.0
347544.8050000001,211.9,3.0
349139.0850000001,220.3,3.0
351676.3450000001,221.1,3.0
353174.595,216.2,3.0
354412.9750000001,209.4,3.0
355817.7699999999,209.2,3.0
359010.3800000001,193.0,3.0
360683.84000000014,186.1,3.0
362567.6,185.8,3.0
365190.23000000016,201.2,3.0
368065.9,206.3,3.0
371385.8700000001,201.9,3.0
373457.6150000001,199.9,3.0
375204.5999999999,214.7,3.0
377034.8800000001,224.6,3.0
378760.2400000001,229.6,3.0
382931.4849999999,227.0,3.0
384557.4450000001,240.0,3.0
386283.71000000014,239.1,3.0
387824.8150000001,246.8,3.0
389410.2050000001,245.8,3.0
392287.25,258.1,3.0
392977.1515151514,259.5,3.0
394003.6909090909,273.6,3.0
394906.1030303031,260.7,3.0
398275.1272727272,276.3,3.0
399926.1636363636,277.1,3.0
400710.08484848496,283.2,3.0
402140.91515151504,283.1,3.0
402859.8363636364,275.7,3.0
404313.296969697,276.5,3.0
405062.6303030303,280.5,3.0
406542.8000000001,279.6,3.0
407282.4969696969,285.6,3.0
408818.7151515152,284.5,3.0
409598.2363636363,274.7,3.0
410453.8,282.6,3.0
411347.96969696967,283.5,3.0
413258.65454545454,274.9,3.0
414210.8606060605,264.9,3.0
415179.5939393941,271.6,3.0
415945.6060606061,276.4,1.6
416425.3151515151,271.7,1.2
417440.4424242424,273.4,1.5
417956.7818181817,271.8,1.7
418505.3030303029,274.6,1.8
419575.7818181819,273.7,0.8
420133.7636363636,271.2,1.5
420701.7636363636,273.8,1.6
421912.1454545455,268.6,1.4
422532.6545454545,266.4,1.8
423225.496969697,270.6,1.1
424507.74545454566,267.7,2.9
425132.26060606056,268.3,1.9
425740.9090909091,270.8,1.1
426237.2727272728,270.0,2.5
426621.5636363636,265.4,2.0
427154.9636363636,255.3,1.3
427941.3999999999,252.1,0.7
428840.2000000002,248.2,0.9
429178.3636363638,242.5,1.5
431023.76363636367,219.7,1.7
432179.3090909094,227.2,2.2
433850.2969696969,211.5,1.7
434379.0727272728,207.6,1.3
435939.69090909103,209.8,1.6
437485.4181818178,207.5,1.3
439063.418181818,200.3,1.6
440659.5818181819,201.7,1.6
442230.775757576,201.3,1.1
443844.6484848488,202.0,1.5
445331.72727272735,199.1,1.1
447219.18181818177,201.1,0.9
448459.1818181816,203.5,0.6
449571.03636363655,208.1,1.8
450642.8909090911,201.7,1.7
451747.2787878788,201.2,2.1
452735.8363636365,204.9,1.4
453775.6424242424,201.9,1.8
454864.3090909089,198.4,1.3
456001.6121212118,193.3,1.6
457114.43636363646,192.5,1.0
457745.1272727274,199.1,0.6
458208.2909090909,204.3,1.0
458794.00606060616,203.3,1.0
459211.5515151518,208.3,1.4
460252.2121212121,202.4,1.3
461286.0606060607,195.5,0.8
462414.1030303032,190.7,1.9
463526.6484848482,194.4,0.7
464599.4727272725,199.9,2.6
465265.3636363636,205.2,0.9
465601.7272727272,210.0,0.7
466632.29696969694,208.1,2.2
467706.64242424245,204.4,1.9
468877.7090909092,203.4,1.2
470040.1272727275,205.5,0.9
470725.97575757554,206.5,0.9
471200.793939394,215.5,2.3
471824.53333333344,218.7,0.9
472263.0666666664,229.2,1.4
472863.2727272727,232.7,0.7
473217.81818181806,243.7,1.8
473800.8484848487,243.9,1.1
474092.3636363638,245.6,0.9
474974.10909090936,241.2,1.7
475925.2000000002,233.1,0.6
476949.7999999998,232.8,1.1
477941.0000000001,236.6,1.0
478892.4606060604,239.1,0.9
479402.95151515136,236.5,1.2
479775.69090909074,231.3,1.0
480328.2969696968,220.8,0.7
480726.6848484848,218.8,2.3
481662.9636363636,223.8,1.4
482580.9636363639,223.4,1.7
483395.3818181817,227.3,1.3
484179.787878788,231.4,1.1
484936.1818181817,231.4,1.3
485667.5212121211,231.2,1.2
486398.6727272727,233.0,1.4
487129.2545454547,232.9,1.2
487848.0666666667,231.3,1.2
488565.45454545465,237.1,1.8
489302.0909090908,242.0,0.2
489719.793939394,240.9,0.4
490026.2909090909,252.8,2.5
490494.9090909091,249.3,2.7
490733.9515151515,242.6,0.6
491451.0787878788,243.3,1.3
492154.5454545456,246.7,1.6
492863.7757575757,243.7,1.4
493593.1090909093,239.7,1.9
494300.39393939386,239.1,1.2
495024.1272727274,238.3,2.0
495725.6909090908,238.5,1.4
496444.0666666664,237.6,1.6
497187.6303030304,236.4,2.1
497965.97575757577,236.5,1.7
498737.4181818184,232.8,0.8
499526.7818181818,230.6,0.5
500304.7818181817,230.8,1.0
501083.9636363636,228.2,1.7
501861.424242424,230.8,1.4
502637.6363636362,231.2,0.8
503418.92727272736,232.0,1.6
504177.187878788,232.2,1.4
504911.781818182,234.1,0.8
505684.2424242425,233.9,1.1
506483.7333333333,235.5,1.8
507312.3999999999,236.0,2.1
508117.72121212096,238.2,0.9
508940.9818181818,237.0,0.8
509784.981818182,240.3,0.7
510652.3272727273,233.4,1.0
511512.4484848484,236.4,1.4
512363.7818181817,235.2,0.5
513204.7393939395,242.0,0.8
514033.1151515151,238.2,1.0
514847.7818181817,239.2,1.2
515650.7757575757,241.5,1.3
516420.9818181818,243.0,0.5
517154.981818182,247.2,2.2
517876.0121212122,246.2,2.6
518600.4606060606,245.5,1.1
519329.1272727272,245.3,1.3
520073.3575757573,247.7,1.4
520821.80606060615,245.5,0.8
521574.4727272729,243.5,0.7
523801.8242424243,241.9,1.4
524570.8666666667,236.8,0.8
525337.0,235.8,1.2
526106.9999999999,233.7,0.7
526895.806060606,230.3,0.8
527698.6909090909,227.8,0.6
528516.6909090912,224.7,1.9
529403.4303030304,222.7,1.0
530290.5090909093,221.2,1.2
531201.3818181816,220.3,0.5
532078.7575757573,220.7,0.9
532592.5272727272,214.5,0.5
532987.5696969698,211.4,2.2
533554.3696969697,204.4,0.6
533932.2363636366,200.0,0.8
534668.181818182,195.1,0.7
535043.5636363637,193.8,0.8
535695.0545454544,190.5,1.7
536178.4727272727,199.8,1.2
537334.4727272725,199.4,0.8
538440.7636363636,205.0,0.9
539513.8181818181,206.4,0.7
540583.818181818,212.9,1.3
541653.8181818181,211.2,0.7
542740.206060606,205.0,0.8
543844.872727273,203.6,1.2
544885.987878788,208.1,0.8
545864.9090909091,210.3,1.6
546830.1454545453,209.6,1.6
547806.6787878785,209.7,0.8
548770.7757575759,204.6,1.9
549720.1090909094,202.5,1.6
550230.7272727275,208.8,0.7
550582.5454545455,213.6,0.9
551381.0909090908,215.2,0.5
552111.0909090908,219.9,0.5
552681.5636363637,221.7,1.4
553020.9212121211,222.3,0.9
553245.9878787878,226.3,0.9
553619.3939393939,222.1,1.1
553808.6545454544,220.3,0.3
554479.6181818182,223.6,1.1
555158.3454545455,224.3,2.2
555842.3454545456,226.7,1.2
556407.0242424243,233.9,1.5
556923.2909090909,241.0,1.4
557198.6545454545,243.0,0.8
557385.0545454546,249.1,2.1
557657.1393939393,244.0,1.5
557838.206060606,250.5,0.8
558154.5636363635,245.6,1.3
558306.0181818182,240.4,0.9
558777.6909090909,238.1,1.2
559316.0060606062,234.5,1.0
559636.7636363636,229.7,0.4
559872.6181818182,230.2,0.7
560436.618181818,230.3,1.5
560965.6000000001,228.3,0.9
561450.7393939394,231.6,1.2
561888.0727272726,231.9,1.2
562310.4909090908,234.6,1.5
562655.6000000001,234.1,0.9
563134.8545454546,240.1,2.1
563535.7393939394,242.3,0.5
563927.896969697,245.7,1.8
564310.5636363636,245.8,0.5
564724.3575757574,247.6,1.5
565134.296969697,251.4,1.7
565538.9636363637,252.4,1.7
565895.6424242425,252.6,1.0
566245.303030303,251.4,0.7
566588.6363636364,253.7,0.8
566918.3515151516,254.3,1.6
567239.4909090908,253.9,0.7
567548.6545454545,254.5,1.6
567884.8909090909,253.2,0.9
568204.1393939394,253.9,1.2
568534.2363636364,252.8,1.1
568930.1454545455,253.0,0.6
569314.5939393939,250.2,0.4
569683.9272727272,251.3,1.3
570067.2484848484,250.0,1.3
570463.4606060607,251.3,1.3
570862.1272727273,251.8,1.2
571261.4424242425,251.8,1.3
571633.3575757575,249.6,0.5
571974.6909090908,251.6,1.7
572315.4999999999,250.3009961681342,1.0367141312613442
572669.8727272728,246.30955184938028,1.1463086611230204
573053.5166666666,247.65697248974385,0.6803772992000607
573475.7499999998,249.18618138857704,1.083259495255621
573913.0166666665,248.72078039844757,0.3908957770107191
574364.6545454544,251.7666008144979,1.7773613165168485
574806.0000000001,251.8615047665413,0.6979653871810029
575233.9636363636,252.08002667419615,1.3008693087626229
575654.5333333331,248.8639219697805,0.9769547197838526
576112.8499999997,252.543697553062,0.521554005548807
576599.0999999999,252.8973536409592,1.0607246117810047
577115.1000000001,251.2965766771463,1.059293978043261
577653.8500000001,251.341725346752,1.1303544188686772
578196.3499999997,251.0792763522184,0.595627620512461
578742.3499999997,249.0568689785398,0.4807395294254249
579280.5499999998,252.92340485161623,1.065351284794579
579833.1166666667,251.47302309267096,1.8038686375787312
580210.5045454543,244.13978325747763,1.670671659998862
580401.7833333332,243.8071398156684,0.868290266631439
580814.0045454544,236.17021956160747,0.3017587944803129
581118.6499999997,230.2553890769855,0.5724214276419878
581546.5272727276,225.2070402346668,1.565155138170304
581928.2999999996,219.4126580601745,0.8117183114200421
582454.5272727271,215.44586651227405,1.07096189858344
582836.2999999999,209.88341782048892,1.1769936805769108
583574.2545454543,206.68125254107684,0.5068690755391836
583958.8000000002,210.6390178335049,0.6383923432232126
586720.8424242425,223.95763277250387,0.8675012574815162
587171.8499999993,225.9929310765137,1.4457602611893452
587888.6681818177,234.40092907192803,0.5019958595323035
588279.3499999996,238.7841158534624,0.9756810880396092
588940.9045454541,246.34602904387208,1.8029438166959195
589425.3500000003,250.20456464222792,0.4007108997440896
590040.145454545,248.1046423657793,0.559608662543458
590488.8000000002,243.5553025827732,0.7599033856330139
591019.4666666666,237.37751240309967,0.7514988885033725
592383.4712121211,225.678803565834,1.1274976170016895
592785.516666666,229.3866700921104,1.2532747452078818
593561.2454545454,233.1632188953882,0.2824806019433695
594046.754545454,238.1475936125431,0.8935873097575461
594863.8121212114,237.9772146198636,1.0535690359542107
595436.4666666667,232.91795566697328,0.5962378482178416
596221.5575757573,221.2172428733,1.7682609591816072
596791.1333333332,216.4410115698623,0.91316283531538
597803.6136363635,216.27309709713364,1.4842578543166225
598329.7499999994,219.0222803388292,1.002835910838599
599218.2181818187,225.9716626647501,1.1365546928663075
599814.6318181817,229.38148051861887,1.3931304975329866
601255.1499999998,232.45478922791705,1.3038065350794426
602600.7500000002,237.8582812314746,0.7911132918851009
603949.15,239.14012591458967,1.0943850856139088
605303.1499999992,244.5322516170048,0.7016670002253649
606625.9090909091,248.4801850050678,1.6785306654369767
607979.2999999997,254.57832546938147,1.2212819152641674
609247.3000000004,259.22379791893974,1.816380535587509
610429.5000000001,257.7448677422332,0.4575246597173467
611551.0127272727,257.8151013837554,2.1059044636026454
611600.6333333328,259.6847091794925,1.1644945032222638
612761.9666666661,258.13797445364014,1.4145866443089945
613942.7999999997,256.193578648728,0.3923918341014312
615140.6,252.74797477389265,1.0558532435516896
616299.1163636366,252.8982584181087,0.6188803786276929
616356.5999999999,252.729800513971,0.9356804108588554
617609.5681818179,252.63944486217684,1.0614482021587828
618953.7499999994,248.28893339724928,1.000936592352468
620283.7499999999,245.8865878724808,0.2868457917392431
621651.4500000002,243.5306835863856,0.8113406949026285
622950.732727273,243.88545246756436,2.840729062054228
623054.95,239.19230883467588,0.8325415437760351
624496.9499999993,237.92850701362372,1.024716806885159
625397.9242424238,235.02330647237795,0.3465564486843668
626047.499999999,228.5122253513537,0.8830231439022055
626969.4272727271,215.70968264504967,0.4796657087953161
627830.0999999994,205.76310728563763,0.9357682297417156
629139.6181818179,199.52416462021895,0.7680869674659921
629769.852727273,205.26582182975855,0.8675590803826428
629866.1000000006,200.77734554085592,0.4993715182694097
631526.322727272,200.4570693283412,1.8142630735080976
632356.9409090906,196.49917279673912,1.514601076047805
634077.5378787883,193.09789993536265,1.5526757621230791
634881.1448484845,195.94989153226655,1.5295453093531153
635009.0333333323,194.85936588137292,1.7631466086235197
636521.56060606,194.00258992033588,0.656973472184163
637714.3666666652,195.33150117951013,1.850606616232673
639418.2651515146,188.8477364074226,0.9625092283250918
640372.2499999993,190.1777336005101,0.4988112904085067
642074.6045454537,191.3842569534652,1.0476237359173044
642856.65,191.5605717991007,1.125125660975763
644300.8272727265,195.3061298127235,1.2535435328206734
645150.6499999997,195.8204274432848,0.9496040152720904
646376.9469696959,189.88548096825596,2.0195381674049586
647254.8499999992,191.8480609628653,1.0021358748154088
648612.4181818187,193.4765987078096,0.7445260814920164
649191.0999999993,196.171494104952,0.4384744657168455
650348.4636363634,189.2501799432969,1.217006115287788
650947.0999999997,193.44315462070247,0.710364547509546
652104.2636363631,187.2748940558699,0.5419652663388468
652708.9500000003,186.7937683040444,0.9689950746862728
653730.25,192.8691774329536,1.8458811199062075
654438.65,194.81602929906572,0.9848635910685708
655524.3499999999,199.99595342018023,0.533737275122934
656132.6499999991,200.35242454933484,0.7452710439425393
657181.0909090905,192.9341212467433,0.6495834043117569
657654.2060606063,189.23340881737832,1.782637246447658
657721.999999999,190.8769405532136,0.8745422048769677
658764.0999999994,184.098136363561,0.2872499959310805
659293.8200000001,187.3800806732598,1.0624536886831395
659411.8999999996,185.6837857761792,0.4142988057162743
660463.5499999999,188.43427447380083,0.952114568150456
661118.32,193.9700304568731,0.9860539703018264
661215.9000000005,191.59170346951032,0.7748889463688593
662282.1772727269,189.6905841804821,1.5153285959589515
662796.6094545458,193.9082170435541,2.1187140471892407
662877.5500000003,190.86103041769672,1.0188990068199388
663937.5151515151,191.02249326390395,1.2013429676122072
664320.3999999997,192.55321359717547,1.303303128464265
664408.0909090904,187.7670323098909,0.8324468692082797
665321.9393939392,180.16659707392196,1.1165737704283798
665836.5212121212,180.53768178380184,1.116933774815544
666753.3600000001,174.76867941399888,1.0439980375019229
667409.8573333337,173.71362014216885,1.3774806668983484
668415.2636363631,177.7146610306198,0.6829207941950545
668915.5375757578,180.6705433303129,0.7071238177117776
669819.2987878791,187.6555369926176,0.1835038939585193
670296.3187878784,191.5141318512642,0.924357446344934
671070.7454545456,194.87837297832084,0.9683245955434528
671457.9260606061,196.8275423165405,0.6946123830988237
672150.8827272733,194.789560383579,0.5814576171521617
672761.3824242426,197.1291521940604,0.9922885896023796
673696.1060606058,201.1220985980582,1.0023985105114763
674229.3778787885,204.669745646326,0.7311593303092837
675028.3999999999,211.69145610328425,0.5840187534379967
675406.5333333331,216.1224817958984,0.8064128363641915
676530.736363636,222.57485445876677,0.7600945737942328
677152.3090909093,219.96238463739664,0.6068220435788323
677600.7363636363,216.59070226826563,0.9337002877588132
678328.1818181815,218.20973466460345,1.380134405410298
678741.6193939392,220.086237115456,1.524574287694893
679455.3739393939,229.16045804591084,0.8058615073712767
679735.1745454543,232.70102424711223,0.8978986975794354
680312.5848484847,233.61111358821643,0.5501250025259403
680627.6078787883,233.1080061479115,1.163398055546719
681225.6733333332,225.80855816583323,1.211256716881031
681669.9266666665,227.89516025735253,1.319533797000754
682343.7121212126,221.30626385386472,0.8869720844699525
682740.0857575755,219.1411841639893,0.9510402564768944
683457.8634848485,220.2352186749276,1.6793307751582849
683828.7524242424,222.6967127552533,0.6043873195707454
684423.6818181815,225.64160209672892,1.649888470751343
684758.0590909088,224.3560776723839,1.2948697687199315
685294.8436363635,221.82035466276145,0.7708420713808073
685679.8654545456,220.62261407272987,0.6968539570047005
686269.1090909089,220.6316642042182,1.3852335293701394
686581.8109090904,222.61792578852743,1.0450375122331623
687154.044242424,222.7044405108711,1.053978755694425
687445.4972727271,222.96501296914877,1.242740476446459
688000.381818182,226.72892608676472,1.0037480094564408
688300.1345454548,227.65046207304687,1.3423382221382965
688809.8703030302,227.6358560751815,1.136448920064188
689157.8254545457,230.66878933516543,1.6632944084792058
689693.2575757576,232.0747771551575,1.289678689631009
689951.4515151515,232.26747586461005,1.4855775774543163
690474.6527272727,235.8000553317824,0.9915758682460468
690736.391212121,236.4535724768809,0.5292332852170494
691221.8348484851,239.2879301088554,1.0526140521315526
691467.6684848482,238.41599878810229,1.2427951974014642
691967.9624242428,239.37873479610943,1.9531625178587464
692318.3436363635,243.5623167259663,0.5615712358602863
692832.4590909089,239.2983940505077,1.2702858850717482
693077.0923636364,238.47330442832688,2.146507655433375
693574.0430303031,243.6995486644999,2.1001610782243145
693821.2928787881,237.7560079776989,0.8390637265288013
694280.3484848483,239.3406332632852,0.9852721995442376
694536.8242424241,240.45669225384145,0.706995324711814
694949.1381818183,239.31113174299168,0.9149304994304088
695259.2618181818,239.79653384828728,1.4236919582148562
695732.3090909093,236.7987347932641,0.5690322368477511
695981.88,238.73723027829791,1.4643830907130535
696434.8896969694,238.0518499460627,1.5192031536532
696644.8345454544,238.13269799082363,1.2835785695066602
697090.2909090907,239.4354918894625,0.9602570570952548
697342.4521212119,238.41997928360917,1.1080601774993268
697746.6751515149,239.884743914407,1.274905017933054
698039.0036363635,241.0299151581724,0.7922983600174459
698505.5381818184,240.89904625193032,1.9198505668566448
698753.2309090907,241.8320311598419,0.7341267046957969
699215.7512121215,238.8636108455049,1.021891824849492
699439.0187878788,239.00952129629684,0.6497623661608994
699864.7075757575,239.72641961823388,0.7994093552529205
700103.6854545457,237.20611593740932,0.5512069977009676
700485.0242424243,236.7173884297771,0.6524884589654495
700814.8381818184,236.6070014153336,0.4848020176850984
701268.527272727,235.4215271002262,0.9696813467969794
701524.5236363634,232.4560078431405,0.5413149660834912
701993.1490909093,230.88479116742863,1.0192437361272138
702200.9236363637,232.162121529527,0.749892869556236
702734.2727272725,232.1824465330735,1.6181229748887094
703009.9848484849,230.58782898361125,0.2559010673624149
703468.5218181817,233.3539062097976,1.2560202606279032
703796.0731818182,232.2805206457517,1.12322840848368
704250.5218181817,232.82958847745476,0.5223882324016058
704581.8054545454,233.54448715907165,1.357983828009344
705053.3442424244,234.04269676194463,0.4637545850732266
705243.9090909093,235.09172492612444,1.678910402112148
705726.9518181817,237.18468030646915,1.3260284797880697
706053.1981818182,237.661231516828,1.5677114479839878
706492.9518181819,236.05369135840692,1.751908720085537
706710.7395454546,236.0453403013913,0.9321061942307596
707310.6972727273,238.8480696520816,0.7954888196751801
707643.7254545457,233.50528810247425,1.4608821629261608
708199.6806060602,233.5834734270881,1.0034731769051095
708413.4484848484,233.11228487432956,1.0084088518327274
708959.1515151514,234.83616059567032,1.1452033009545937
709453.7878787875,231.43297127712552,0.8594372070505555
709909.5454545452,230.50735989141307,0.9947648551902576
710456.4545454548,227.032822730358,0.7326408880228399
710983.3563636366,224.9017352890244,0.6243739057945483
711399.0436363637,225.3889691337453,0.291783548070744
712021.4654545452,224.1234469162136,1.4853738817191908
712243.7272727275,224.001743721128,1.446255348232054
713312.5,223.8856925917568,0.4686841472687137
714065.578181818,227.63734055505356,1.6085689588669905
714403.7969696966,227.08319713303533,2.013014658797588
715115.732727273,223.14262795384457,0.5882266014336878
715565.3763636363,227.5826981949172,0.5548756557206188
716310.1630303029,213.59999290263292,0.6576049913218635
716585.909090909,210.5098874628876,1.6545488906952164
717348.2727272725,198.42559568024177,1.1695152879867936
717955.4848484852,189.87843381686548,1.1284184900240544
718778.348484849,193.46090298257133,1.640632587462134
719287.1818181823,200.8234844705578,0.7526617381262202
720087.2854545454,212.030518626341,0.8419713032197595
720590.7595454546,217.0426911316349,0.8974725947040259
721407.5168181815,219.2003556861584,1.178419451540072
721689.8636363633,218.956944794401,1.2689508232038187
722505.8105454544,216.09677010835375,2.0217988321927587
722994.5945454545,212.108071771009,0.6856075897029287
723780.2266666669,212.54540888381376,1.7706876507822464
724141.9999999999,214.0125927948141,1.1858159008333498
724975.3554545457,210.4806821716978,0.369313747677805
725474.4313636366,211.49197634968232,1.2784133640994195
726249.591818182,211.075995557622,1.0738711427455858
726576.8636363636,211.42656926315465,0.768221078155295
727898.5024242426,210.0675097854836,1.6249985781001226
728593.9021212123,210.24197486380825,0.833751855826365
728987.5303030305,211.0778130948141,0.7849794388631725
729836.9384848482,210.0149974521128,1.0076210785622728
730260.314545455,212.1716466152816,1.7206724434211438
730908.3136363637,210.16351745201928,0.6944432439485729
731184.2272727275,210.702373057978,0.3431822743997105
731860.9999999998,211.62321092369945,0.3588521139551704
732321.75,213.73187878271676,1.8854882984046404
732993.4999999999,208.1143039021245,1.2435557905969836
733328.9999999995,207.72075200492253,0.8135814333168072
734022.2299999999,210.60174265873587,1.033051780085097
734462.6199999998,216.1485998526368,1.812891840158939
735134.5709090909,214.6624205315424,0.7118362282959495
735409.909090909,217.88283774216444,0.8310894094275411
736107.3054545454,217.1944729687879,1.3798894010140397
736522.2181818187,213.14402038614645,1.6602737935191392
737269.8193939395,206.92018121563933,1.5556306173987606
737660.1154545457,204.5191038769512,1.494086940454806
738580.9945454549,191.7441063146352,0.9268977898068326
739174.5554545455,185.6096600660596,0.3341665308131939
740106.4524848479,185.40236646163788,2.3842786702936385
740460.9242424242,183.3925392147808,2.4034392529053266
741329.9024242423,184.7670847091236,2.071382015960189
741874.1339393943,189.1426274551468,1.3085340532343357
742644.7490909089,188.64664196412704,2.7074387385724004
743062.1696969698,187.3271928405565,0.7156315365533596
743959.0763636365,188.17959977716012,0.9098234696957472
744523.1418181813,188.96881973948896,0.8979745666580884
745671.0454545448,187.29232436787936,1.2426789240540344
746619.9260606065,190.24154927677864,0.4211508035999273
747177.0375757577,187.91988159174213,0.3179900034942657
747940.1957575758,187.9522843282685,1.2727042394874546
748336.8809090916,187.54375693792412,0.8433095140470652
749262.9345454549,188.67887489361215,1.262406998466751
749814.1786666662,190.17483689562675,1.7559892034321856
750706.4409090908,192.0759223880364,1.5705611513082027
751036.2499999993,191.29603626015796,1.3840358241033597
751973.8681818177,193.54717137122023,1.8834206894219847
752565.8818181817,197.49572596202373,1.299814586973093
753489.0690909092,195.43388919380428,0.34071159513423
753934.6545454543,203.90279658442105,1.8398664573343373
755114.5775757573,199.046053641412,1.700036765249698
755586.8284848488,203.2996954570858,1.5268927099251228
756566.1684848485,208.10367110123957,1.96108642784158
756850.6803030302,209.44507971285617,1.3575417299054444
757785.4509090913,213.61139014973045,2.1519463764930458
758362.4157575755,218.3519526756556,2.335383460485207
759135.6915151512,222.7200859322036,1.502447772361501
759561.8787878784,226.94301148021165,1.4209634792271384
759878.2121212124,223.0236554615564,0.6806059370189325
760108.2727272728,225.37366760867587,1.7536142467968638
760516.0551515151,225.61582539678184,2.3307986425963385
760939.9418181818,222.7085788690187,1.2338040018088925
761864.4881818183,216.64080861985224,0.7548597722786945
762166.0430303031,214.6940079861074,1.118173018820816
763101.8036363634,213.99980285899036,1.8618855596923896
763770.5842424238,219.9481576823577,0.2304823901300957
764676.8824242424,223.89295015434175,2.0579804698215813
765181.816565657,222.92608638468548,0.9183284521864634
765586.6363636359,233.66090567198847,3.049592400299363
765851.4848484849,229.40748753827657,2.674206001409535
766188.504545454,232.11545547204437,1.3779113623738903
766808.9121212122,230.6229188352788,0.8856951018895258
767747.1624242424,224.86466602091244,1.5583463150223578
768117.2575757578,223.8179649132784,0.5111583821535205
769061.3843939397,221.6409365039408,0.4114942734991057
769651.4236363642,225.86635666622996,0.9485926495573356
770599.1466666668,230.62690342109488,2.1082870613468976
771020.6666666664,229.56423626852964,1.803812260694781
771519.3333333333,236.31890028889168,1.6377157101793518
771812.666666667,234.24054819146696,1.6134880301460466
772175.2645454548,239.7120056138232,1.8702878916783847
772474.5636363636,243.88525238228883,1.102025199411039
772737.9595454549,246.4945680375353,2.1704365867511104
772995.6363636361,243.85475201990903,2.0915352179234943
773249.8181818182,246.03058180018397,2.4452714908191937
773684.4690909092,237.7794476149145,1.513350883182352
774044.1363636358,239.2312024030053,1.003750096848397
774958.808181818,238.3850775692524,2.258983127720132
775538.0110606056,241.7410824819303,0.8747274112657089
776332.2587878784,245.3180552676516,0.3600558657021887
776782.6969696968,248.92347258064217,0.627472504962422
777681.7496969699,247.3032103301009,2.010076076940313
778232.7918181821,252.455538875688,0.6673164127447155
779057.9836363638,254.92704442683268,0.4849938599409939
779367.5454545458,254.6895620893129,1.1298180188233868
780188.9227272724,254.4321062869957,2.360097406907842
780719.4363636365,252.52125685420285,0.9329457016592284
781562.8318181814,257.21033919112165,0.6046787703325509
781886.6818181819,251.50919000069743,0.7031595294752219
782728.4496969697,257.43630369580933,0.6529222533852811
783198.5296969693,255.01817636257545,1.058782846188347
784261.7558787881,260.9181501208988,2.5124151989298675
785034.0824242425,255.84554031289508,0.6588671140369755
785519.0509090904,259.66462384723866,0.2405433853193871
786189.6018181813,262.229808343788,2.567331214046642
786563.2569696968,264.34502908314164,1.3826529041805364
787355.5127272734,269.3559592885488,1.257992802419019
787803.5690909092,265.99732874144445,0.7336300077526301
788479.2399999999,257.19893666253785,1.524640201560276
788691.8715151517,257.0184549055622,2.689934642042693
789494.0409090909,238.64095357456617,0.7801470315666661
789953.0090909094,235.48574308581584,2.9910098309067688
790639.4051515154,227.37775029010012,0.844955417896738
791056.8827272729,230.55013467896876,1.766082234070966
792030.783636363,224.68576227610308,3.6724532091681534
792617.3012121207,214.4503513988741,2.5334532825462515
793519.3888888892,213.35775959891657,1.6000218758630544
793852.7583333338,218.39264166858877,1.9268310175163927
795122.454545454,208.7893628439667,1.6721751137071554
795687.3181818175,204.617506415808,1.9876169747805548
796852.590909091,198.7924036449917,2.095588158849461
797378.8181818188,197.90878630711256,1.41523773542334
798681.2978787882,200.4894558655116,2.18898909922407
801236.0590909094,198.68361088983107,1.7362042874796464
802872.087424243,198.6572141815183,0.9826471295306928
803709.2524242424,202.64710592439064,1.0430494297396091
803925.2843758516,202.92172318213744,2.064487911657036
804009.8706065303,207.49864546768265,0.9150827154906018
804522.6746300211,204.8619380343144,1.6428507646376431
805132.4423336205,202.2268391289192,0.6895867287509932
805668.8684046668,207.28544010704545,2.202808377356489
