Year,CO2 (ppmv)
-803718.8684046668,207.28544010704545
-803182.4423336205,202.2268391289192
-802572.6746300211,204.8619380343144
-802059.8706065303,207.49864546768265
-801975.2843758516,202.92172318213744
-801759.2524242424,202.64710592439064
-800922.087424243,198.6572141815183
-799286.0590909094,198.68361088983107
-796731.2978787882,200.4894558655116
-795428.8181818188,197.90878630711256
-794902.590909091,198.7924036449917
-793737.3181818175,204.617506415808
-793172.454545454,208.7893628439667
-791902.7583333338,218.3926416685888
-791569.3888888892,213.35775959891657
-790667.3012121207,214.4503513988741
-790080.783636363,224.68576227610308
-789106.8827272729,230.5501346789688
-788689.4051515154,227.37775029010007
-788003.0090909094,235.48574308581584
-787544.0409090909,238.64095357456617
-786741.8715151517,257.0184549055622
-786529.2399999999,257.19893666253785
-785853.5690909092,265.99732874144445
-785405.5127272734,269.3559592885488
-784613.2569696968,264.34502908314164
-784239.6018181813,262.229808343788
-783569.0509090904,259.66462384723866
-783084.0824242425,255.84554031289508
-782311.7558787881,260.9181501208988
-781248.5296969693,255.01817636257545
-780778.4496969697,257.43630369580933
-779936.6818181819,251.50919000069743
-779612.8318181814,257.21033919112165
-778769.4363636365,252.52125685420285
-778238.9227272724,254.4321062869957
-777417.5454545458,254.6895620893129
-777107.9836363638,254.92704442683268
-776282.7918181821,252.455538875688
-775731.7496969699,247.3032103301009
-774832.6969696968,248.92347258064217
-774382.2587878784,245.3180552676516
-773588.0110606056,241.7410824819303
-773008.808181818,238.3850775692524
-772094.1363636358,239.2312024030053
-771734.4690909092,237.7794476149145
-771299.8181818182,246.030581800184
-771045.6363636361,243.85475201990903
-770787.9595454549,246.4945680375353
-770524.5636363636,243.88525238228883
-770225.2645454548,239.7120056138232
-769862.666666667,234.24054819146696
-769569.3333333333,236.31890028889168
-769070.6666666664,229.56423626852964
-768649.1466666668,230.62690342109488
-767701.4236363642,225.86635666623
-767111.3843939397,221.6409365039408
-766167.2575757578,223.8179649132784
-765797.1624242424,224.86466602091244
-764858.9121212122,230.6229188352788
-764238.504545454,232.1154554720444
-763901.4848484849,229.40748753827657
-763636.6363636359,233.66090567198847
-763231.816565657,222.92608638468548
-762726.8824242424,223.89295015434172
-761820.5842424238,219.9481576823577
-761151.8036363634,213.9998028589904
-760216.0430303031,214.6940079861074
-759914.4881818183,216.64080861985224
-758989.9418181818,222.7085788690187
-758566.0551515151,225.61582539678184
-758158.2727272728,225.37366760867587
-757928.2121212124,223.0236554615564
-757611.8787878784,226.94301148021165
-757185.6915151512,222.7200859322036
-756412.4157575755,218.3519526756556
-755835.4509090913,213.61139014973045
-754900.6803030302,209.44507971285617
-754616.1684848485,208.1036711012396
-753636.8284848488,203.2996954570858
-753164.5775757573,199.046053641412
-751984.6545454543,203.90279658442105
-751539.0690909092,195.43388919380428
-750615.8818181817,197.49572596202373
-750023.8681818177,193.54717137122023
-749086.2499999993,191.296036260158
-748756.4409090908,192.0759223880364
-747864.1786666662,190.17483689562675
-747312.9345454549,188.67887489361212
-746386.8809090916,187.5437569379241
-745990.1957575758,187.9522843282685
-745227.0375757577,187.91988159174213
-744669.9260606065,190.24154927677864
-743721.0454545448,187.29232436787936
-742573.1418181813,188.96881973948896
-742009.0763636365,188.1795997771601
-741112.1696969698,187.3271928405565
-740694.7490909089,188.64664196412704
-739924.1339393943,189.1426274551468
-739379.9024242423,184.7670847091236
-738510.9242424242,183.3925392147808
-738156.4524848479,185.40236646163788
-737224.5554545455,185.6096600660596
-736630.9945454549,191.7441063146352
-735710.1154545457,204.5191038769512
-735319.8193939395,206.92018121563933
-734572.2181818187,213.14402038614645
-734157.3054545454,217.1944729687879
-733459.909090909,217.88283774216444
-733184.5709090909,214.6624205315424
-732512.6199999998,216.1485998526368
-732072.2299999999,210.60174265873587
-731378.9999999995,207.72075200492253
-731043.4999999999,208.1143039021245
-730371.75,213.7318787827168
-729910.9999999998,211.62321092369945
-729234.2272727275,210.702373057978
-728958.3136363637,210.16351745201928
-728310.314545455,212.1716466152816
-727886.9384848482,210.0149974521128
-727037.5303030305,211.0778130948141
-726643.9021212123,210.24197486380825
-725948.5024242426,210.0675097854836
-724626.8636363636,211.42656926315465
-724299.591818182,211.075995557622
-723524.4313636366,211.49197634968232
-723025.3554545457,210.4806821716978
-722191.9999999999,214.0125927948141
-721830.2266666669,212.54540888381376
-721044.5945454545,212.108071771009
-720555.8105454544,216.09677010835372
-719739.8636363633,218.956944794401
-719457.5168181815,219.2003556861584
-718640.7595454546,217.0426911316349
-718137.2854545454,212.030518626341
-717337.1818181823,200.8234844705578
-716828.348484849,193.46090298257133
-716005.4848484852,189.87843381686548
-715398.2727272725,198.42559568024177
-714635.909090909,210.5098874628876
-714360.1630303029,213.5999929026329
-713615.3763636363,227.5826981949172
-713165.732727273,223.14262795384457
-712453.7969696966,227.08319713303533
-712115.578181818,227.6373405550536
-711362.5,223.8856925917568
-710293.7272727275,224.001743721128
-710071.4654545452,224.1234469162136
-709449.0436363637,225.3889691337453
-709033.3563636366,224.9017352890244
-708506.4545454548,227.032822730358
-707959.5454545452,230.50735989141307
-707503.7878787875,231.43297127712552
-707009.1515151514,234.83616059567032
-706463.4484848484,233.1122848743296
-706249.6806060602,233.5834734270881
-705693.7254545457,233.50528810247425
-705360.6972727273,238.8480696520816
-704760.7395454546,236.0453403013913
-704542.9518181819,236.0536913584069
-704103.1981818182,237.661231516828
-703776.9518181817,237.18468030646915
-703293.9090909093,235.09172492612444
-703103.3442424244,234.04269676194463
-702631.8054545454,233.54448715907165
-702300.5218181817,232.8295884774548
-701846.0731818182,232.2805206457517
-701518.5218181817,233.3539062097976
-701059.9848484849,230.58782898361125
-700784.2727272725,232.1824465330735
-700250.9236363637,232.162121529527
-700043.1490909093,230.88479116742863
-699574.5236363634,232.4560078431405
-699318.527272727,235.4215271002262
-698864.8381818184,236.6070014153336
-698535.0242424243,236.7173884297771
-698153.6854545457,237.2061159374093
-697914.7075757575,239.72641961823388
-697489.0187878788,239.00952129629684
-697265.7512121215,238.8636108455049
-696803.2309090907,241.8320311598419
-696555.5381818184,240.89904625193032
-696089.0036363635,241.0299151581724
-695796.6751515149,239.884743914407
-695392.4521212119,238.4199792836092
-695140.2909090907,239.4354918894625
-694694.8345454544,238.13269799082363
-694484.8896969694,238.0518499460627
-694031.88,238.73723027829791
-693782.3090909093,236.7987347932641
-693309.2618181818,239.79653384828728
-692999.1381818183,239.31113174299168
-692586.8242424241,240.45669225384145
-692330.3484848483,239.3406332632852
-691871.2928787881,237.7560079776989
-691624.0430303031,243.6995486644999
-691127.0923636364,238.47330442832688
-690882.4590909089,239.2983940505077
-690368.3436363635,243.5623167259663
-690017.9624242428,239.37873479610943
-689517.6684848482,238.41599878810229
-689271.8348484851,239.2879301088554
-688786.391212121,236.4535724768809
-688524.6527272727,235.8000553317824
-688001.4515151515,232.26747586461005
-687743.2575757576,232.0747771551575
-687207.8254545457,230.66878933516543
-686859.8703030302,227.6358560751815
-686350.1345454548,227.65046207304687
-686050.381818182,226.72892608676472
-685495.4972727271,222.9650129691488
-685204.044242424,222.7044405108711
-684631.8109090904,222.61792578852743
-684319.1090909089,220.6316642042182
-683729.8654545456,220.62261407272987
-683344.8436363635,221.82035466276145
-682808.0590909088,224.3560776723839
-682473.6818181815,225.6416020967289
-681878.7524242424,222.6967127552533
-681507.8634848485,220.2352186749276
-680790.0857575755,219.1411841639893
-680393.7121212126,221.30626385386472
-679719.9266666665,227.89516025735253
-679275.6733333332,225.80855816583323
-678677.6078787883,233.1080061479115
-678362.5848484847,233.61111358821643
-677785.1745454543,232.70102424711223
-677505.3739393939,229.16045804591084
-676791.6193939392,220.086237115456
-676378.1818181815,218.20973466460345
-675650.7363636363,216.59070226826563
-675202.3090909093,219.96238463739664
-674580.736363636,222.5748544587668
-673456.5333333331,216.1224817958984
-673078.3999999999,211.69145610328425
-672279.3778787885,204.669745646326
-671746.1060606058,201.1220985980582
-670811.3824242426,197.1291521940604
-670200.8827272733,194.789560383579
-669507.9260606061,196.8275423165405
-669120.7454545456,194.87837297832084
-668346.3187878784,191.5141318512642
-667869.2987878791,187.6555369926176
-666965.5375757578,180.6705433303129
-666465.2636363631,177.7146610306198
-665459.8573333337,173.71362014216885
-664803.3600000001,174.76867941399888
-663886.5212121212,180.53768178380184
-663371.9393939392,180.166597073922
-662458.0909090904,187.7670323098909
-662370.3999999997,192.55321359717547
-661987.5151515151,191.02249326390395
-660927.5500000003,190.86103041769672
-660846.6094545458,193.9082170435541
-660332.1772727269,189.6905841804821
-659265.9000000005,191.59170346951032
-659168.32,193.9700304568731
-658513.5499999999,188.43427447380083
-657461.8999999996,185.6837857761792
-657343.8200000001,187.3800806732598
-656814.0999999994,184.098136363561
-655771.999999999,190.8769405532136
-655704.2060606063,189.23340881737832
-655231.0909090905,192.9341212467433
-654182.6499999991,200.35242454933484
-653574.3499999999,199.99595342018023
-652488.65,194.8160292990657
-651780.25,192.8691774329536
-650758.9500000003,186.7937683040444
-650154.2636363631,187.2748940558699
-648997.0999999997,193.44315462070247
-648398.4636363634,189.2501799432969
-647241.0999999993,196.171494104952
-646662.4181818187,193.4765987078096
-645304.8499999992,191.8480609628653
-644426.9469696959,189.885480968256
-643200.6499999997,195.8204274432848
-642350.8272727265,195.3061298127235
-640906.65,191.5605717991007
-640124.6045454537,191.3842569534652
-638422.2499999993,190.1777336005101
-637468.2651515146,188.8477364074226
-635764.3666666652,195.33150117951013
-634571.56060606,194.00258992033588
-633059.0333333323,194.85936588137287
-632931.1448484845,195.94989153226652
-632127.5378787883,193.09789993536265
-630406.9409090906,196.49917279673912
-629576.322727272,200.4570693283412
-627916.1000000006,200.77734554085592
-627819.852727273,205.26582182975852
-627189.6181818179,199.52416462021893
-625880.0999999994,205.76310728563763
-625019.4272727271,215.70968264504967
-624097.499999999,228.5122253513537
-623447.9242424238,235.02330647237795
-622546.9499999993,237.9285070136237
-621104.95,239.19230883467588
-621000.732727273,243.8854524675644
-619701.4500000002,243.5306835863856
-618333.7499999999,245.8865878724808
-617003.7499999994,248.28893339724928
-615659.5681818179,252.63944486217684
-614406.5999999999,252.729800513971
-614349.1163636366,252.8982584181087
-613190.6,252.74797477389265
-611992.7999999997,256.193578648728
-610811.9666666661,258.13797445364014
-609650.6333333328,259.6847091794925
-609601.0127272727,257.8151013837554
-608479.5000000001,257.7448677422332
-607297.3000000004,259.22379791893974
-606029.2999999997,254.57832546938147
-604675.9090909091,248.4801850050678
-603353.1499999992,244.5322516170048
-601999.15,239.14012591458967
-600650.7500000002,237.8582812314746
-599305.1499999998,232.45478922791705
-597864.6318181817,229.38148051861887
-597268.2181818187,225.9716626647501
-596379.7499999994,219.0222803388292
-595853.6136363635,216.27309709713364
-594841.1333333332,216.4410115698623
-594271.5575757573,221.2172428733
-593486.4666666667,232.91795566697328
-592913.8121212114,237.9772146198636
-592096.754545454,238.1475936125431
-591611.2454545454,233.1632188953882
-590835.516666666,229.3866700921104
-590433.4712121211,225.678803565834
-589069.4666666666,237.37751240309967
-588538.8000000002,243.5553025827732
-588090.145454545,248.1046423657793
-587475.3500000003,250.20456464222792
-586990.9045454541,246.34602904387208
-586329.3499999996,238.7841158534624
-585938.6681818177,234.40092907192803
-585221.8499999993,225.9929310765137
-584770.8424242425,223.95763277250387
-582008.8000000002,210.6390178335049
-581624.2545454543,206.68125254107684
-580886.2999999999,209.8834178204889
-580504.5272727271,215.44586651227405
-579978.2999999996,219.4126580601745
-579596.5272727276,225.2070402346668
-579168.6499999997,230.2553890769855
-578864.0045454544,236.17021956160747
-578451.7833333332,243.8071398156684
-578260.5045454543,244.13978325747763
-577883.1166666667,251.47302309267096
-577330.5499999998,252.92340485161623
-576792.3499999997,249.0568689785398
-576246.3499999997,251.0792763522184
-575703.8500000001,251.341725346752
-575165.1000000001,251.2965766771463
-574649.0999999999,252.8973536409592
-574162.8499999997,252.543697553062
-573704.5333333331,248.8639219697805
-573283.9636363636,252.08002667419612
-572856.0000000001,251.8615047665413
-572414.6545454544,251.7666008144979
-571963.0166666665,248.7207803984476
-571525.7499999998,249.18618138857704
-571103.5166666666,247.65697248974385
-570719.8727272728,246.30955184938028
-570365.4999999999,250.3009961681342
-570024.6909090908,251.6
-569683.3575757575,249.6
-569311.4424242425,251.8
-568912.1272727273,251.8
-568513.4606060607,251.3
-568117.2484848484,250.0
-567733.9272727272,251.3
-567364.5939393939,250.2
-566980.1454545455,253.0
-566584.2363636364,252.8
-566254.1393939394,253.9
-565934.8909090909,253.2
-565598.6545454545,254.5
-565289.4909090908,253.9
-564968.3515151516,254.3
-564638.6363636364,253.7
-564295.303030303,251.4
-563945.6424242425,252.6
-563588.9636363637,252.4
-563184.296969697,251.4
-562774.3575757574,247.6
-562360.5636363636,245.8
-561977.896969697,245.7
-561585.7393939394,242.3
-561184.8545454546,240.1
-560705.6000000001,234.1
-560360.4909090908,234.6
-559938.0727272726,231.9
-559500.7393939394,231.6
-559015.6000000001,228.3
-558486.618181818,230.3
-557922.6181818182,230.2
-557686.7636363636,229.7
-557366.0060606062,234.5
-556827.6909090909,238.1
-556356.0181818182,240.4
-556204.5636363635,245.6
-555888.206060606,250.5
-555707.1393939393,244.0
-555435.0545454546,249.1
-555248.6545454545,243.0
-554973.2909090909,241.0
-554457.0242424243,233.9
-553892.3454545456,226.7
-553208.3454545455,224.3
-552529.6181818182,223.6
-551858.6545454544,220.3
-551669.3939393939,222.1
-551295.9878787878,226.3
-551070.9212121211,222.3
-550731.5636363637,221.7
-550161.0909090908,219.9
-549431.0909090908,215.2
-548632.5454545455,213.6
-548280.7272727275,208.8
-547770.1090909094,202.5
-546820.7757575759,204.6
-545856.6787878785,209.7
-544880.1454545453,209.6
-543914.9090909091,210.3
-542935.987878788,208.1
-541894.872727273,203.6
-540790.206060606,205.0
-539703.8181818181,211.2
-538633.818181818,212.9
-537563.8181818181,206.4
-536490.7636363636,205.0
-535384.4727272725,199.4
-534228.4727272727,199.8
-533745.0545454544,190.5
-533093.5636363637,193.8
-532718.181818182,195.1
-531982.2363636366,200.0
-531604.3696969697,204.4
-531037.5696969698,211.4
-530642.5272727272,214.5
-530128.7575757573,220.7
-529251.3818181816,220.3
-528340.5090909093,221.2
-527453.4303030304,222.7
-526566.6909090912,224.7
-525748.6909090909,227.8
-524945.806060606,230.3
-524156.9999999999,233.7
-523387.0,235.8
-522620.8666666667,236.8
-521851.8242424243,241.9
-519624.4727272729,243.5
-518871.80606060615,245.5
-518123.3575757573,247.7
-517379.1272727272,245.3
-516650.4606060606,245.5
-515926.0121212122,246.2
-515204.981818182,247.2
-514470.9818181818,243.0
-513700.7757575757,241.5
-512897.7818181817,239.2
-512083.1151515151,238.2
-511254.7393939395,242.0
-510413.7818181817,235.2
-509562.4484848484,236.4
-508702.3272727273,233.4
-507834.981818182,240.3
-506990.9818181818,237.0
-506167.72121212096,238.2
-505362.3999999999,236.0
-504533.7333333333,235.5
-503734.2424242425,233.9
-502961.781818182,234.1
-502227.187878788,232.2
-501468.92727272736,232.0
-500687.6363636362,231.2
-499911.424242424,230.8
-499133.9636363636,228.2
-498354.7818181817,230.8
-497576.7818181818,230.6
-496787.4181818184,232.8
-496015.97575757577,236.5
-495237.6303030304,236.4
-494494.0666666664,237.6
-493775.6909090908,238.5
-493074.1272727274,238.3
-492350.39393939386,239.1
-491643.1090909093,239.7
-490913.7757575757,243.7
-490204.5454545456,246.7
-489501.0787878788,243.3
-488783.9515151515,242.6
-488544.9090909091,249.3
-488076.2909090909,252.8
-487769.793939394,240.9
-487352.0909090908,242.0
-486615.45454545465,237.1
-485898.0666666667,231.3
-485179.2545454547,232.9
-484448.6727272727,233.0
-483717.5212121211,231.2
-482986.1818181817,231.4
-482229.787878788,231.4
-481445.3818181817,227.3
-480630.9636363639,223.4
-479712.9636363636,223.8
-478776.6848484848,218.8
-478378.2969696968,220.8
-477825.69090909074,231.3
-477452.95151515136,236.5
-476942.4606060604,239.1
-475991.0000000001,236.6
-474999.7999999998,232.8
-473975.2000000002,233.1
-473024.10909090936,241.2
-472142.3636363638,245.6
-471850.8484848487,243.9
-471267.81818181806,243.7
-470913.2727272727,232.7
-470313.0666666664,229.2
-469874.53333333344,218.7
-469250.793939394,215.5
-468775.97575757554,206.5
-468090.1272727275,205.5
-466927.7090909092,203.4
-465756.64242424245,204.4
-464682.29696969694,208.1
-463651.7272727272,210.0
-463315.3636363636,205.2
-462649.4727272725,199.9
-461576.6484848482,194.4
-460464.1030303032,190.7
-459336.0606060607,195.5
-458302.2121212121,202.4
-457261.5515151518,208.3
-456844.00606060616,203.3
-456258.2909090909,204.3
-455795.1272727274,199.1
-455164.43636363646,192.5
-454051.6121212118,193.3
-452914.3090909089,198.4
-451825.6424242424,201.9
-450785.8363636365,204.9
-449797.2787878788,201.2
-448692.8909090911,201.7
-447621.03636363655,208.1
-446509.1818181816,203.5
-445269.18181818177,201.1
-443381.72727272735,199.1
-441894.6484848488,202.0
-440280.775757576,201.3
-438709.5818181819,201.7
-437113.418181818,200.3
-435535.4181818178,207.5
-433989.69090909103,209.8
-432429.0727272728,207.6
-431900.2969696969,211.5
-430229.3090909094,227.2
-429073.76363636367,219.7
-427228.3636363638,242.5
-426890.2000000002,248.2
-425991.3999999999,252.1
-425204.9636363636,255.3
-424671.5636363636,265.4
-424287.2727272728,270.0
-423790.9090909091,270.8
-423182.26060606056,268.3
-422557.74545454566,267.7
-421275.496969697,270.6
-420582.6545454545,266.4
-419962.1454545455,268.6
-418751.7636363636,273.8
-418183.7636363636,271.2
-417625.7818181819,273.7
-416555.3030303029,274.6
-416006.7818181817,271.8
-415490.4424242424,273.4
-414475.3151515151,271.7
-413995.6060606061,276.4
-413229.5939393941,271.6
-412260.8606060605,264.9
-411308.65454545454,274.9
-409397.96969696967,283.5
-408503.8,282.6
-407648.2363636363,274.7
-406868.7151515152,284.5
-405332.4969696969,285.6
-404592.8000000001,279.6
-403112.6303030303,280.5
-402363.296969697,276.5
-400909.8363636364,275.7
-400190.91515151504,283.1
-398760.08484848496,283.2
-397976.1636363636,277.1
-396325.1272727272,276.3
-392956.1030303031,260.7
-392053.6909090909,273.6
-391027.1515151514,259.5
-390337.25,258.1
-387460.2050000001,245.8
-385874.8150000001,246.8
-384333.71000000014,239.1
-382607.4450000001,240.0
-380981.4849999999,227.0
-376810.2400000001,229.6
-375084.8800000001,224.6
-373254.5999999999,214.7
-371507.6150000001,199.9
-369435.8700000001,201.9
-366115.9,206.3
-363240.23000000016,201.2
-360617.6,185.8
-358733.84000000014,186.1
-357060.3800000001,193.0
-353867.7699999999,209.2
-352462.9750000001,209.4
-351224.595,216.2
-349726.3450000001,221.1
-347189.0850000001,220.3
-345594.8050000001,211.9
-344370.905,204.8
-343050.8500000001,205.2
-341973.5850000001,200.7
-340841.56000000006,250.1
-338785.0800000001,234.2
-338033.8900000001,239.6
-337041.43500000006,241.9
-336263.50000000006,255.7
-335566.67000000004,270.5
-334917.81999999995,278.6
-334427.54,285.8
-333757.51000000007,278.1
-333152.30500000005,298.6
-332593.885,288.4
-332399.49500000005,289.1
-332047.55500000005,282.4
-331550.09,273.1
-330848.62000000005,272.6
-330194.11500000005,271.7
-329343.55000000005,265.0
-328103.32500000007,275.1
-327464.29,271.9
-326820.75000000006,270.1
-326136.81000000006,266.1
-325485.835,264.0
-324641.0900000001,266.2
-323873.0,260.5
-323057.4050000001,260.3
-322216.915,260.4
-321433.34500000003,257.2
-319867.44500000007,249.2
-318966.3350000001,255.8
-317879.6600000001,233.4
-316902.59500000003,245.2
-315982.54500000004,251.6
-315199.87000000005,272.6
-314500.72,246.8
-313707.5150000001,257.1
-312886.2100000001,256.7
-312101.85000000003,251.6
-311393.12500000006,241.9
-310643.43000000005,239.0
-309720.025,237.8
-308826.1000000001,233.2
-308060.975,226.2
-307473.73,227.8
-306375.70000000007,225.8
-305513.2650000001,244.8
-304631.11500000005,248.6
-303828.1500000001,250.2
-303149.81000000006,240.7
-302150.92000000004,240.2
-301166.00000000006,236.0
-300134.19000000006,239.0
-299075.61500000005,236.1
-298165.86500000005,231.0
-297426.28,224.4
-296754.61500000005,217.1
-294878.86500000005,213.1
-293414.225,212.7
-292505.29000000004,206.7
-291700.74000000005,206.0
-290868.31000000006,207.6
-289612.87000000005,217.1
-288913.79000000004,220.4
-288234.5,234.9
-286336.42500000005,231.0
-285870.05000000005,230.4
-285493.86,231.4
-284659.9550000001,226.4
-283981.32000000007,228.0
-282484.68000000005,231.3
-280642.89,223.7
-279450.74000000005,215.3
-278608.95,211.0
-277669.0450000001,204.5
-276640.9050000001,202.2
-275493.0000000001,193.2
-274307.7150000001,198.4
-273204.63500000007,194.1
-272214.07500000007,193.9
-271215.8300000001,190.4
-270199.6400000001,184.7
-269086.0350000001,198.8
-267990.47000000003,194.2
-267045.5,187.2
-266307.83,188.7
-265057.0,211.7
-264184.45000000007,199.9
-262633.76000000007,228.1
-260867.0950000001,214.6
-260104.57500000004,208.9
-259343.92000000004,205.7
-258944.24000000005,209.6
-257446.89500000005,203.9
-255958.0650000001,204.0
-255110.58500000005,201.9
-254348.66,199.0
-252637.10500000007,195.4
-251806.68000000005,196.7
-251003.7200000001,195.4
-250182.25500000003,213.9
-249440.57000000004,200.2
-247149.87000000005,214.7
-244920.48500000004,219.4
-244238.81000000008,230.4
-243614.0,236.7
-243107.01000000004,249.9
-242632.335,252.3
-242171.765,263.7
-241188.52,280.2
-240735.46,279.0
-239905.4,263.2
-239383.045,259.7
-238240.365,252.8
-237788.66,247.4
-237437.03500000003,245.8
-237058.26,245.6
-236475.335,239.1
-235955.53000000003,243.1
-235441.655,247.4
-234900.8,241.4
-234476.005,252.1
-234040.855,245.2
-230906.06,241.6
-230241.77,233.9
-229179.66,232.4
-227622.04500000004,224.5
-226816.99,233.1
-226489.415,234.5
-225769.97500000003,235.5
-224899.835,215.7
-224309.82500000004,203.3
-222321.50500000003,205.6
-221179.035,208.8
-220589.57500000004,207.1
-219747.46,216.1
-218985.615,214.1
-217117.605,240.5
-216250.785,245.3
-215744.96,251.1
-215465.635,251.7
-214914.965,247.5
-214356.15,242.6
-213962.34,240.3
-213130.745,241.4
-212208.81,251.2
-211380.35,243.4
-210583.075,257.4
-210128.745,239.5
-209627.835,246.9
-209108.465,252.0
-208882.06500000003,247.2
-208225.17,243.9
-208016.085,244.6
-207495.04,242.2
-207132.255,240.5
-206871.57,230.0
-206324.525,237.2
-206158.775,238.1
-205672.89,231.4
-205290.3,229.4
-204946.85,226.3
-204409.935,228.6
-203994.575,232.2
-203625.755,231.9
-203253.275,244.4
-201892.0,247.6
-200794.5,239.1
-199802.0,250.9
-196988.0,242.6
-196377.45,241.2
-195637.35000000003,226.4
-193849.5,220.0
-193176.50000000003,226.5
-191124.5,218.0
-190014.075,220.3
-189304.5,231.4
-187856.5,231.3
-186487.0,210.7
-184461.0,203.4
-182421.0,199.7
-181308.0,198.1
-180246.0,217.7
-179352.0,213.2
-177923.0,207.7
-175779.5,190.1
-175583.92500000002,189.4
-174903.0,190.3
-173883.35,196.0
-172492.0,197.7
-169989.0,197.8
-167564.40000000002,196.6
-166795.5,183.8
-165964.1,186.7
-164834.00000000003,190.1
-164193.0,191.6
-162384.65000000002,196.5
-161908.0,204.3
-158204.99999999997,187.5
-157766.0,185.5
-156716.0,189.0
-154356.8181818182,189.38
-152939.1272727273,196.3
-151824.6575757576,198.78
-149494.85454545452,202.35
-148644.8848484849,202.51
-147516.14545454548,201.78
-146283.46545454545,195.81
-144158.24363636365,193.59
-142849.59090909088,196.02
-141701.30000000002,194.59
-140410.5618181818,196.51
-137999.96969696967,192.75
-136884.296969697,198.55
-135813.42424242423,199.18
-134615.54545454544,203.74
-132572.2787878788,212.43
-131825.80606060606,222.74
-130981.95757575758,224.63
-130759.87878787878,228.0
-130026.24242424245,232.28
-129372.19999999998,241.13
-128868.36363636365,250.84
-128423.0303030303,251.84
-127705.63636363635,260.61
-127128.03636363636,268.44
-126928.0,271.08
-126516.72727272726,285.76
-126222.66666666669,280.72
-126074.47636363636,276.03
-125553.5496969697,276.88
-125363.8303030303,275.78
-125012.0303030303,274.93
-124749.90909090907,273.02
-124063.70303030303,275.15
-123342.63333333336,276.81
-122867.45454545454,275.52
-122454.51515151517,281.54
-122009.48484848483,275.87
-121680.90909090907,274.6
-121063.95454545454,279.16
-120342.36363636365,279.0
-120150.00181818182,278.25
-119891.9696969697,276.61
-119476.01515151517,279.48
-118592.90909090907,276.82
-118194.12121212122,268.73
-117765.5,274.59
-117292.51515151517,267.74
-116708.26969696968,277.72
-115669.36363636365,274.98
-115235.55454545454,274.03
-114525.57575757576,273.63
-113958.57575757576,273.16
-113496.67272727271,276.96
-112865.39393939394,275.07
-112300.0,267.9
-111728.63636363635,260.58
-111169.2696969697,264.75
-110991.72727272728,263.12
-110686.06060606062,256.79
-109926.80000000002,257.93
-108605.36363636365,246.69
-107889.9696969697,244.13
-107179.41818181818,244.44
-106451.90909090907,236.43
-105024.81818181818,240.34
-104418.25454545456,244.83
-104306.37575757576,241.4
-104039.87272727274,257.58
-103557.14848484848,248.78
-103016.44545454546,242.36
-102381.2290909091,238.88
-102324.33333333334,247.7616292879456
-101358.74000000002,240.68407213384208
-100814.77666666664,237.07327561500705
-100021.885,240.0715355271941
-99375.67500000002,244.762424566832
-98593.17833333334,247.872113110669
-98126.84966666665,245.62557787811392
-97411.42233333336,242.98971287919505
-96633.724,243.179887786166
-95977.46450000002,239.85849997327503
-95320.891,242.3540660114772
-94524.88033333336,245.7647295013877
-93971.48316666664,246.19646528867355
-93284.11400000002,242.9141171772084
-92618.54833333332,242.40636016295767
-91873.21366666668,238.2070953273144
-91474.7096,235.1600042216258
-90717.81750000002,232.4556886593581
-89999.738,233.7418402936756
-89495.03066666667,231.12075636405777
-88884.015,231.5586504882781
-88367.294,229.7373814587065
-87746.25753333332,228.87834564758057
-87294.71600000001,227.3783735355835
-86751.04959999997,223.98941409211108
-86186.18,217.8009629500103
-85631.18,223.62974404078184
-85077.63600000001,221.05561058442584
-84548.32453333335,223.3774166240217
-83940.6938333333,228.7630419503089
-83417.46933333334,234.68610329976863
-82986.76899999997,238.42310352799865
-82407.43850000002,243.16072770547603
-81990.89999999997,250.78745315401204
-81604.11216666667,247.1003682352176
-81038.26099999998,246.32246412221588
-80576.7192,240.87295493897983
-80118.79049999997,238.88896579028287
-79761.43100000001,234.13416436720672
-79256.94249999998,230.32953997112173
-78771.78550000001,233.92301778529907
-78380.36249999997,230.6005847869417
-77927.75800000002,234.7426828516585
-77460.36299999998,229.25533496544972
-77019.54013333334,227.2993454606292
-76557.94999999998,224.1427524434798
-76130.753,226.64717080896844
-75665.91499999998,224.91795384960736
-75106.4805,231.68344444807624
-74746.73599999998,238.01317290414423
-74297.47216666667,239.34140543854343
-73900.65049999999,249.9395723649484
-73595.13366666668,249.52367746086176
-73117.95149999997,243.2700059361268
-72575.645,241.2403946279206
-72271.48233333335,231.3339802376306
-71800.95566666668,232.73507960739272
-71269.31633333334,230.8909584063356
-70916.04366666666,232.33476105332247
-70540.14999999998,232.7908655423784
-70142.81486666668,239.45635365708617
-69743.65023333335,237.5634446299485
-69329.16903333334,235.0157701160404
-68978.87216666664,225.17215906542413
-68477.26266666668,220.32661122546068
-68102.1648,215.55081317503783
-67642.01713333334,211.2583877926514
-67131.5285,205.420359086996
-66669.99346666667,203.42547248921588
-66196.18849999999,200.17043811242027
-65779.6785,203.758804582249
-65364.5875,201.14189964947187
-65009.710666666666,207.20522458616009
-64489.3055,204.3859977224767
-63987.23266666668,200.59108353507256
-63814.51269999999,198.17360428453372
-63596.44649999999,208.9757824141881
-63096.72066666667,199.17080568979725
-62917.4226,201.6702793802828
-62707.29413333334,203.6954666984904
-62163.77896666667,199.7280299125443
-61946.87993333334,197.242366435254
-61605.79266666668,197.40343593339367
-61010.89566666668,200.14813320360096
-60824.57333333335,202.7086782342372
-60602.00602222222,202.5567478249938
-59950.7233,206.3768851547348
-59604.1108,210.90340290966515
-59284.84403333334,210.56770709704924
-59110.877466666665,207.954258455404
-58867.61723333333,213.77895408048403
-58566.6315,217.25313232793505
-58423.05923333333,212.8709102876108
-58159.88306666667,216.6606807562948
-57783.46935,223.454816116
-57430.40500000001,226.3532918442512
-57155.06914999999,231.2935761342168
-56483.31999999999,223.14855036746204
-56267.01230000002,224.3533976707648
-55893.72470000001,223.71829246142204
-55526.26499999999,217.3763243825505
-55260.94264999999,215.69652704379405
-54553.58249999998,212.4366913146648
-54287.12940000001,207.67411308560085
-53959.53739999998,210.2748744860088
-53603.13,214.7766439566713
-53343.45915,208.19350573591464
-53064.48765000002,216.8579026931373
-52744.61249999999,213.88701388029443
-52437.125000000015,217.9567383202817
-52206.60319999998,220.3743647767866
-51856.25204999999,221.13790909272413
-51450.45315000001,223.261990272584
-51158.25250000001,223.71721395019227
-50850.742500000015,221.1479059817251
-50623.676,220.7236106732058
-50434.780900000005,219.08254103386616
-50136.81984999999,213.81781717736385
-49829.530000000006,215.07712976760632
-49481.4466,211.57084710504336
-49079.17010000002,207.63643592103045
-48577.41474999999,207.40999031146947
-48270.5469,206.744026938688
-48056.51000000001,204.37676012041777
-47778.31500000001,203.8713291389937
-47512.65525,204.0580378539165
-47352.98039999999,200.12004323663527
-47037.95264999999,201.57862918592315
-46477.85999999999,200.97514386943084
-46273.18175000001,206.18208295015896
-45993.7511,205.65965094423697
-45760.390000000014,203.7878948817506
-45574.35689999999,204.2599351400208
-45364.97619999998,207.5966069009341
-45136.27499999999,210.2720270577908
-44937.935000000005,210.8376323281788
-44796.4378,214.1828461994789
-44685.902,216.41663219437743
-44358.5475,218.34888238109227
-44231.255,219.24687294689664
-44107.33380000001,221.7721744693644
-43927.10855000001,222.71746789063323
-43746.05500000001,217.51186974587569
-43510.322400000005,214.5013713408328
-43330.38750000001,213.9182293789752
-43192.015,207.9533487146811
-43046.15699999999,211.4870756888481
-42866.0105,210.4383494018988
-42705.53499999998,212.28537276723185
-42540.50250000001,204.82615482707928
-42400.46499999999,206.2215634864937
-42254.44639999999,201.99679013111552
-42145.19614999999,204.30591912829976
-41859.01,201.68967291161368
-41711.15755,203.1809190815252
-41565.82055000001,204.2219503591491
-41400.662500000006,201.66462398159248
-41221.885,203.1620719019197
-41018.0782,204.26047843855287
-40899.867,206.35415471090323
-40678.3001,204.82674347655345
-40365.817500000005,200.8960917386434
-39950.68680000001,199.89056576724948
-39809.2075,201.12434903906265
-39655.9736,205.4900663672548
-39353.5942,204.18539759772148
-39217.90404000001,201.5320304267976
-38957.388600000006,200.96619797440223
-38804.3,200.46615960740988
-38603.43999999997,201.4844524663304
-38535.94648,201.3226860426168
-38358.4,197.90454896091208
-38195.3,193.690311850125
-38162.1,193.08131430805
-38092.7,192.5956555545
-37950.5,197.55250733926664
-37934.99999999999,193.873098888
-37807.100000000006,193.581354240625
-37759.2,196.6742707386
-37671.00000000001,195.70159247466665
-37565.4,200.402973875925
-37504.4,198.138503631
-37452.9,191.53156337775
-37429.4,204.77737582488
-37389.8,207.868080375675
-37369.9,209.326456305
-37353.2,209.495641888
-37315.7,208.685091262475
-37170.50000000001,207.323585223
-37103.6,204.2829889158
-37026.8,202.3448524395
-37005.6,205.98808959113333
-36924.7,205.650989878
-36862.6,206.085787558
-36773.4,206.543994036
-36720.8,204.455553872625
-36671.8,204.7919056404
-36623.6,208.23327262075
-36583.2,210.07869060075
-36522.9,207.2301825856
-36462.8,210.7947524055
-36409.2,207.99977968
-36334.2,207.411157001
-36242.4,206.5229252229
-36215.59999999999,208.335059710425
-36138.5,214.3603925775
-36050.3,211.213425214
-35945.0,214.2064208262
-35827.2,212.09241359079
-35697.5,212.135905967
-35668.600000000006,214.2958990008333
-35511.3,209.8366778265
-35481.0,212.5055286975
-35388.1,206.586570978
-35352.0,209.65639176
-35346.5,208.25190909
-35193.2,207.34584681975
-35168.600000000006,210.157174784
-35073.4,206.3568576216
-34989.8,203.514345808
-34870.2,202.76033458287492
-34762.8,203.7543230524
-34719.6,203.76951759
-34641.8,205.10239260525
-34556.3,198.9617645275
-34311.8,200.09164615275
-34223.100000000006,201.7797825328
-34136.5,204.123014498
-33998.3,198.799944457875
-33904.6,203.2886587452
-33751.600000000006,200.5019756069
-33722.50000000001,201.81310262977505
-33617.99999999999,201.8276293501
-33580.7,201.88660042935
-33558.5,202.041266727
-33547.09999999999,201.06305549865
-33495.8,200.29875552115
-33433.0,201.35769286432503
-33409.4,203.6185257355
-33387.0,204.46706210535
-33331.7,205.3761847385
-33215.8,203.60050857025
-33139.6,198.7828307793
-32916.8,203.0917776366
-32875.6,202.795646976
-32760.6,197.16130487225
-32697.800000000003,198.89171239745
-32670.0,200.2924224414
-32652.6,199.48892964
-32606.9,199.6474818549
-32384.4,196.201852015
-32362.800000000003,196.266613322
-32300.800000000003,195.7913334535
-32240.300000000003,194.8874767012333
-32114.200000000004,195.93175875275
-32041.5,195.41091567172492
-32007.0,196.47191999325
-31975.899999999998,194.47027317217496
-31957.499999999996,194.46060405395
-31935.7,195.2662323655
-31891.000000000007,195.627148340675
-31808.10000000001,200.03106638475
-31605.300000000003,197.79975641045
-31541.399999999998,197.12526326695
-31467.5,196.89622890765
-31198.300000000003,197.646004846875
-31059.0,196.32609642975
-30930.9,196.70181603277496
-30863.10000000001,199.302319209275
-30764.1,195.93861278715
-30727.8,195.08012700165003
-30644.6,194.4295742917
-30561.1,194.606829741
-30484.8,194.110429478875
-30411.2,195.247244775875
-30357.9,192.46518778166669
-30200.6,196.9080549903
-30197.5,196.4166558834
-30129.599999999995,193.90502757875
-30076.9,193.3257604058
-29983.9,192.507154839675
-29868.4,192.9276430365
-29842.1,193.71283854975
-29574.1,189.946864958
-29406.4,188.4753253155
-29155.2,187.999563507075
-28825.7,190.3322228457
-28763.0,187.1432812245
-28578.800000000003,182.936081584225
-28450.5,184.2981804458
-28362.7,185.9886464213
-28327.9,186.5173876995
-28231.7,188.475316491
-28151.5,188.2467783878
-28049.0,191.5673410079
-28002.1,191.375496743275
-27887.800000000003,190.9669244527
-27792.8,191.28441196185
-27731.2,189.77280474485
-27659.2,189.24251845
-27460.2,189.2132558424
-27416.1,189.82870639425
-27373.9,191.0119519104
-27299.6,192.39141674277
-27255.3,188.0966829643
-27200.7,192.26433856792505
-27058.9,192.8724796734
-26998.6,193.2594032754
-26952.7,192.68758991725
-26891.9,193.8897968002
-26774.3,193.80250764615
-26676.4,192.8154242622
-26627.4,193.1001041801
-26476.9,189.6458701976
-26463.9,189.156744422
-26419.7,192.63389865615
-26321.6,191.5941937651
-26264.1,191.816137593
-26147.3,189.95757968037492
-26023.2,189.286787345625
-25977.1,188.98634898427505
-25935.0,189.27849064935
-25916.4,190.5849616488
-25870.7,187.586392521325
-25768.6,189.304523923175
-25764.1,190.6078690615
-25737.0,192.712370759625
-25711.3,191.46001174245
-25636.4,191.95350057715
-25599.7,191.5337587855875
-25552.800000000003,191.23379793375
-25491.9,191.953133708875
-25330.1,190.0614572262
-25220.2,194.928153007
-25134.800000000003,186.271358966325
-25092.0,187.3935686286
-25004.9,188.0846282088
-24907.8,186.43114764435
-24753.7,185.43660435787496
-24587.1,185.5131813934
-24510.7,186.0128248
-24365.000000000004,183.7673068405
-24304.5,184.5716823558
-24066.000000000004,184.51815170625
-23836.0,186.541161542
-23593.6,183.378918299
-23401.1,182.66041686875
-23213.6,180.69369987575
-22693.6,180.565516782075
-22319.8,186.726894870075
-22127.7,184.6823772
-21923.8,183.12944747075
-21650.5,187.985359152
-21495.2,186.77935625475
-21408.4,193.532820435975
-21326.7,197.67188495835
-21235.0,188.6041093398
-21157.3,190.08050149462505
-21063.8,190.53007546182505
-21044.0,189.397339585125
-20883.6,186.13368892427505
-20799.300000000003,190.0135889095
-20700.8,188.4866056205
-20654.1,185.207494535
-20600.1,184.67921815
-20397.6,187.0216472475
-20342.2,187.2242115241
-20280.886,191.2705275530216
-20105.594,187.38113959770783
-19963.629,190.7825043804128
-19840.593,187.9571766507431
-19612.853,185.2260525920329
-19395.184,187.24278170075527
-19262.702,190.05178294941012
-19117.69,188.40117180397905
-19014.428,190.87078412905063
-18878.392,192.6575020110712
-18716.489,187.76130879373025
-18586.804,193.92595404672443
-18457.601,189.9902249511881
-18263.307,190.47301770392272
-18068.696,193.72302093582547
-17933.882,196.05515178135056
-17841.188,193.60063929670704
-17679.493,191.41876528996983
-17618.151,188.95303905155183
-17492.725,191.51661846127155
-17332.155,191.584282023408
-17202.786,191.0855048576497
-17043.816,192.7099140092297
-16916.913,188.49917580509657
-16885.152,188.43646889385016
-16853.635,192.9746062473733
-16797.045,191.2709926696737
-16727.396,193.90294365325792
-16632.943,188.57060817148653
-16569.994,187.6657005045612
-16536.591,187.0879474951784
-16507.829,187.44688100668245
-16472.425,188.4698498760077
-16441.159,188.2127161368506
-16410.352,188.7315750218416
-16374.393,187.1210722823276
-16345.805,189.03208526365853
-16314.682,188.52153443206024
-16282.181,188.87750852438725
-16251.792,185.64837724764448
-16223.163,189.0114574096496
-16189.755,184.87510819689115
-16160.627,188.59044595252612
-16131.597000000002,188.64072093684447
-16100.092,187.7267726989902
-16074.45,187.78531136917945
-16042.042,188.9556833468375
-16015.825,188.6564989836098
-15985.988,188.54215704394005
-15957.158,191.7237910053392
-15930.995,190.2606131810841
-15904.603,189.51763426245728
-15875.432,191.20739896471937
-15847.574,187.25256339861124
-15819.713,191.7049630706334
-15793.75,190.411456374954
-15767.049,189.5231390515472
-15741.214,191.5189594499656
-15715.057,194.3760035369042
-15687.878,193.21020619774924
-15662.004,195.79039289658348
-15636.251,196.9632882286796
-15611.459,192.6236483930915
-15584.589,192.37047527166976
-15560.868,191.5857343990861
-15535.291,191.4761142959414
-15510.991000000002,193.00049226913703
-15484.971,190.75739808941373
-15460.026000000002,191.8856673685563
-15435.299,193.02021337722056
-15410.496,190.50284337603904
-15361.873,194.651413175494
-15337.896,195.87573909141443
-15286.245,198.29417538469403
-15213.698,198.631089252931
-15141.847000000002,202.1012164231453
-15044.774,204.3247383426767
-14978.830999999998,202.9290476816134
-14919.315,205.18509194320177
-14847.544999999998,205.5254887694144
-14783.527999999998,210.24939480334604
-14705.879,213.15469236971649
-14640.012,208.4614276166706
-14603.508999999998,208.65010901966772
-14559.932,207.9470733853761
-14522.034,213.9380167825644
-14508.381,217.18722610003744
-14481.323,211.7934498012063
-14460.705999999998,212.94888538923
-14441.886,209.50810411665643
-14424.888,211.2133503062316
-14404.228,214.8309479320241
-14387.251,212.4297076897044
-14367.429,214.5978424508933
-14346.958,212.84367513227136
-14328.743,214.2212288682848
-14310.727,218.56382460975144
-14290.564,220.48517092637948
-14272.957,223.2363153157684
-14258.708,227.3244742360862
-14237.461,221.48984625503212
-14216.707,226.1908800011438
-14201.209,224.8625784974834
-14164.135,222.4115117516632
-14133.0,224.242360124708
-14083.783,224.4802221411913
-14064.67,222.39327867419092
-14048.978,224.4079901815647
-14045.492,223.7224506956352
-13986.522,223.7681909549173
-13970.254,223.5107392974745
-13894.953,222.36468715588023
-13817.681,224.8571801594681
-13754.787,222.1576434042996
-13699.43,222.7583450509724
-13596.395,223.5305343345643
-13512.934,223.2710402890986
-13460.078,224.74311624898783
-13432.846,225.38795165189697
-13395.237,228.9165200283857
-13370.944,227.643060952884
-13330.741,225.77162913978188
-13293.443,228.26585961041692
-13268.875,230.18339813242304
-13231.113,227.84358475209112
-13206.516,228.8057322422929
-13183.528,229.6716065699829
-13145.81,234.47446894840783
-13122.534,228.9948074515769
-13084.777,225.38083520649624
-13061.48,228.3650655244248
-13037.256,227.65098593922204
-13026.478,229.78672581367329
-13003.662,228.890295544307
-12979.02,228.46979297537328
-12965.908,228.3587950722309
-12954.212,228.71528957073207
-12942.457,230.6301423785333
-12930.662,227.85150672131329
-12919.177,232.22123314488172
-12907.525,233.1674385645637
-12894.772,227.87363187172843
-12884.75,228.4041873231957
-12872.391,226.50690563613685
-12860.614,227.5760816830967
-12849.135,228.50250206425628
-12837.831,227.78536212593403
-12826.283,227.3927296719852
-12813.412,224.64412988292017
-12808.515,227.9025821178081
-12793.189,231.47501430697423
-12780.883,234.53668908061687
-12768.124,230.5296191365043
-12756.958,228.1794674192821
-12746.689,228.9069484734525
-12736.374,237.4924390193572
-12725.119,234.33541847308945
-12714.087,233.4167859001804
-12702.256,234.62208303328032
-12695.202,238.11592408247537
-12679.987,240.102021264826
-12669.389,237.970723841254
-12656.209,237.58632963935628
-12645.468,235.309514173436
-12636.185,237.9659544143376
-12625.933,239.76503812675872
-12613.518,239.8599976613368
-12602.933,241.729807649943
-12591.662,235.8323421305916
-12581.297,243.17377294839463
-12570.852,241.1441164192452
-12547.209,242.05538663336657
-12513.583,238.61345734214723
-12493.283,240.9489026098227
-12472.234,242.6046029893104
-12460.597,242.5463915992586
-12424.989,240.3252352260465
-12404.483,238.39005888170092
-12393.156,242.07891889663432
-12358.608,235.8013722168602
-12348.717,239.03677680876376
-12323.024,240.21229536304708
-12287.445,236.59503531115416
-12255.559,238.3613364190683
-12229.551,239.36064776017065
-12206.604,239.2381868013861
-12170.057,236.39805979670948
-12134.472,232.88000615516705
-12110.093,241.2691650036853
-12072.859,237.8687866200197
-12051.788,235.91958262522573
-11990.228,240.5703386445421
-11921.566,237.9515851667121
-11877.204,239.0843507235488
-11808.73,241.11490412197253
-11762.826,241.59139134507328
-11695.346,238.54747522687632
-11650.809,243.85979844717
-11581.749,235.8255291423037
-11536.737,240.25427358439865
-11468.103,237.82629259075324
-11354.149,236.8602209016533
-11316.965,240.4197733780046
-11266.195,239.4098936541896
-11222.67,236.9100647065016
-11178.448,234.8172845805215
-11138.223,241.5552999030114
-11116.591,237.9090254487845
-11093.693,238.86480110696388
-11071.916,234.67711437690164
-11051.057,239.41877622767905
-11030.883,237.14801820813656
-11009.751,240.7072616624785
-10989.228,238.17670710529904
-10967.105,238.7942418996904
-10943.384,239.43542944264075
-10923.977,241.2383063619222
-10902.706,239.34501708789696
-10880.152,242.14661205332536
-10859.27,242.2333501787688
-10835.627,241.4960201489729
-10812.577,240.0194403921716
-10789.914,247.29878007926465
-10769.8,241.5919394471499
-10747.141,244.24252191664183
-10723.897,242.52904430354567
-10703.637,243.94829999483665
-10679.853,246.94327763185444
-10657.644,248.09151906637945
-10636.604,247.01866418752644
-10614.615,244.27496932125192
-10593.717,249.9226267174943
-10571.35,246.7361603977909
-10545.838,244.42282246806465
-10525.39,246.1791753476704
-10504.817,245.828192028346
-10481.925,247.67023851530325
-10459.378,246.4034368607132
-10438.308,243.00399847303908
-10415.281,244.30941964788173
-10393.121,246.9665079337188
-10371.276,250.7315436936512
-10351.036,248.9240190698803
-10330.774,249.37721064234103
-10306.477,248.95174624217293
-10282.921,249.2318205544177
-10261.34,249.6533400802813
-10240.414,250.96816256782247
-10218.481,251.42428040746907
-10196.495,251.13879991205624
-10174.583,253.01913649818056
-10155.248,255.6570401748525
-10129.849,251.03138662276533
-10108.796,253.0980369479649
-10087.316,248.4071332197136
-10065.895,247.85064164274337
-10040.691,255.3912977602452
-10019.551,253.9931437879996
-9998.086,248.91570205793047
-9976.956,258.57498699245264
-9954.912,255.8965753132392
-9933.166,251.56174454316204
-9913.118,253.6295799831633
-9893.327,254.31017470730887
-9870.5,257.16871076552565
-9852.789,258.53058047537485
-9830.723,258.24947010276907
-9809.212,258.7419682040664
-9790.65,255.89086904448925
-9769.717,256.0430608603061
-9751.438,253.99089690085395
-9732.818,254.6155973344712
-9714.542,247.5528586529488
-9697.924,257.13429330946656
-9678.966,266.2202091929294
-9661.307,261.3035570908851
-9642.243,260.7019637596007
-9626.406,267.0926460402798
-9609.612,262.7402713424808
-9593.596,266.8975316078414
-9573.934,269.5087267559184
-9557.225,267.66344435702626
-9540.446,267.1659882944808
-9522.799,269.09658248435426
-9503.064,268.86948241809176
-9485.931,270.14345909208504
-9467.453,264.4831386910426
-9449.861,268.1638827775123
-9433.156,264.8396344162771
-9389.371,264.8062514925239
-9366.978787878788,264.1
-9306.56787878788,264.4
-9250.576363636364,265.3
-9235.87090909091,265.0
-9211.063636363637,264.8
-9139.615757575755,264.8
-9004.478787878788,267.6
-8885.743636363635,265.1
-8851.809090909092,266.0
-8730.480000000003,266.9
-8555.551515151516,267.5
-8416.55575757576,264.9
-8349.554545454546,265.7
-8242.954545454544,263.4
-8184.503030303031,264.0
-8042.609575757577,264.2
-7951.037878787878,264.4
-7623.266606060606,263.8
-7605.863939393939,263.0
-7574.439454545454,260.9
-7568.059030303029,260.6
-7486.703454545452,265.2
-7411.11696969697,263.8
-7345.308848484849,263.7
-7193.01284848485,262.0
-7110.173939393941,259.3
-7042.985757575756,260.4
-6961.853878787877,260.9
-6831.282363636365,259.0
-6760.678181818183,261.8
-6596.579090909092,260.7
-6509.6757575757565,261.3
-6401.876727272727,258.3
-6244.798787878788,259.3
-6166.284242424243,259.6
-6025.853939393939,260.8
-5976.3653939393935,259.2
-5910.1816363636335,259.7
-5769.591515151516,260.4
-5711.366363636364,260.1
-5547.865393939395,258.4
-5455.323818181818,260.7
-5324.009999999999,263.0
-5238.070303030302,262.3
-5088.269878787879,257.6
-5020.077393939396,258.1
-4930.308666666668,262.9
-4819.652545454545,262.1
-4732.545393939393,259.4
-4622.291575757575,261.1
-4451.244848484847,261.2
-4387.206909090909,262.7
-4351.963333333333,263.2
-4139.807878787879,265.5
-4049.376060606061,266.7
-3984.0914545454543,260.7
-3902.259636363636,265.5
-3807.6063636363633,265.9
-3631.297333333333,267.6
-3583.289575757576,265.2
-3407.548545454545,265.3
-3361.1757575757574,267.6
-3268.5661818181834,269.8
-3136.7899393939388,268.6
-3031.5798787878784,269.3
-2971.2018181818185,270.7
-2823.0015151515154,271.5
-2697.4629090909093,269.8
-2642.8192727272726,269.1
-2544.362424242425,271.1
-2392.822424242424,271.5
-2325.076666666667,272.8
-2255.842363636364,271.6
-2158.6667272727277,271.7
-2018.950606060605,274.9
-1906.166363636364,275.4
-1856.856969696969,271.5
-1743.407696969697,273.0
-1694.462727272728,273.4
-1578.2878787878783,275.0
-1481.1192727272728,274.0
-1333.661575757576,273.1
-1305.7281818181818,276.3
-1106.604242424242,274.6
-998.8163030303032,276.3
-954.5469090909088,274.7
-851.7606666666657,275.3
-758.4754545454548,278.9
-678.0157575757571,273.9
-576.1249696969699,277.9
-464.3166666666666,277.6
-315.5493333333334,276.7
-284.2352727272724,276.7
-143.35909090909172,276.9
-49.70909090909004,278.0
1.0,276.7
30.0,277.9
56.0,277.4
104.0,277.5
136.0,278.1
153.5307600000001,278.0719954240161
174.53361999999993,277.55589209790946
240.6014,280.2490871903012
266.0953100000001,278.31439989271746
274.44391999999993,280.2444922059889
295.60457,280.9089598541969
317.5457899999999,281.692138914424
357.33356000000003,277.79537780888165
384.22688,277.24691789826335
406.36455,279.12520908544417
436.9383399999999,279.9999146746923
488.13194,277.1056915049757
517.9561100000001,276.789519068584
551.6216199999999,276.5590465243607
557.4683299999999,278.4608975547629
582.40769,276.19603745957005
614.5245599999998,277.86971612986054
636.9992299999999,279.58805021854124
669.1763599999999,278.45496800258206
701.24993,277.098940914164
730.4335000000001,279.9902637416671
762.29546,279.29371083930937
793.1049599999999,279.72469920818
822.3277800000001,278.62300321449914
875.4102,279.42044060983585
914.12816,280.10552589040225
957.65264,277.4071684030988
982.65417,278.7402401551619
1017.57791,279.7987034131486
1019.27216,280.06452973881244
1040.07917,280.9161701585891
1049.17706,280.9667443357615
1070.2027,282.8444160166049
1099.4098,283.0944582572788
1115.6089,282.8416314024614
1146.2869,284.510584449478
1165.9816,283.9659747066713
1199.8114,284.54004420226613
1210.955,283.68828915610504
1251.2694,282.41311047504325
1259.5071,282.199286054067
1278.1968,278.4312489162189
1307.4472,281.5784089788515
1330.12,284.0676432722511
1348.8499,278.3621212274177
1390.3321,280.9115788303861
1410.8606,279.6965499485699
1428.8044,279.7256958832981
1449.1638,282.22658040584827
1469.3968,280.3125047226672
1501.5286,283.1247803916497
1529.6757,283.94789036843633
1549.6475,283.5296825674026
1559.8629,281.82904146165555
1573.0129,282.5698274885973
1588.1767,281.10892823134105
1590.9906,279.3568610690018
1603.4186,275.066577843599
1609.4608,271.1090304670288
1628.5993,273.7807623120456
1639.8145,276.6872122505445
1649.0969,278.0152295252318
1681.8943,276.6596678045921
1689.7414,276.3246167739362
1694.0664,277.35805088594464
1722.8644,278.27011023020174
1723.0074,277.01330979867544
1733.872,278.3109424912346
1741.2572,276.8090000432731
1749.1199,277.6000738939942
1751.9316,276.4573287163011
1752.1294,278.00200109884094
1762.8782,277.15568662096365
1763.6968,276.3961020284933
1773.4555,277.8559524780317
1779.4891,280.2362981843688
1780.2999,273.07371696468044
1794.0965,281.6171179507893
1795.9435,282.3047106620081
1796.4715,280.4044366600032
1799.3364,282.7995518984052
1813.6597,284.43128758236145
1824.745,281.3603652847592
1826.9223,285.90893992625405
1832.87377618,285.0861666968484
1833.1772,283.82039231033946
1836.7002,284.151983964357
1840.82815717,283.6545457229947
1843.29321289,281.58148260537183
1844.46111002,283.5311237194569
1844.65465393,283.1828720355646
1845.90489061,283.6198856894272
1847.3218,286.839237474432
1850.2623816,284.00163402345765
1850.827,288.7903954001126
1851.10564731,285.4658308627274
1853.70827504,288.05443747992655
1854.71838118,285.56557722684016
1856.62032773,283.16210074754474
1858.84404142,286.6330756116753
1861.83448069,287.17456217295097
1862.97855574,285.3533187571561
1864.12838177,286.654158160582
1866.74388795,285.05229227816864
1867.7304,287.9922513016967
1868.41491309,289.53614491302415
1869.65612172,287.9864944292303
1870.0446858,286.32578146070443
1872.82637783,286.6550967370638
1873.73798032,291.5581974658393
1876.90521677,289.3281310647417
1879.95058398,287.7707291897673
1882.92235372,292.46393479402104
1883.79147243,289.7624132149648
1884.1799,289.2265988139854
1885.60012903,288.1157636999787
1887.39446673,294.34178746728605
1889.00748053,292.3423879392772
1889.86894219,290.9175394046256
1892.39051854,295.17192926023625
1892.87839551,294.8594308441452
1893.0603,295.3164626735822
1893.65882106,293.16654166689625
1893.75632496,293.80883068272027
1898.65716031,295.2814574829282
1898.94240499,297.0473645165553
1900.17835076,294.2207216000332
1901.70187471,295.6106368299745
1903.90652534,295.9913578166476
1905.35080414,299.0235966178361
1905.54356331,297.32821856127947
1905.7742,299.62686294971274
1908.52390789,301.5041354046444
1909.76476931,297.86910679162327
1910.71585085,298.10624698316605
1911.09538844,297.7268153632511
1911.28501404,299.25727749401767
1912.51514031,301.29772622272134
1914.39299596,300.7000886560916
1915.78603087,301.9151507114715
1917.87458812,303.85222132002366
1918.6683988,304.61320734820134
1919.7077812,301.8758603769565
1922.50504221,303.1815383191544
1922.83688341,306.1986242999216
1924.74838102,304.7159146968185
1925.31304291,304.96915678718324
1927.79645963,308.01874186181465
1928.1568,305.66786848134046
1928.53930677,305.7053721667773
1928.7436,305.78294147245686
1929.38632573,305.3808267142061
1930.82969384,305.7409186942765
1932.2936042,308.25556223436706
1932.53729929,308.27919921307927
1932.78092443,305.94402817135216
1933.59304922,307.0755443187391
1933.8764246,309.6306260790445
1935.05630111,306.3197983876916
1935.70945667,307.25859856593024
1935.87335809,309.3446868650601
1936.8632143,307.4076931745866
1937.76669305,312.3293254879136
1937.86788013,311.52050972739016
1938.12985249,311.94102882822733
1938.1616,308.47982780846024
1938.96772264,310.4566675193962
1939.22248508,311.21179432912515
1939.59182732,310.9510867188181
1939.969,309.80091502114107
1940.75400876,307.7386635857962
1940.83941537,311.80226771747726
1941.77969825,312.393938618938
1942.03541285,312.8437329659678
1942.20734108,311.878053578341
1943.57364794,312.36164019507424
1944.50904266,310.224309572614
1944.76432292,311.2775834649954
1944.96280981,310.440204448011
1945.38738873,311.8114965345337
1945.55722017,311.9671347125998
1945.61583916,312.5596867804179
1946.62686004,312.8663621464335
1946.66339683,310.36290017732523
1947.7064869,311.57094999761165
1948.77405468,309.6939936066409
1949.66847174,313.6602846482332
1950.2509,312.0017776102837
1952.38391817,312.1844627182946
1953.55856136,312.22274083278216
1953.71393737,312.8003637775662
1953.79154436,313.1710570119369
1954.79596465,314.7139613439055
1956.1572,315.342073915026
1957.1037471,314.4370577968855
1957.20337364,316.3253801823537
1957.25753884,315.2703546298443
1957.87242429,314.57216625352925
1958.10278585,316.1014028920352
1958.56297112,316.3340200101121
1959.09269585,311.98389241638387
1960.3140448,313.0933880516286
1960.56866172,318.20658038167187
1961.7159,316.59261011941027
1962.3219164,317.5216280215933
1962.39534109,319.1381732232432
1962.54209154,317.4481354802273
1962.61527986,318.61106261456985
1963.20001828,319.06606441856763
1963.56449559,319.12347301713646
1965.22634923,319.8929363220089
1965.29787811,319.1950596158425
1965.86601157,320.98156635342656
1966.54523533,322.1747797142201
1966.78904408,320.4923553617883
1968.53874856,320.38065078205506
1968.81386949,324.08551736938495
1968.98437083,325.07717594979096
1969.42321802,324.70605757685405
1970.22168348,324.5570616692709
1970.63715024,324.9059936630005
1970.65630201,326.6491948420144
1970.87268198,326.3093257445175
1972.04101781,330.3504422217994
1972.08833438,328.4158880123276
1974.13341332,331.54980566810485
1975.57092123,332.3656863259178
1976.67036968,332.3689555204767
1976.79675037,335.5469534579232
1979.14258988,334.84855553252345
1983.02591866,339.4604885213476
1983.07684987,341.3292967441024
1984.91675295,342.0519764062061
1985.76218002,343.1107520502481
1986.14322834,343.9736767615952
1986.6160162,344.71776861346984
1987.2085916,345.44120600376243
1988.06951193,347.59740561133145
1988.96633494,349.27841464963046
1989.40796781,349.8002703595191
1989.97139973,350.8086522409729
1991.13481671,352.41630841973364
1992.31351706,353.72423581425323
1993.08,353.94668533391206
1994.40564212,357.10673969933646
1996.27927213,359.6477931830841
1998.0,361.78073658846415
2001.03,368.02248790241714
2002.0,373.45
2003.0,375.98
2004.0,377.7
2005.0,379.98
2006.0,382.09
2007.0,384.02
2008.0,385.83
2009.0,387.64
2010.0,390.1
2011.0,391.85
2012.0,394.06
2013.0,396.74
2014.0,398.81
2015.0,401.01
2016.0,404.41
2017.0,406.76
2018.0,408.72
2019.0,411.65
2020.0,414.21
2021.0,416.41
2022.0,418.53
