Year,CO2 (ppmv),Temperature Anomaly [Â°C],Year(for Temp)
-803718.8684046668,207.28544010704545,-8.82,1148.338
-803182.4423336205,202.2268391289192,-8.92,1149.411
-802572.6746300211,204.8619380343144,-8.88,1150.499
-802059.8706065303,207.49864546768265,-8.54,1151.557
-801975.2843758516,202.92172318213744,-8.73,1152.592
-801759.2524242424,202.64710592439064,-8.53,1153.551
-800922.087424243,198.6572141815183,-8.23,1154.444
-799286.0590909094,198.68361088983107,-7.33,1155.292
-796731.2978787882,200.4894558655116,-6.51,1156.124
-795428.8181818188,197.90878630711256,-5.91,1156.921
-794902.590909091,198.7924036449917,-5.61,1157.6689999999999
-793737.3181818175,204.617506415808,-5.05,1158.382
-793172.454545454,208.7893628439667,-4.27,1159.063
-791902.7583333338,218.3926416685888,-3.7,1159.7179999999998
-791569.3888888892,213.35775959891657,-3.09,1160.365
-790667.3012121207,214.4503513988741,-2.59,1160.981
-790080.783636363,224.68576227610308,-2.37,1161.558
-789106.8827272729,230.5501346789688,-1.75,1162.115
-788689.4051515154,227.37775029010007,-0.54,1162.702
-788003.0090909094,235.48574308581584,-0.63,1163.2939999999999
-787544.0409090909,238.64095357456617,-1.04,1163.895
-786741.8715151517,257.0184549055622,-1.05,1164.53
-786529.2399999999,257.19893666253785,-1.15,1165.17
-785853.5690909092,265.99732874144445,-1.71,1165.827
-785405.5127272734,269.3559592885488,-1.7,1166.472
-784613.2569696968,264.34502908314164,-2.04,1167.144
-784239.6018181813,262.229808343788,-1.84,1167.8200000000002
-783569.0509090904,259.66462384723866,-2.28,1168.481
-783084.0824242425,255.84554031289508,-2.37,1169.137
-782311.7558787881,260.9181501208988,-2.17,1169.7910000000002
-781248.5296969693,255.01817636257545,-2.13,1170.451
-780778.4496969697,257.43630369580933,-2.17,1171.127
-779936.6818181819,251.50919000069743,-2.34,1171.799
-779612.8318181814,257.21033919112165,-2.67,1172.464
-778769.4363636365,252.52125685420285,-2.7,1173.1390000000001
-778238.9227272724,254.4321062869957,-2.69,1173.841
-777417.5454545458,254.6895620893129,-2.96,1174.558
-777107.9836363638,254.92704442683268,-3.47,1175.297
-776282.7918181821,252.455538875688,-3.82,1176.0430000000001
-775731.7496969699,247.3032103301009,-4.13,1176.761
-774832.6969696968,248.92347258064217,-4.52,1177.4470000000001
-774382.2587878784,245.3180552676516,-4.32,1178.0929999999998
-773588.0110606056,241.7410824819303,-3.93,1178.751
-773008.808181818,238.3850775692524,-3.8,1179.441
-772094.1363636358,239.2312024030053,-3.84,1180.1689999999999
-771734.4690909092,237.7794476149145,-4.54,1180.9279999999999
-771299.8181818182,246.030581800184,-5.33,1181.701
-771045.6363636361,243.85475201990903,-6.0,1182.442
-770787.9595454549,246.4945680375353,-6.4,1183.12
-770524.5636363636,243.88525238228883,-6.22,1183.762
-770225.2645454548,239.7120056138232,-5.56,1184.3719999999998
-769862.666666667,234.24054819146696,-5.1,1184.984
-769569.3333333333,236.31890028889168,-4.76,1185.601
-769070.6666666664,229.56423626852964,-4.72,1186.239
-768649.1466666668,230.62690342109488,-5.16,1186.917
-767701.4236363642,225.86635666623,-5.78,1187.613
-767111.3843939397,221.6409365039408,-6.72,1188.308
-766167.2575757578,223.8179649132784,-7.33,1188.978
-765797.1624242424,224.86466602091244,-7.27,1189.583
-764858.9121212122,230.6229188352788,-7.12,1190.162
-764238.504545454,232.1154554720444,-6.43,1190.7179999999998
-763901.4848484849,229.40748753827657,-6.07,1191.243
-763636.6363636359,233.66090567198847,-5.77,1191.7350000000001
-763231.816565657,222.92608638468548,-5.3,1192.242
-762726.8824242424,223.89295015434172,-5.09,1192.78
-761820.5842424238,219.9481576823577,-5.5,1193.357
-761151.8036363634,213.9998028589904,-6.25,1193.94
-760216.0430303031,214.6940079861074,-7.22,1194.525
-759914.4881818183,216.64080861985224,-7.54,1195.114
-758989.9418181818,222.7085788690187,-7.79,1195.7
-758566.0551515151,225.61582539678184,-7.97,1196.284
-758158.2727272728,225.37366760867587,-8.24,1196.8609999999999
-757928.2121212124,223.0236554615564,-8.37,1197.4389999999999
-757611.8787878784,226.94301148021165,-8.42,1198.01
-757185.6915151512,222.7200859322036,-8.59,1198.5720000000001
-756412.4157575755,218.3519526756556,-8.58,1199.1219999999998
-755835.4509090913,213.61139014973045,-8.5,1199.6779999999999
-754900.6803030302,209.44507971285617,-8.32,1200.234
-754616.1684848485,208.1036711012396,-8.44,1200.797
-753636.8284848488,203.2996954570858,-8.6,1201.358
-753164.5775757573,199.046053641412,-8.69,1201.909
-751984.6545454543,203.90279658442105,-8.63,1202.48
-751539.0690909092,195.43388919380428,-8.62,1203.0529999999999
-750615.8818181817,197.49572596202373,-8.56,1203.625
-750023.8681818177,193.54717137122023,-8.56,1204.2179999999998
-749086.2499999993,191.296036260158,-8.41,1204.829
-748756.4409090908,192.0759223880364,-8.67,1205.455
-747864.1786666662,190.17483689562675,-8.84,1206.066
-747312.9345454549,188.67887489361212,-8.95,1206.675
-746386.8809090916,187.5437569379241,-8.6,1207.2930000000001
-745990.1957575758,187.9522843282685,-8.47,1207.914
-745227.0375757577,187.91988159174213,-8.25,1208.5349999999999
-744669.9260606065,190.24154927677864,-8.24,1209.133
-743721.0454545448,187.29232436787936,-8.08,1209.7060000000001
-742573.1418181813,188.96881973948896,-7.16,1210.222
-742009.0763636365,188.1795997771601,-6.27,1210.723
-741112.1696969698,187.3271928405565,-5.62,1211.201
-740694.7490909089,188.64664196412704,-5.38,1211.7060000000001
-739924.1339393943,189.1426274551468,-4.76,1212.191
-739379.9024242423,184.7670847091236,-4.52,1212.646
-738510.9242424242,183.3925392147808,-4.47,1213.163
-738156.4524848479,185.40236646163788,-4.03,1213.645
-737224.5554545455,185.6096600660596,-3.72,1214.145
-736630.9945454549,191.7441063146352,-3.99,1214.664
-735710.1154545457,204.5191038769512,-4.15,1215.1570000000002
-735319.8193939395,206.92018121563933,-3.95,1215.673
-734572.2181818187,213.14402038614645,-3.93,1216.1970000000001
-734157.3054545454,217.1944729687879,-3.79,1216.759
-733459.909090909,217.88283774216444,-4.2,1217.3980000000001
-733184.5709090909,214.6624205315424,-4.85,1218.054
-732512.6199999998,216.1485998526368,-5.28,1218.6689999999999
-732072.2299999999,210.60174265873587,-5.23,1219.2910000000002
-731378.9999999995,207.72075200492253,-5.31,1219.95
-731043.4999999999,208.1143039021245,-5.69,1220.6309999999999
-730371.75,213.7318787827168,-5.83,1221.338
-729910.9999999998,211.62321092369945,-6.05,1222.0520000000001
-729234.2272727275,210.702373057978,-5.96,1222.787
-728958.3136363637,210.16351745201928,-6.1,1223.4650000000001
-728310.314545455,212.1716466152816,-5.07,1224.1979999999999
-727886.9384848482,210.0149974521128,-5.18,1225.018
-727037.5303030305,211.0778130948141,-5.75,1225.767
-726643.9021212123,210.24197486380825,-7.14,1226.522
-725948.5024242426,210.0675097854836,-8.32,1227.466
-724626.8636363636,211.42656926315465,-8.77,1228.357
-724299.591818182,211.075995557622,-7.9,1229.2359999999999
-723524.4313636366,211.49197634968232,-7.13,1229.999
-723025.3554545457,210.4806821716978,-6.92,1230.853
-722191.9999999999,214.0125927948141,-6.47,1231.6219999999998
-721830.2266666669,212.54540888381376,-6.23,1232.375
-721044.5945454545,212.108071771009,-5.59,1233.1399999999999
-720555.8105454544,216.09677010835372,-5.26,1233.838
-719739.8636363633,218.956944794401,-5.2,1234.521
-719457.5168181815,219.2003556861584,-4.23,1235.192
-718640.7595454546,217.0426911316349,-4.02,1235.908
-718137.2854545454,212.030518626341,-3.9,1236.5900000000001
-717337.1818181823,200.8234844705578,-4.29,1237.257
-716828.348484849,193.46090298257133,-4.19,1237.913
-716005.4848484852,189.87843381686548,-4.05,1238.5639999999999
-715398.2727272725,198.42559568024177,-4.0,1239.194
-714635.909090909,210.5098874628876,-4.06,1239.8220000000001
-714360.1630303029,213.5999929026329,-3.88,1240.409
-713615.3763636363,227.5826981949172,-4.02,1240.989
-713165.732727273,223.14262795384457,-3.5,1241.5639999999999
-712453.7969696966,227.08319713303533,-3.56,1242.13
-712115.578181818,227.6373405550536,-3.67,1242.688
-711362.5,223.8856925917568,-3.7,1243.22
-710293.7272727275,224.001743721128,-3.75,1243.73
-710071.4654545452,224.1234469162136,-3.46,1244.23
-709449.0436363637,225.3889691337453,-3.21,1244.713
-709033.3563636366,224.9017352890244,-3.21,1245.175
-708506.4545454548,227.032822730358,-3.05,1245.616
-707959.5454545452,230.50735989141307,-2.78,1246.0439999999999
-707503.7878787875,231.43297127712552,-2.45,1246.471
-707009.1515151514,234.83616059567032,-2.36,1246.886
-706463.4484848484,233.1122848743296,-2.49,1247.281
-706249.6806060602,233.5834734270881,-2.4,1247.661
-705693.7254545457,233.50528810247425,-2.02,1248.048
-705360.6972727273,238.8480696520816,-1.77,1248.4360000000001
-704760.7395454546,236.0453403013913,-2.16,1248.8229999999999
-704542.9518181819,236.0536913584069,-2.31,1249.216
-704103.1981818182,237.661231516828,-2.45,1249.596
-703776.9518181817,237.18468030646915,-2.75,1249.973
-703293.9090909093,235.09172492612444,-2.49,1250.335
-703103.3442424244,234.04269676194463,-2.55,1250.683
-702631.8054545454,233.54448715907165,-2.26,1251.0259999999998
-702300.5218181817,232.8295884774548,-1.92,1251.366
-701846.0731818182,232.2805206457517,-1.84,1251.701
-701518.5218181817,233.3539062097976,-1.88,1252.03
-701059.9848484849,230.58782898361125,-1.94,1252.363
-700784.2727272725,232.1824465330735,-1.69,1252.69
-700250.9236363637,232.162121529527,-1.86,1253.008
-700043.1490909093,230.88479116742863,-2.07,1253.327
-699574.5236363634,232.4560078431405,-1.85,1253.649
-699318.527272727,235.4215271002262,-1.77,1253.97
-698864.8381818184,236.6070014153336,-1.92,1254.287
-698535.0242424243,236.7173884297771,-1.83,1254.608
-698153.6854545457,237.2061159374093,-1.94,1254.9279999999999
-697914.7075757575,239.72641961823388,-2.0,1255.239
-697489.0187878788,239.00952129629684,-2.08,1255.5610000000001
-697265.7512121215,238.8636108455049,-1.82,1255.871
-696803.2309090907,241.8320311598419,-1.86,1256.17
-696555.5381818184,240.89904625193032,-1.55,1256.4859999999999
-696089.0036363635,241.0299151581724,-1.6,1256.812
-695796.6751515149,239.884743914407,-2.04,1257.129
-695392.4521212119,238.4199792836092,-2.39,1257.461
-695140.2909090907,239.4354918894625,-2.5,1257.79
-694694.8345454544,238.13269799082363,-2.7,1258.112
-694484.8896969694,238.0518499460627,-2.75,1258.438
-694031.88,238.73723027829791,-2.51,1258.781
-693782.3090909093,236.7987347932641,-2.59,1259.12
-693309.2618181818,239.79653384828728,-3.05,1259.46
-692999.1381818183,239.31113174299168,-3.05,1259.807
-692586.8242424241,240.45669225384145,-3.14,1260.164
-692330.3484848483,239.3406332632852,-3.35,1260.5140000000001
-691871.2928787881,237.7560079776989,-3.7,1260.864
-691624.0430303031,243.6995486644999,-3.5,1261.214
-691127.0923636364,238.47330442832688,-3.36,1261.565
-690882.4590909089,239.2983940505077,-3.44,1261.9299999999998
-690368.3436363635,243.5623167259663,-3.5,1262.292
-690017.9624242428,239.37873479610943,-3.73,1262.658
-689517.6684848482,238.41599878810229,-3.97,1263.0349999999999
-689271.8348484851,239.2879301088554,-4.07,1263.411
-688786.391212121,236.4535724768809,-4.41,1263.789
-688524.6527272727,235.8000553317824,-4.61,1264.1770000000001
-688001.4515151515,232.26747586461005,-4.62,1264.569
-687743.2575757576,232.0747771551575,-4.68,1264.975
-687207.8254545457,230.66878933516543,-4.83,1265.3899999999999
-686859.8703030302,227.6358560751815,-5.23,1265.8020000000001
-686350.1345454548,227.65046207304687,-5.46,1266.208
-686050.381818182,226.72892608676472,-5.34,1266.629
-685495.4972727271,222.9650129691488,-5.2,1267.088
-685204.044242424,222.7044405108711,-5.58,1267.567
-684631.8109090904,222.61792578852743,-6.02,1268.065
-684319.1090909089,220.6316642042182,-6.95,1268.551
-683729.8654545456,220.62261407272987,-7.34,1269.013
-683344.8436363635,221.82035466276145,-7.02,1269.458
-682808.0590909088,224.3560776723839,-6.46,1269.8780000000002
-682473.6818181815,225.6416020967289,-5.95,1270.279
-681878.7524242424,222.6967127552533,-5.15,1270.731
-681507.8634848485,220.2352186749276,-4.67,1271.22
-680790.0857575755,219.1411841639893,-5.65,1271.733
-680393.7121212126,221.30626385386472,-6.9,1272.212
-679719.9266666665,227.89516025735253,-7.34,1272.67
-679275.6733333332,225.80855816583323,-6.71,1273.129
-678677.6078787883,233.1080061479115,-5.89,1273.636
-678362.5848484847,233.61111358821643,-5.94,1274.1509999999998
-677785.1745454543,232.70102424711223,-6.54,1274.7069999999999
-677505.3739393939,229.16045804591084,-7.05,1275.278
-676791.6193939392,220.086237115456,-7.51,1275.868
-676378.1818181815,218.20973466460345,-7.68,1276.48
-675650.7363636363,216.59070226826563,-7.99,1277.092
-675202.3090909093,219.96238463739664,-8.25,1277.71
-674580.736363636,222.5748544587668,-8.16,1278.2939999999999
-673456.5333333331,216.1224817958984,-7.62,1278.8980000000001
-673078.3999999999,211.69145610328425,-7.28,1279.491
-672279.3778787885,204.669745646326,-7.24,1280.1480000000001
-671746.1060606058,201.1220985980582,-8.31,1280.871
-670811.3824242426,197.1291521940604,-8.89,1281.652
-670200.8827272733,194.789560383579,-8.95,1282.454
-669507.9260606061,196.8275423165405,-9.03,1283.278
-669120.7454545456,194.87837297832084,-9.05,1284.113
-668346.3187878784,191.5141318512642,-8.94,1284.925
-667869.2987878791,187.6555369926176,-8.42,1285.711
-666965.5375757578,180.6705433303129,-7.82,1286.487
-666465.2636363631,177.7146610306198,-8.0,1287.347
-665459.8573333337,173.71362014216885,-8.3,1288.257
-664803.3600000001,174.76867941399888,-8.64,1289.135
-663886.5212121212,180.53768178380184,-8.02,1290.03
-663371.9393939392,180.166597073922,-8.36,1290.9070000000002
-662458.0909090904,187.7670323098909,-7.52,1291.745
-662370.3999999997,192.55321359717547,-7.38,1292.58
-661987.5151515151,191.02249326390395,-6.71,1293.45
-660927.5500000003,190.86103041769672,-6.87,1294.3890000000001
-660846.6094545458,193.9082170435541,-7.58,1295.393
-660332.1772727269,189.6905841804821,-7.92,1296.412
-659265.9000000005,191.59170346951032,-7.72,1297.411
-659168.32,193.9700304568731,-7.29,1298.4470000000001
-658513.5499999999,188.43427447380083,-7.47,1299.444
-657461.8999999996,185.6837857761792,-7.07,1300.478
-657343.8200000001,187.3800806732598,-7.46,1301.569
-656814.0999999994,184.098136363561,-7.82,1302.672
-655771.999999999,190.8769405532136,-7.71,1303.778
-655704.2060606063,189.23340881737832,-7.68,1304.8809999999999
-655231.0909090905,192.9341212467433,-7.73,1306.0929999999998
-654182.6499999991,200.35242454933484,-8.21,1307.411
-653574.3499999999,199.99595342018023,-8.86,1308.738
-652488.65,194.8160292990657,-8.84,1310.0520000000001
-651780.25,192.8691774329536,-8.68,1311.336
-650758.9500000003,186.7937683040444,-8.39,1312.69
-650154.2636363631,187.2748940558699,-8.92,1314.0439999999999
-648997.0999999997,193.44315462070247,-8.9,1315.324
-648398.4636363634,189.2501799432969,-8.24,1316.688
-647241.0999999993,196.171494104952,-8.8,1318.036
-646662.4181818187,193.4765987078096,-8.72,1319.355
-645304.8499999992,191.8480609628653,-8.37,1320.5140000000001
-644426.9469696959,189.885480968256,-7.17,1321.51
-643200.6499999997,195.8204274432848,-5.54,1322.403
-642350.8272727265,195.3061298127235,-4.42,1323.2
-640906.65,191.5605717991007,-3.19,1323.9270000000001
-640124.6045454537,191.3842569534652,-2.2,1324.684
-638422.2499999993,190.1777336005101,-2.69,1325.438
-637468.2651515146,188.8477364074226,-2.63,1326.204
-635764.3666666652,195.33150117951013,-2.84,1326.946
-634571.56060606,194.00258992033588,-2.52,1327.658
-633059.0333333323,194.85936588137287,-2.59,1328.356
-632931.1448484845,195.94989153226652,-1.95,1329.05
-632127.5378787883,193.09789993536265,-1.96,1329.722
-630406.9409090906,196.49917279673912,-2.38,1330.424
-629576.322727272,200.4570693283412,-2.29,1331.096
-627916.1000000006,200.77734554085592,-1.79,1331.795
-627819.852727273,205.26582182975852,-2.28,1332.467
-627189.6181818179,199.52416462021893,-1.94,1333.105
-625880.0999999994,205.76310728563763,-1.46,1333.7269999999999
-625019.4272727271,215.70968264504967,-1.28,1334.328
-624097.499999999,228.5122253513537,-0.97,1334.94
-623447.9242424238,235.02330647237795,-1.3,1335.534
-622546.9499999993,237.9285070136237,-1.04,1336.1219999999998
-621104.95,239.19230883467588,-1.35,1336.69
-621000.732727273,243.8854524675644,-1.04,1337.283
-619701.4500000002,243.5306835863856,-1.46,1337.87
-618333.7499999999,245.8865878724808,-1.43,1338.4589999999998
-617003.7499999994,248.28893339724928,-1.47,1339.0149999999999
-615659.5681818179,252.63944486217684,-1.26,1339.575
-614406.5999999999,252.729800513971,-1.09,1340.146
-614349.1163636366,252.8982584181087,-1.37,1340.731
-613190.6,252.74797477389265,-1.74,1341.326
-611992.7999999997,256.193578648728,-2.01,1341.921
-610811.9666666661,258.13797445364014,-2.35,1342.5259999999998
-609650.6333333328,259.6847091794925,-2.94,1343.181
-609601.0127272727,257.8151013837554,-3.21,1343.839
-608479.5000000001,257.7448677422332,-3.47,1344.493
-607297.3000000004,259.22379791893974,-3.51,1345.1660000000002
-606029.2999999997,254.57832546938147,-3.92,1345.85
-604675.9090909091,248.4801850050678,-4.22,1346.5259999999998
-603353.1499999992,244.5322516170048,-4.19,1347.212
-601999.15,239.14012591458967,-4.33,1347.876
-600650.7500000002,237.8582812314746,-4.23,1348.513
-599305.1499999998,232.45478922791705,-5.18,1349.2089999999998
-597864.6318181817,229.38148051861887,-4.99,1349.904
-597268.2181818187,225.9716626647501,-5.35,1350.6
-596379.7499999994,219.0222803388292,-5.54,1351.333
-595853.6136363635,216.27309709713364,-6.42,1352.108
-594841.1333333332,216.4410115698623,-6.7,1352.81
-594271.5575757573,221.2172428733,-6.31,1353.454
-593486.4666666667,232.91795566697328,-5.44,1354.0410000000002
-592913.8121212114,237.9772146198636,-4.42,1354.5990000000002
-592096.754545454,238.1475936125431,-3.89,1355.179
-591611.2454545454,233.1632188953882,-4.32,1355.7440000000001
-590835.516666666,229.3866700921104,-4.63,1356.3339999999998
-590433.4712121211,225.678803565834,-5.09,1356.917
-589069.4666666666,237.37751240309967,-5.3,1357.5259999999998
-588538.8000000002,243.5553025827732,-5.68,1358.138
-588090.145454545,248.1046423657793,-5.92,1358.699
-587475.3500000003,250.20456464222792,-4.99,1359.184
-586990.9045454541,246.34602904387208,-3.47,1359.663
-586329.3499999996,238.7841158534624,-3.48,1360.17
-585938.6681818177,234.40092907192803,-4.05,1360.6860000000001
-585221.8499999993,225.9929310765137,-4.62,1361.222
-584770.8424242425,223.95763277250387,-5.18,1361.795
-582008.8000000002,210.6390178335049,-6.11,1362.38
-581624.2545454543,206.68125254107684,-6.73,1362.966
-580886.2999999999,209.8834178204889,-6.52,1363.479
-580504.5272727271,215.44586651227405,-5.49,1364.01
-579978.2999999996,219.4126580601745,-6.1,1364.5149999999999
-579596.5272727276,225.2070402346668,-5.75,1365.016
-579168.6499999997,230.2553890769855,-5.9,1365.554
-578864.0045454544,236.17021956160747,-6.89,1366.0720000000001
-578451.7833333332,243.8071398156684,-7.03,1366.551
-578260.5045454543,244.13978325747763,-6.31,1367.001
-577883.1166666667,251.47302309267096,-5.72,1367.408
-577330.5499999998,252.92340485161623,-4.81,1367.787
-576792.3499999997,249.0568689785398,-4.23,1368.154
-576246.3499999997,251.0792763522184,-4.1,1368.493
-575703.8500000001,251.341725346752,-3.45,1368.807
-575165.1000000001,251.2965766771463,-2.81,1369.1219999999998
-574649.0999999999,252.8973536409592,-3.04,1369.402
-574162.8499999997,252.543697553062,-2.31,1369.665
-573704.5333333331,248.8639219697805,-1.46,1369.9160000000002
-573283.9636363636,252.08002667419612,-1.07,1370.164
-572856.0000000001,251.8615047665413,-1.16,1370.408
-572414.6545454544,251.7666008144979,-1.06,1370.6480000000001
-571963.0166666665,248.7207803984476,-1.1,1370.886
-571525.7499999998,249.18618138857704,-1.08,1371.117
-571103.5166666666,247.65697248974385,-0.92,1371.355
-570719.8727272728,246.30955184938028,-1.36,1371.598
-570365.4999999999,250.3009961681342,-1.71,1371.8339999999998
-570024.6909090908,251.6,-1.83,1372.068
-569683.3575757575,249.6,-1.95,1372.316
-569311.4424242425,251.8,-2.27,1372.5529999999999
-568912.1272727273,251.8,-1.87,1372.786
-568513.4606060607,251.3,-1.83,1373.019
-568117.2484848484,250.0,-1.95,1373.251
-567733.9272727272,251.3,-2.11,1373.4769999999999
-567364.5939393939,250.2,-1.73,1373.703
-566980.1454545455,253.0,-1.73,1373.924
-566584.2363636364,252.8,-1.62,1374.1390000000001
-566254.1393939394,253.9,-1.42,1374.346
-565934.8909090909,253.2,-1.14,1374.548
-565598.6545454545,254.5,-0.99,1374.7559999999999
-565289.4909090908,253.9,-1.37,1374.96
-564968.3515151516,254.3,-1.22,1375.163
-564638.6363636364,253.7,-1.23,1375.3690000000001
-564295.303030303,251.4,-1.41,1375.5720000000001
-563945.6424242425,252.6,-1.31,1375.783
-563588.9636363637,252.4,-1.76,1375.984
-563184.296969697,251.4,-1.29,1376.1860000000001
-562774.3575757574,247.6,-1.35,1376.392
-562360.5636363636,245.8,-1.63,1376.608
-561977.896969697,245.7,-2.15,1376.807
-561585.7393939394,242.3,-1.32,1377.009
-561184.8545454546,240.1,-1.53,1377.21
-560705.6000000001,234.1,-1.43,1377.417
-560360.4909090908,234.6,-1.86,1377.6219999999998
-559938.0727272726,231.9,-1.79,1377.8220000000001
-559500.7393939394,231.6,-1.51,1378.0230000000001
-559015.6000000001,228.3,-1.69,1378.22
-558486.618181818,230.3,-1.44,1378.415
-557922.6181818182,230.2,-1.38,1378.6100000000001
-557686.7636363636,229.7,-1.45,1378.806
-557366.0060606062,234.5,-1.49,1378.999
-556827.6909090909,238.1,-1.42,1379.193
-556356.0181818182,240.4,-1.48,1379.388
-556204.5636363635,245.6,-1.61,1379.5810000000001
-555888.206060606,250.5,-1.5,1379.772
-555707.1393939393,244.0,-1.48,1379.966
-555435.0545454546,249.1,-1.64,1380.155
-555248.6545454545,243.0,-1.42,1380.344
-554973.2909090909,241.0,-1.47,1380.5259999999998
-554457.0242424243,233.9,-1.09,1380.7150000000001
-553892.3454545456,226.7,-1.49,1380.9070000000002
-553208.3454545455,224.3,-1.77,1381.095
-552529.6181818182,223.6,-1.51,1381.284
-551858.6545454544,220.3,-1.59,1381.4679999999998
-551669.3939393939,222.1,-1.38,1381.654
-551295.9878787878,226.3,-1.54,1381.839
-551070.9212121211,222.3,-1.44,1382.031
-550731.5636363637,221.7,-1.93,1382.219
-550161.0909090908,219.9,-1.68,1382.3980000000001
-549431.0909090908,215.2,-1.22,1382.58
-548632.5454545455,213.6,-1.42,1382.769
-548280.7272727275,208.8,-1.87,1382.953
-547770.1090909094,202.5,-1.44,1383.143
-546820.7757575759,204.6,-2.02,1383.329
-545856.6787878785,209.7,-1.8,1383.516
-544880.1454545453,209.6,-1.89,1383.702
-543914.9090909091,210.3,-1.84,1383.886
-542935.987878788,208.1,-1.82,1384.067
-541894.872727273,203.6,-1.63,1384.255
-540790.206060606,205.0,-2.08,1384.446
-539703.8181818181,211.2,-2.27,1384.635
-538633.818181818,212.9,-2.21,1384.821
-537563.8181818181,206.4,-2.07,1385.0059999999999
-536490.7636363636,205.0,-2.05,1385.185
-535384.4727272725,199.4,-2.58,1385.373
-534228.4727272727,199.8,-2.21,1385.568
-533745.0545454544,190.5,-2.49,1385.762
-533093.5636363637,193.8,-2.59,1385.961
-532718.181818182,195.1,-2.87,1386.159
-531982.2363636366,200.0,-2.81,1386.364
-531604.3696969697,204.4,-3.22,1386.567
-531037.5696969698,211.4,-3.06,1386.775
-530642.5272727272,214.5,-3.33,1386.9850000000001
-530128.7575757573,220.7,-3.4,1387.201
-529251.3818181816,220.3,-3.66,1387.4180000000001
-528340.5090909093,221.2,-3.7,1387.643
-527453.4303030304,222.7,-4.0,1387.87
-526566.6909090912,224.7,-4.07,1388.1109999999999
-525748.6909090909,227.8,-4.64,1388.351
-524945.806060606,230.3,-4.49,1388.596
-524156.9999999999,233.7,-4.65,1388.851
-523387.0,235.8,-5.0,1389.1100000000001
-522620.8666666667,236.8,-5.21,1389.375
-521851.8242424243,241.9,-5.43,1389.6480000000001
-519624.4727272729,243.5,-5.48,1389.923
-518871.80606060615,245.5,-5.75,1390.222
-518123.3575757573,247.7,-6.48,1390.539
-517379.1272727272,245.3,-6.77,1390.867
-516650.4606060606,245.5,-6.86,1391.1770000000001
-515926.0121212122,246.2,-6.15,1391.4859999999999
-515204.981818182,247.2,-5.66,1391.786
-514470.9818181818,243.0,-5.49,1392.089
-513700.7757575757,241.5,-5.38,1392.384
-512897.7818181817,239.2,-4.95,1392.692
-512083.1151515151,238.2,-5.07,1392.987
-511254.7393939395,242.0,-4.41,1393.281
-510413.7818181817,235.2,-4.21,1393.589
-509562.4484848484,236.4,-4.67,1393.874
-508702.3272727273,233.4,-3.25,1394.156
-507834.981818182,240.3,-3.09,1394.437
-506990.9818181818,237.0,-3.35,1394.7350000000001
-506167.72121212096,238.2,-4.04,1395.0520000000001
-505362.3999999999,236.0,-4.52,1395.396
-504533.7333333333,235.5,-4.68,1395.75
-503734.2424242425,233.9,-5.07,1396.126
-502961.781818182,234.1,-5.42,1396.519
-502227.187878788,232.2,-6.23,1396.953
-501468.92727272736,232.0,-6.29,1397.393
-500687.6363636362,231.2,-6.94,1397.871
-499911.424242424,230.8,-6.48,1398.327
-499133.9636363636,228.2,-6.28,1398.792
-498354.7818181817,230.8,-5.58,1399.239
-497576.7818181818,230.6,-5.35,1399.6779999999999
-496787.4181818184,232.8,-6.14,1400.145
-496015.97575757577,236.5,-6.81,1400.652
-495237.6303030304,236.4,-7.2,1401.182
-494494.0666666664,237.6,-7.17,1401.72
-493775.6909090908,238.5,-6.82,1402.254
-493074.1272727274,238.3,-7.17,1402.798
-492350.39393939386,239.1,-7.91,1403.396
-491643.1090909093,239.7,-8.14,1404.0149999999999
-490913.7757575757,243.7,-8.12,1404.633
-490204.5454545456,246.7,-8.13,1405.242
-489501.0787878788,243.3,-7.64,1405.851
-488783.9515151515,242.6,-7.35,1406.446
-488544.9090909091,249.3,-7.24,1407.036
-488076.2909090909,252.8,-7.1,1407.6190000000001
-487769.793939394,240.9,-7.28,1408.212
-487352.0909090908,242.0,-7.43,1408.812
-486615.45454545465,237.1,-7.55,1409.411
-485898.0666666667,231.3,-7.46,1410.009
-485179.2545454547,232.9,-7.56,1410.609
-484448.6727272727,233.0,-7.77,1411.216
-483717.5212121211,231.2,-7.53,1411.806
-482986.1818181817,231.4,-6.47,1412.348
-482229.787878788,231.4,-6.76,1412.887
-481445.3818181817,227.3,-6.82,1413.425
-480630.9636363639,223.4,-6.76,1413.9560000000001
-479712.9636363636,223.8,-6.99,1414.492
-478776.6848484848,218.8,-6.64,1415.0059999999999
-478378.2969696968,220.8,-7.2,1415.5410000000002
-477825.69090909074,231.3,-7.24,1416.074
-477452.95151515136,236.5,-7.71,1416.625
-476942.4606060604,239.1,-7.48,1417.159
-475991.0000000001,236.6,-7.71,1417.6979999999999
-474999.7999999998,232.8,-7.12,1418.205
-473975.2000000002,233.1,-7.33,1418.716
-473024.10909090936,241.2,-6.75,1419.196
-472142.3636363638,245.6,-6.07,1419.643
-471850.8484848487,243.9,-5.43,1420.0610000000001
-471267.81818181806,243.7,-5.18,1420.466
-470913.2727272727,232.7,-4.5,1420.8429999999998
-470313.0666666664,229.2,-4.44,1421.217
-469874.53333333344,218.7,-4.14,1421.578
-469250.793939394,215.5,-4.31,1421.944
-468775.97575757554,206.5,-4.58,1422.317
-468090.1272727275,205.5,-4.9,1422.701
-466927.7090909092,203.4,-4.42,1423.065
-465756.64242424245,204.4,-4.82,1423.441
-464682.29696969694,208.1,-4.86,1423.816
-463651.7272727272,210.0,-4.93,1424.192
-463315.3636363636,205.2,-4.64,1424.548
-462649.4727272725,199.9,-4.35,1424.9009999999998
-461576.6484848482,194.4,-4.84,1425.272
-460464.1030303032,190.7,-4.29,1425.625
-459336.0606060607,195.5,-4.51,1425.978
-458302.2121212121,202.4,-4.3,1426.325
-457261.5515151518,208.3,-4.61,1426.679
-456844.00606060616,203.3,-4.55,1427.031
-456258.2909090909,204.3,-4.84,1427.3899999999999
-455795.1272727274,199.1,-3.58,1427.71
-455164.43636363646,192.5,-3.4,1428.022
-454051.6121212118,193.3,-3.47,1428.336
-452914.3090909089,198.4,-3.4,1428.647
-451825.6424242424,201.9,-3.94,1428.973
-450785.8363636365,204.9,-3.12,1429.274
-449797.2787878788,201.2,-3.45,1429.5839999999998
-448692.8909090911,201.7,-3.75,1429.8890000000001
-447621.03636363655,208.1,-3.41,1430.196
-446509.1818181816,203.5,-3.48,1430.505
-445269.18181818177,201.1,-3.23,1430.807
-443381.72727272735,199.1,-3.45,1431.115
-441894.6484848488,202.0,-3.47,1431.422
-440280.775757576,201.3,-3.59,1431.733
-438709.5818181819,201.7,-3.46,1432.04
-437113.418181818,200.3,-4.01,1432.363
-435535.4181818178,207.5,-3.51,1432.671
-433989.69090909103,209.8,-4.28,1433.002
-432429.0727272728,207.6,-4.31,1433.3339999999998
-431900.2969696969,211.5,-4.48,1433.671
-430229.3090909094,227.2,-4.01,1433.9940000000001
-429073.76363636367,219.7,-4.08,1434.319
-427228.3636363638,242.5,-4.46,1434.6570000000002
-426890.2000000002,248.2,-4.98,1435.011
-425991.3999999999,252.1,-5.0,1435.367
-425204.9636363636,255.3,-4.84,1435.7179999999998
-424671.5636363636,265.4,-4.77,1436.067
-424287.2727272728,270.0,-5.38,1436.437
-423790.9090909091,270.8,-5.62,1436.815
-423182.26060606056,268.3,-5.49,1437.191
-422557.74545454566,267.7,-5.53,1437.568
-421275.496969697,270.6,-5.63,1437.951
-420582.6545454545,266.4,-5.86,1438.342
-419962.1454545455,268.6,-5.83,1438.733
-418751.7636363636,273.8,-5.76,1439.124
-418183.7636363636,271.2,-5.67,1439.513
-417625.7818181819,273.7,-5.55,1439.9
-416555.3030303029,274.6,-5.78,1440.296
-416006.7818181817,271.8,-5.73,1440.692
-415490.4424242424,273.4,-5.94,1441.098
-414475.3151515151,271.7,-6.0,1441.507
-413995.6060606061,276.4,-4.9,1441.88
-413229.5939393941,271.6,-4.55,1442.242
-412260.8606060605,264.9,-4.52,1442.604
-411308.65454545454,274.9,-4.63,1442.973
-409397.96969696967,283.5,-4.7,1443.346
-408503.8,282.6,-4.91,1443.729
-407648.2363636363,274.7,-5.21,1444.125
-406868.7151515152,284.5,-5.32,1444.526
-405332.4969696969,285.6,-5.04,1444.92
-404592.8000000001,279.6,-4.4,1445.292
-403112.6303030303,280.5,-4.0,1445.654
-402363.296969697,276.5,-4.46,1446.032
-400909.8363636364,275.7,-4.21,1446.404
-400190.91515151504,283.1,-4.37,1446.783
-398760.08484848496,283.2,-4.45,1447.1680000000001
-397976.1636363636,277.1,-4.43,1447.554
-396325.1272727272,276.3,-4.16,1447.933
-392956.1030303031,260.7,-4.81,1448.337
-392053.6909090909,273.6,-4.45,1448.731
-391027.1515151514,259.5,-4.41,1449.125
-390337.25,258.1,-4.31,1449.518
-387460.2050000001,245.8,-4.25,1449.91
-385874.8150000001,246.8,-4.3,1450.306
-384333.71000000014,239.1,-3.72,1450.684
-382607.4450000001,240.0,-3.77,1451.066
-380981.4849999999,227.0,-3.93,1451.455
-376810.2400000001,229.6,-3.83,1451.843
-375084.8800000001,224.6,-3.97,1452.238
-373254.5999999999,214.7,-3.66,1452.624
-371507.6150000001,199.9,-3.97,1453.022
-369435.8700000001,201.9,-3.78,1453.416
-366115.9,206.3,-3.74,1453.81
-363240.23000000016,201.2,-3.58,1454.2
-360617.6,185.8,-3.79,1454.599
-358733.84000000014,186.1,-3.78,1454.999
-357060.3800000001,193.0,-3.78,1455.4
-353867.7699999999,209.2,-3.75,1455.792
-352462.9750000001,209.4,-3.93,1456.1979999999999
-351224.595,216.2,-3.23,1456.584
-349726.3450000001,221.1,-3.5,1456.978
-347189.0850000001,220.3,-3.42,1457.372
-345594.8050000001,211.9,-3.42,1457.766
-344370.905,204.8,-3.25,1458.155
-343050.8500000001,205.2,-3.25,1458.5439999999999
-341973.5850000001,200.7,-3.03,1458.924
-340841.56000000006,250.1,-2.81,1459.299
-338785.0800000001,234.2,-2.44,1459.662
-338033.8900000001,239.6,-2.31,1460.022
-337041.43500000006,241.9,-2.25,1460.38
-336263.50000000006,255.7,-2.39,1460.7440000000001
-335566.67000000004,270.5,-2.51,1461.1109999999999
-334917.81999999995,278.6,-1.36,1461.445
-334427.54,285.8,-2.57,1461.815
-333757.51000000007,278.1,-2.4,1462.183
-333152.30500000005,298.6,-2.56,1462.556
-332593.885,288.4,-2.75,1462.938
-332399.49500000005,289.1,-2.76,1463.321
-332047.55500000005,282.4,-3.22,1463.721
-331550.09,273.1,-3.42,1464.13
-330848.62000000005,272.6,-3.39,1464.538
-330194.11500000005,271.7,-3.44,1464.949
-329343.55000000005,265.0,-3.54,1465.365
-328103.32500000007,275.1,-3.36,1465.775
-327464.29,271.9,-3.76,1466.202
-326820.75000000006,270.1,-3.74,1466.629
-326136.81000000006,266.1,-4.15,1467.0720000000001
-325485.835,264.0,-3.97,1467.511
-324641.0900000001,266.2,-4.34,1467.965
-323873.0,260.5,-4.53,1468.429
-323057.4050000001,260.3,-4.94,1468.9189999999999
-322216.915,260.4,-4.76,1469.395
-321433.34500000003,257.2,-4.95,1469.8809999999999
-319867.44500000007,249.2,-5.15,1470.377
-318966.3350000001,255.8,-5.73,1470.901
-317879.6600000001,233.4,-5.98,1471.438
-316902.59500000003,245.2,-5.19,1471.938
-315982.54500000004,251.6,-4.64,1472.414
-315199.87000000005,272.6,-3.95,1472.862
-314500.72,246.8,-4.19,1473.321
-313707.5150000001,257.1,-4.61,1473.8
-312886.2100000001,256.7,-5.09,1474.304
-312101.85000000003,251.6,-5.75,1474.84
-311393.12500000006,241.9,-6.89,1475.424
-310643.43000000005,239.0,-7.01,1476.03
-309720.025,237.8,-6.17,1476.591
-308826.1000000001,233.2,-5.5,1477.12
-308060.975,226.2,-4.62,1477.608
-307473.73,227.8,-4.0,1478.066
-306375.70000000007,225.8,-4.83,1478.565
-305513.2650000001,244.8,-5.18,1479.084
-304631.11500000005,248.6,-6.3,1479.663
-303828.1500000001,250.2,-7.26,1480.2939999999999
-303149.81000000006,240.7,-6.47,1480.885
-302150.92000000004,240.2,-7.58,1481.539
-301166.00000000006,236.0,-8.64,1482.26
-300134.19000000006,239.0,-8.03,1482.942
-299075.61500000005,236.1,-8.17,1483.633
-298165.86500000005,231.0,-8.5,1484.343
-297426.28,224.4,-8.44,1485.049
-296754.61500000005,217.1,-8.08,1485.743
-294878.86500000005,213.1,-7.65,1486.38
-293414.225,212.7,-7.63,1487.03
-292505.29000000004,206.7,-7.15,1487.65
-291700.74000000005,206.0,-7.45,1488.287
-290868.31000000006,207.6,-8.24,1488.969
-289612.87000000005,217.1,-8.34,1489.656
-288913.79000000004,220.4,-8.47,1490.348
-288234.5,234.9,-8.8,1491.058
-286336.42500000005,231.0,-8.83,1491.784
-285870.05000000005,230.4,-8.7,1492.481
-285493.86,231.4,-8.92,1493.187
-284659.9550000001,226.4,-8.21,1493.844
-283981.32000000007,228.0,-7.39,1494.45
-282484.68000000005,231.3,-7.01,1495.031
-280642.89,223.7,-6.81,1495.6
-279450.74000000005,215.3,-6.34,1496.184
-278608.95,211.0,-7.24,1496.771
-277669.0450000001,204.5,-7.89,1497.387
-276640.9050000001,202.2,-7.07,1497.958
-275493.0000000001,193.2,-6.7,1498.508
-274307.7150000001,198.4,-7.92,1499.1190000000001
-273204.63500000007,194.1,-7.65,1499.712
-272214.07500000007,193.9,-7.26,1500.281
-271215.8300000001,190.4,-7.28,1500.849
-270199.6400000001,184.7,-7.58,1501.4270000000001
-269086.0350000001,198.8,-6.56,1501.953
-267990.47000000003,194.2,-6.32,1502.464
-267045.5,187.2,-6.15,1502.966
-266307.83,188.7,-7.48,1503.529
-265057.0,211.7,-7.65,1504.1
-264184.45000000007,199.9,-7.45,1504.658
-262633.76000000007,228.1,-7.45,1505.215
-260867.0950000001,214.6,-7.77,1505.784
-260104.57500000004,208.9,-7.15,1506.318
-259343.92000000004,205.7,-7.91,1506.88
-258944.24000000005,209.6,-8.42,1507.465
-257446.89500000005,203.9,-8.33,1508.046
-255958.0650000001,204.0,-8.73,1508.612
-255110.58500000005,201.9,-9.07,1509.202
-254348.66,199.0,-9.04,1509.7939999999999
-252637.10500000007,195.4,-9.15,1510.375
-251806.68000000005,196.7,-9.19,1510.961
-251003.7200000001,195.4,-8.8,1511.577
-250182.25500000003,213.9,-9.6,1512.173
-249440.57000000004,200.2,-9.25,1512.733
-247149.87000000005,214.7,-9.63,1513.274
-244920.48500000004,219.4,-8.91,1513.859
-244238.81000000008,230.4,-8.03,1514.408
-243614.0,236.7,-8.49,1514.9769999999999
-243107.01000000004,249.9,-8.17,1515.528
-242632.335,252.3,-8.58,1516.031
-242171.765,263.7,-8.12,1516.575
-241188.52,280.2,-8.39,1517.13
-240735.46,279.0,-8.19,1517.674
-239905.4,263.2,-8.19,1518.233
-239383.045,259.7,-8.19,1518.774
-238240.365,252.8,-8.1,1519.307
-237788.66,247.4,-7.58,1519.813
-237437.03500000003,245.8,-6.79,1520.282
-237058.26,245.6,-6.61,1520.741
-236475.335,239.1,-6.05,1521.132
-235955.53000000003,243.1,-5.83,1521.556
-235441.655,247.4,-4.63,1521.935
-234900.8,241.4,-4.7,1522.316
-234476.005,252.1,-3.95,1522.657
-234040.855,245.2,-2.93,1522.98
-230906.06,241.6,-2.29,1523.285
-230241.77,233.9,-2.67,1523.6100000000001
-229179.66,232.4,-2.13,1523.91
-227622.04500000004,224.5,-1.85,1524.187
-226816.99,233.1,-1.9,1524.463
-226489.415,234.5,-0.99,1524.723
-225769.97500000003,235.5,-0.29,1524.973
-224899.835,215.7,0.09,1525.216
-224309.82500000004,203.3,-0.24,1525.464
-222321.50500000003,205.6,-1.29,1525.737
-221179.035,208.8,-2.34,1526.037
-220589.57500000004,207.1,-2.1,1526.3310000000001
-219747.46,216.1,-2.59,1526.641
-218985.615,214.1,-2.21,1526.944
-217117.605,240.5,-1.51,1527.232
-216250.785,245.3,-1.55,1527.525
-215744.96,251.1,-1.87,1527.829
-215465.635,251.7,-1.72,1528.129
-214914.965,247.5,-1.43,1528.4180000000001
-214356.15,242.6,-1.37,1528.71
-213962.34,240.3,-0.75,1528.987
-213130.745,241.4,-0.59,1529.259
-212208.81,251.2,-0.29,1529.526
-211380.35,243.4,-0.48,1529.797
-210583.075,257.4,-0.62,1530.071
-210128.745,239.5,-0.09,1530.334
-209627.835,246.9,-0.35,1530.6019999999999
-209108.465,252.0,-0.24,1530.867
-208882.06500000003,247.2,-0.32,1531.1109999999999
-208225.17,243.9,-0.28,1531.376
-208016.085,244.6,0.01,1531.636
-207495.04,242.2,0.08,1531.894
-207132.255,240.5,0.61,1532.1399999999999
-206871.57,230.0,0.32,1532.392
-206324.525,237.2,0.38,1532.642
-206158.775,238.1,0.83,1532.882
-205672.89,231.4,0.67,1533.126
-205290.3,229.4,0.33,1533.376
-204946.85,226.3,0.63,1533.62
-204409.935,228.6,0.1,1533.875
-203994.575,232.2,0.31,1534.125
-203625.755,231.9,0.31,1534.374
-203253.275,244.4,0.61,1534.616
-201892.0,247.6,0.12,1534.868
-200794.5,239.1,0.17,1535.118
-199802.0,250.9,0.43,1535.3609999999999
-196988.0,242.6,0.26,1535.608
-196377.45,241.2,-0.08,1535.8609999999999
-195637.35000000003,226.4,0.57,1536.098
-193849.5,220.0,0.68,1536.3310000000001
-193176.50000000003,226.5,0.23,1536.568
-191124.5,218.0,0.48,1536.8020000000001
-190014.075,220.3,0.66,1537.0230000000001
-189304.5,231.4,0.08,1537.261
-187856.5,231.3,0.43,1537.493
-186487.0,210.7,0.49,1537.723
-184461.0,203.4,0.44,1537.954
-182421.0,199.7,0.72,1538.183
-181308.0,198.1,0.95,1538.395
-180246.0,217.7,1.64,1538.598
-179352.0,213.2,1.37,1538.806
-177923.0,207.7,1.47,1539.0140000000001
-175779.5,190.1,1.72,1539.222
-175583.92500000002,189.4,1.47,1539.423
-174903.0,190.3,1.72,1539.626
-173883.35,196.0,1.58,1539.826
-172492.0,197.7,1.57,1540.02
-169989.0,197.8,1.73,1540.219
-167564.40000000002,196.6,1.8,1540.412
-166795.5,183.8,2.13,1540.598
-165964.1,186.7,1.73,1540.783
-164834.00000000003,190.1,2.21,1540.972
-164193.0,191.6,2.09,1541.151
-162384.65000000002,196.5,1.83,1541.3310000000001
-161908.0,204.3,1.77,1541.517
-158204.99999999997,187.5,1.99,1541.708
-157766.0,185.5,2.17,1541.895
-156716.0,189.0,2.67,1542.078
-154356.8181818182,189.38,2.45,1542.254
-152939.1272727273,196.3,2.06,1542.433
-151824.6575757576,198.78,2.9,1542.616
-149494.85454545452,202.35,2.19,1542.785
-148644.8848484849,202.51,2.9,1542.969
-147516.14545454548,201.78,3.15,1543.1399999999999
-146283.46545454545,195.81,2.27,1543.31
-144158.24363636365,193.59,2.44,1543.492
-142849.59090909088,196.02,1.79,1543.67
-141701.30000000002,194.59,2.22,1543.858
-140410.5618181818,196.51,2.71,1544.038
-137999.96969696967,192.75,2.65,1544.21
-136884.296969697,198.55,2.49,1544.383
-135813.42424242423,199.18,2.41,1544.559
-134615.54545454544,203.74,1.56,1544.7359999999999
-132572.2787878788,212.43,2.22,1544.92
-131825.80606060606,222.74,1.78,1545.1
-130981.95757575758,224.63,1.88,1545.286
-130759.87878787878,228.0,2.1,1545.471
-130026.24242424245,232.28,2.41,1545.652
-129372.19999999998,241.13,1.64,1545.829
-128868.36363636365,250.84,1.9,1546.016
-128423.0303030303,251.84,2.2,1546.1970000000001
-127705.63636363635,260.61,2.01,1546.376
-127128.03636363636,268.44,2.27,1546.556
-126928.0,271.08,2.12,1546.733
-126516.72727272726,285.76,2.62,1546.912
-126222.66666666669,280.72,2.2,1547.083
-126074.47636363636,276.03,2.14,1547.259
-125553.5496969697,276.88,1.79,1547.437
-125363.8303030303,275.78,1.49,1547.62
-125012.0303030303,274.93,2.18,1547.808
-124749.90909090907,273.02,1.58,1547.9850000000001
-124063.70303030303,275.15,1.57,1548.17
-123342.63333333336,276.81,1.63,1548.356
-122867.45454545454,275.52,1.62,1548.54
-122454.51515151517,281.54,1.78,1548.724
-122009.48484848483,275.87,0.98,1548.906
-121680.90909090907,274.6,0.83,1549.099
-121063.95454545454,279.16,1.15,1549.296
-120342.36363636365,279.0,1.6,1549.4859999999999
-120150.00181818182,278.25,1.16,1549.6680000000001
-119891.9696969697,276.61,0.7,1549.857
-119476.01515151517,279.48,0.51,1550.054
-118592.90909090907,276.82,0.39,1550.254
-118194.12121212122,268.73,0.31,1550.4569999999999
-117765.5,274.59,-0.07,1550.66
-117292.51515151517,267.74,0.64,1550.8690000000001
-116708.26969696968,277.72,0.36,1551.065
-115669.36363636365,274.98,0.47,1551.2649999999999
-115235.55454545454,274.03,-0.57,1551.463
-114525.57575757576,273.63,-0.94,1551.681
-113958.57575757576,273.16,-0.22,1551.905
-113496.67272727271,276.96,-0.2,1552.115
-112865.39393939394,275.07,0.29,1552.3229999999999
-112300.0,267.9,-0.28,1552.5230000000001
-111728.63636363635,260.58,-0.25,1552.733
-111169.2696969697,264.75,-0.45,1552.942
-110991.72727272728,263.12,-0.4,1553.154
-110686.06060606062,256.79,-0.93,1553.365
-109926.80000000002,257.93,-0.95,1553.587
-108605.36363636365,246.69,-1.23,1553.808
-107889.9696969697,244.13,-1.31,1554.035
-107179.41818181818,244.44,-1.71,1554.263
-106451.90909090907,236.43,-0.98,1554.499
-105024.81818181818,240.34,-1.12,1554.719
-104418.25454545456,244.83,-2.1,1554.943
-104306.37575757576,241.4,-2.3,1555.185
-104039.87272727274,257.58,-2.0,1555.432
-103557.14848484848,248.78,-2.43,1555.672
-103016.44545454546,242.36,-2.37,1555.921
-102381.2290909091,238.88,-2.61,1556.1680000000001
-102324.33333333334,247.7616292879456,-2.78,1556.42
-101358.74000000002,240.68407213384208,-3.32,1556.675
-100814.77666666664,237.07327561500705,-3.33,1556.943
-100021.885,240.0715355271941,-3.67,1557.21
-99375.67500000002,244.762424566832,-4.03,1557.4850000000001
-98593.17833333334,247.872113110669,-4.26,1557.769
-98126.84966666665,245.62557787811392,-4.65,1558.058
-97411.42233333336,242.98971287919505,-4.7,1558.356
-96633.724,243.179887786166,-4.96,1558.655
-95977.46450000002,239.85849997327503,-4.73,1558.96
-95320.891,242.3540660114772,-4.68,1559.257
-94524.88033333336,245.7647295013877,-5.35,1559.5520000000001
-93971.48316666664,246.19646528867355,-5.98,1559.865
-93284.11400000002,242.9141171772084,-5.8,1560.195
-92618.54833333332,242.40636016295767,-6.48,1560.519
-91873.21366666668,238.2070953273144,-6.7,1560.863
-91474.7096,235.1600042216258,-5.86,1561.212
-90717.81750000002,232.4556886593581,-5.99,1561.533
-89999.738,233.7418402936756,-5.37,1561.856
-89495.03066666667,231.12075636405777,-5.35,1562.161
-88884.015,231.5586504882781,-4.74,1562.463
-88367.294,229.7373814587065,-4.56,1562.747
-87746.25753333332,228.87834564758057,-3.88,1563.0230000000001
-87294.71600000001,227.3783735355835,-2.67,1563.284
-86751.04959999997,223.98941409211108,-3.29,1563.531
-86186.18,217.8009629500103,-4.32,1563.7930000000001
-85631.18,223.62974404078184,-4.31,1564.057
-85077.63600000001,221.05561058442584,-4.93,1564.327
-84548.32453333335,223.3774166240217,-4.88,1564.6109999999999
-83940.6938333333,228.7630419503089,-4.36,1564.893
-83417.46933333334,234.68610329976863,-5.18,1565.161
-82986.76899999997,238.42310352799865,-5.37,1565.451
-82407.43850000002,243.16072770547603,-5.63,1565.7440000000001
-81990.89999999997,250.78745315401204,-6.06,1566.0439999999999
-81604.11216666667,247.1003682352176,-5.87,1566.355
-81038.26099999998,246.32246412221588,-5.97,1566.658
-80576.7192,240.87295493897983,-5.09,1566.964
-80118.79049999997,238.88896579028287,-5.24,1567.246
-79761.43100000001,234.13416436720672,-5.15,1567.532
-79256.94249999998,230.32953997112173,-4.52,1567.8220000000001
-78771.78550000001,233.92301778529907,-3.76,1568.088
-78380.36249999997,230.6005847869417,-4.6,1568.356
-77927.75800000002,234.7426828516585,-4.42,1568.62
-77460.36299999998,229.25533496544972,-4.92,1568.882
-77019.54013333334,227.2993454606292,-5.02,1569.154
-76557.94999999998,224.1427524434798,-5.28,1569.429
-76130.753,226.64717080896844,-4.97,1569.709
-75665.91499999998,224.91795384960736,-4.91,1569.981
-75106.4805,231.68344444807624,-5.44,1570.252
-74746.73599999998,238.01317290414423,-5.76,1570.535
-74297.47216666667,239.34140543854343,-5.81,1570.826
-73900.65049999999,249.9395723649484,-5.93,1571.117
-73595.13366666668,249.52367746086176,-6.35,1571.412
-73117.95149999997,243.2700059361268,-6.85,1571.717
-72575.645,241.2403946279206,-6.2,1572.035
-72271.48233333335,231.3339802376306,-6.5,1572.33
-71800.95566666668,232.73507960739272,-6.46,1572.636
-71269.31633333334,230.8909584063356,-6.67,1572.938
-70916.04366666666,232.33476105332247,-6.46,1573.247
-70540.14999999998,232.7908655423784,-7.01,1573.55
-70142.81486666668,239.45635365708617,-7.22,1573.868
-69743.65023333335,237.5634446299485,-7.26,1574.191
-69329.16903333334,235.0157701160404,-7.45,1574.5140000000001
-68978.87216666664,225.17215906542413,-7.66,1574.842
-68477.26266666668,220.32661122546068,-7.78,1575.175
-68102.1648,215.55081317503783,-7.94,1575.511
-67642.01713333334,211.2583877926514,-6.86,1575.849
-67131.5285,205.420359086996,-6.49,1576.155
-66669.99346666667,203.42547248921588,-6.16,1576.449
-66196.18849999999,200.17043811242027,-5.9,1576.734
-65779.6785,203.758804582249,-5.42,1577.011
-65364.5875,201.14189964947187,-4.96,1577.275
-65009.710666666666,207.20522458616009,-5.7,1577.528
-64489.3055,204.3859977224767,-6.11,1577.798
-63987.23266666668,200.59108353507256,-6.44,1578.079
-63814.51269999999,198.17360428453372,-6.39,1578.367
-63596.44649999999,208.9757824141881,-6.46,1578.655
-63096.72066666667,199.17080568979725,-6.49,1578.943
-62917.4226,201.6702793802828,-6.17,1579.232
-62707.29413333334,203.6954666984904,-7.06,1579.512
-62163.77896666667,199.7280299125443,-7.04,1579.816
-61946.87993333334,197.242366435254,-6.77,1580.1190000000001
-61605.79266666668,197.40343593339367,-7.36,1580.414
-61010.89566666668,200.14813320360096,-7.4,1580.725
-60824.57333333335,202.7086782342372,-7.82,1581.037
-60602.00602222222,202.5567478249938,-8.29,1581.3600000000001
-59950.7233,206.3768851547348,-7.64,1581.6970000000001
-59604.1108,210.90340290966515,-7.38,1582.007
-59284.84403333334,210.56770709704924,-6.73,1582.312
-59110.877466666665,207.954258455404,-7.18,1582.612
-58867.61723333333,213.77895408048403,-7.5,1582.916
-58566.6315,217.25313232793505,-7.8,1583.226
-58423.05923333333,212.8709102876108,-7.46,1583.5439999999999
-58159.88306666667,216.6606807562948,-7.55,1583.853
-57783.46935,223.454816116,-7.58,1584.164
-57430.40500000001,226.3532918442512,-7.23,1584.474
-57155.06914999999,231.2935761342168,-7.36,1584.776
-56483.31999999999,223.14855036746204,-8.19,1585.0810000000001
-56267.01230000002,224.3533976707648,-8.14,1585.408
-55893.72470000001,223.71829246142204,-7.46,1585.7359999999999
-55526.26499999999,217.3763243825505,-7.2,1586.042
-55260.94264999999,215.69652704379405,-7.55,1586.34
-54553.58249999998,212.4366913146648,-7.11,1586.646
-54287.12940000001,207.67411308560085,-6.07,1586.94
-53959.53739999998,210.2748744860088,-7.07,1587.234
-53603.13,214.7766439566713,-8.26,1587.527
-53343.45915,208.19350573591464,-7.61,1587.85
-53064.48765000002,216.8579026931373,-7.4,1588.165
-52744.61249999999,213.88701388029443,-7.89,1588.466
-52437.125000000015,217.9567383202817,-8.39,1588.777
-52206.60319999998,220.3743647767866,-7.69,1589.108
-51856.25204999999,221.13790909272413,-8.74,1589.415
-51450.45315000001,223.261990272584,-7.84,1589.752
-51158.25250000001,223.71721395019227,-8.6,1590.069
-50850.742500000015,221.1479059817251,-7.84,1590.401
-50623.676,220.7236106732058,-8.7,1590.719
-50434.780900000005,219.08254103386616,-8.52,1591.0529999999999
-50136.81984999999,213.81781717736385,-8.41,1591.386
-49829.530000000006,215.07712976760632,-8.8,1591.718
-49481.4466,211.57084710504336,-8.99,1592.065
-49079.17010000002,207.63643592103045,-8.94,1592.402
-48577.41474999999,207.40999031146947,-8.7,1592.741
-48270.5469,206.744026938688,-8.78,1593.0729999999999
-48056.51000000001,204.37676012041777,-8.57,1593.406
-47778.31500000001,203.8713291389937,-8.52,1593.732
-47512.65525,204.0580378539165,-8.87,1594.056
-47352.98039999999,200.12004323663527,-8.87,1594.391
-47037.95264999999,201.57862918592315,-9.0,1594.726
-46477.85999999999,200.97514386943084,-8.79,1595.065
-46273.18175000001,206.18208295015896,-8.58,1595.4
-45993.7511,205.65965094423697,-8.15,1595.728
-45760.390000000014,203.7878948817506,-7.55,1596.042
-45574.35689999999,204.2599351400208,-7.94,1596.33
-45364.97619999998,207.5966069009341,-7.4,1596.621
-45136.27499999999,210.2720270577908,-7.59,1596.91
-44937.935000000005,210.8376323281788,-7.63,1597.2060000000001
-44796.4378,214.1828461994789,-7.97,1597.5059999999999
-44685.902,216.41663219437743,-7.86,1597.805
-44358.5475,218.34888238109227,-7.72,1598.105
-44231.255,219.24687294689664,-7.87,1598.4
-44107.33380000001,221.7721744693644,-7.89,1598.7
-43927.10855000001,222.71746789063323,-7.83,1599.0
-43746.05500000001,217.51186974587569,-7.61,1599.298
-43510.322400000005,214.5013713408328,-8.1,1599.59
-43330.38750000001,213.9182293789752,-7.36,1599.894
-43192.015,207.9533487146811,-7.28,1600.179
-43046.15699999999,211.4870756888481,-7.2,1600.46
-42866.0105,210.4383494018988,-7.73,1600.74
-42705.53499999998,212.28537276723185,-6.52,1601.031
-42540.50250000001,204.82615482707928,-8.0,1601.2930000000001
-42400.46499999999,206.2215634864937,-8.61,1601.592
-42254.44639999999,201.99679013111552,-8.74,1601.91
-42145.19614999999,204.30591912829976,-8.14,1602.231
-41859.01,201.68967291161368,-7.44,1602.534
-41711.15755,203.1809190815252,-8.49,1602.819
-41565.82055000001,204.2219503591491,-8.46,1603.132
-41400.662500000006,201.66462398159248,-8.01,1603.443
-41221.885,203.1620719019197,-8.88,1603.743
-41018.0782,204.26047843855287,-8.43,1604.066
-40899.867,206.35415471090323,-8.29,1604.377
-40678.3001,204.82674347655345,-8.69,1604.683
-40365.817500000005,200.8960917386434,-8.53,1604.999
-39950.68680000001,199.89056576724948,-8.84,1605.312
-39809.2075,201.12434903906265,-8.85,1605.632
-39655.9736,205.4900663672548,-8.62,1605.959
-39353.5942,204.18539759772148,-9.03,1606.272
-39217.90404000001,201.5320304267976,-8.33,1606.596
-38957.388600000006,200.96619797440223,-9.14,1606.902
-38804.3,200.46615960740988,-8.98,1607.239
-38603.43999999997,201.4844524663304,-9.66,1607.5520000000001
-38535.94648,201.3226860426168,-9.22,1607.897
-38358.4,197.90454896091208,-8.99,1608.226
-38195.3,193.690311850125,-9.56,1608.546
-38162.1,193.08131430805,-9.18,1608.879
-38092.7,192.5956555545,-8.39,1609.202
-37950.5,197.55250733926664,-7.71,1609.5
-37934.99999999999,193.873098888,-7.1,1609.78
-37807.100000000006,193.581354240625,-6.96,1610.051
-37759.2,196.6742707386,-6.55,1610.31
-37671.00000000001,195.70159247466665,-6.21,1610.565
-37565.4,200.402973875925,-5.95,1610.81
-37504.4,198.138503631,-5.5,1611.047
-37452.9,191.53156337775,-5.68,1611.276
-37429.4,204.77737582488,-5.07,1611.508
-37389.8,207.868080375675,-4.6,1611.726
-37369.9,209.326456305,-4.12,1611.936
-37353.2,209.495641888,-3.98,1612.136
-37315.7,208.685091262475,-3.5,1612.333
-37170.50000000001,207.323585223,-3.16,1612.522
-37103.6,204.2829889158,-3.17,1612.704
-37026.8,202.3448524395,-2.78,1612.883
-37005.6,205.98808959113333,-2.94,1613.063
-36924.7,205.650989878,-2.65,1613.238
-36862.6,206.085787558,-2.17,1613.409
-36773.4,206.543994036,-2.14,1613.574
-36720.8,204.455553872625,-1.92,1613.74
-36671.8,204.7919056404,-1.48,1613.902
-36623.6,208.23327262075,-0.95,1614.0529999999999
-36583.2,210.07869060075,-0.66,1614.202
-36522.9,207.2301825856,-0.62,1614.345
-36462.8,210.7947524055,-0.07,1614.4859999999999
-36409.2,207.99977968,0.8,1614.624
-36334.2,207.411157001,0.53,1614.75
-36242.4,206.5229252229,1.15,1614.88
-36215.59999999999,208.335059710425,1.36,1615.0
-36138.5,214.3603925775,1.61,1615.12
-36050.3,211.213425214,1.6,1615.237
-35945.0,214.2064208262,2.04,1615.358
-35827.2,212.09241359079,2.81,1615.472
-35697.5,212.135905967,2.87,1615.578
-35668.600000000006,214.2958990008333,2.69,1615.684
-35511.3,209.8366778265,3.09,1615.7930000000001
-35481.0,212.5055286975,2.9,1615.897
-35388.1,206.586570978,3.62,1616.0
-35352.0,209.65639176,3.7,1616.098
-35346.5,208.25190909,3.01,1616.1970000000001
-35193.2,207.34584681975,2.9,1616.3029999999999
-35168.600000000006,210.157174784,3.35,1616.41
-35073.4,206.3568576216,3.23,1616.5149999999999
-34989.8,203.514345808,3.34,1616.621
-34870.2,202.76033458287492,3.75,1616.723
-34762.8,203.7543230524,3.48,1616.821
-34719.6,203.76951759,3.19,1616.921
-34641.8,205.10239260525,3.19,1617.024
-34556.3,198.9617645275,2.54,1617.128
-34311.8,200.09164615275,2.53,1617.238
-34223.100000000006,201.7797825328,3.27,1617.347
-34136.5,204.123014498,2.77,1617.451
-33998.3,198.799944457875,2.32,1617.558
-33904.6,203.2886587452,2.01,1617.67
-33751.600000000006,200.5019756069,1.83,1617.783
-33722.50000000001,201.81310262977505,1.79,1617.903
-33617.99999999999,201.8276293501,0.88,1618.021
-33580.7,201.88660042935,1.02,1618.151
-33558.5,202.041266727,1.03,1618.275
-33547.09999999999,201.06305549865,0.26,1618.401
-33495.8,200.29875552115,0.05,1618.539
-33433.0,201.35769286432503,-0.12,1618.6779999999999
-33409.4,203.6185257355,-0.1,1618.821
-33387.0,204.46706210535,-0.34,1618.964
-33331.7,205.3761847385,0.35,1619.1100000000001
-33215.8,203.60050857025,0.32,1619.247
-33139.6,198.7828307793,0.71,1619.384
-32916.8,203.0917776366,0.15,1619.518
-32875.6,202.795646976,0.97,1619.657
-32760.6,197.16130487225,0.96,1619.787
-32697.800000000003,198.89171239745,0.92,1619.917
-32670.0,200.2924224414,0.77,1620.048
-32652.6,199.48892964,0.47,1620.18
-32606.9,199.6474818549,0.49,1620.316
-32384.4,196.201852015,0.78,1620.449
-32362.800000000003,196.266613322,0.1,1620.585
-32300.800000000003,195.7913334535,0.79,1620.725
-32240.300000000003,194.8874767012333,0.2,1620.859
-32114.200000000004,195.93175875275,0.41,1620.999
-32041.5,195.41091567172492,1.0,1621.136
-32007.0,196.47191999325,1.11,1621.267
-31975.899999999998,194.47027317217496,1.36,1621.396
-31957.499999999996,194.46060405395,1.36,1621.5230000000001
-31935.7,195.2662323655,0.66,1621.649
-31891.000000000007,195.627148340675,0.8,1621.783
-31808.10000000001,200.03106638475,0.7,1621.917
-31605.300000000003,197.79975641045,0.79,1622.051
-31541.399999999998,197.12526326695,0.57,1622.182
-31467.5,196.89622890765,1.19,1622.315
-31198.300000000003,197.646004846875,1.04,1622.44
-31059.0,196.32609642975,0.41,1622.568
-30930.9,196.70181603277496,0.46,1622.702
-30863.10000000001,199.302319209275,0.39,1622.839
-30764.1,195.93861278715,0.7,1622.975
-30727.8,195.08012700165003,0.16,1623.113
-30644.6,194.4295742917,0.43,1623.25
-30561.1,194.606829741,0.61,1623.383
-30484.8,194.110429478875,0.57,1623.52
-30411.2,195.247244775875,0.31,1623.659
-30357.9,192.46518778166669,0.57,1623.797
-30200.6,196.9080549903,0.56,1623.933
-30197.5,196.4166558834,1.31,1624.062
-30129.599999999995,193.90502757875,0.72,1624.1979999999999
-30076.9,193.3257604058,0.85,1624.3319999999999
-29983.9,192.507154839675,0.44,1624.471
-29868.4,192.9276430365,-0.55,1624.615
-29842.1,193.71283854975,0.19,1624.758
-29574.1,189.946864958,-0.08,1624.904
-29406.4,188.4753253155,-0.24,1625.0520000000001
-29155.2,187.999563507075,-0.16,1625.2
-28825.7,190.3322228457,-0.56,1625.3519999999999
-28763.0,187.1432812245,-0.23,1625.5
-28578.800000000003,182.936081584225,0.08,1625.644
-28450.5,184.2981804458,0.13,1625.788
-28362.7,185.9886464213,-0.34,1625.937
-28327.9,186.5173876995,-0.84,1626.093
-28231.7,188.475316491,-0.43,1626.245
-28151.5,188.2467783878,-1.4,1626.408
-28049.0,191.5673410079,-0.76,1626.563
-28002.1,191.375496743275,-0.93,1626.721
-27887.800000000003,190.9669244527,-1.13,1626.8809999999999
-27792.8,191.28441196185,-1.21,1627.042
-27731.2,189.77280474485,-1.88,1627.213
-27659.2,189.24251845,-1.52,1627.379
-27460.2,189.2132558424,-1.35,1627.542
-27416.1,189.82870639425,-1.92,1627.713
-27373.9,191.0119519104,-1.93,1627.885
-27299.6,192.39141674277,-2.24,1628.061
-27255.3,188.0966829643,-2.44,1628.24
-27200.7,192.26433856792505,-2.37,1628.4189999999999
-27058.9,192.8724796734,-2.9,1628.604
-26998.6,193.2594032754,-2.08,1628.778
-26952.7,192.68758991725,-3.08,1628.967
-26891.9,193.8897968002,-2.98,1629.154
-26774.3,193.80250764615,-3.14,1629.343
-26676.4,192.8154242622,-3.39,1629.538
-26627.4,193.1001041801,-4.24,1629.746
-26476.9,189.6458701976,-3.81,1629.9470000000001
-26463.9,189.156744422,-4.03,1630.152
-26419.7,192.63389865615,-4.41,1630.363
-26321.6,191.5941937651,-4.45,1630.574
-26264.1,191.816137593,-4.37,1630.784
-26147.3,189.95757968037492,-4.41,1630.9940000000001
-26023.2,189.286787345625,-4.57,1631.2060000000001
-25977.1,188.98634898427505,-5.3,1631.432
-25935.0,189.27849064935,-4.41,1631.641
-25916.4,190.5849616488,-4.22,1631.844
-25870.7,187.586392521325,-3.6,1632.036
-25768.6,189.304523923175,-3.29,1632.223
-25764.1,190.6078690615,-3.65,1632.414
-25737.0,192.712370759625,-3.44,1632.6019999999999
-25711.3,191.46001174245,-3.57,1632.791
-25636.4,191.95350057715,-3.2,1632.975
-25599.7,191.5337587855875,-3.12,1633.156
-25552.800000000003,191.23379793375,-2.95,1633.334
-25491.9,191.953133708875,-2.99,1633.512
-25330.1,190.0614572262,-2.69,1633.683
-25220.2,194.928153007,-1.27,1633.834
-25134.800000000003,186.271358966325,-1.61,1633.989
-25092.0,187.3935686286,-2.05,1634.151
-25004.9,188.0846282088,-2.6,1634.321
-24907.8,186.43114764435,-2.28,1634.488
-24753.7,185.43660435787496,-3.84,1634.6779999999999
-24587.1,185.5131813934,-3.62,1634.864
-24510.7,186.0128248,-2.5,1635.032
-24365.000000000004,183.7673068405,-2.84,1635.204
-24304.5,184.5716823558,-3.23,1635.384
-24066.000000000004,184.51815170625,-3.67,1635.57
-23836.0,186.541161542,-3.22,1635.748
-23593.6,183.378918299,-3.46,1635.93
-23401.1,182.66041686875,-3.8,1636.117
-23213.6,180.69369987575,-2.85,1636.29
-22693.6,180.565516782075,-3.9,1636.4769999999999
-22319.8,186.726894870075,-3.43,1636.658
-22127.7,184.6823772,-4.4,1636.854
-21923.8,183.12944747075,-4.03,1637.0439999999999
-21650.5,187.985359152,-4.05,1637.2350000000001
-21495.2,186.77935625475,-5.11,1637.442
-21408.4,193.532820435975,-4.76,1637.644
-21326.7,197.67188495835,-4.43,1637.84
-21235.0,188.6041093398,-5.11,1638.046
-21157.3,190.08050149462505,-4.92,1638.245
-21063.8,190.53007546182505,-5.33,1638.458
-21044.0,189.397339585125,-5.51,1638.663
-20883.6,186.13368892427505,-5.41,1638.867
-20799.300000000003,190.0135889095,-5.19,1639.069
-20700.8,188.4866056205,-5.21,1639.275
-20654.1,185.207494535,-5.97,1639.4940000000001
-20600.1,184.67921815,-5.4,1639.703
-20397.6,187.0216472475,-5.77,1639.9180000000001
-20342.2,187.2242115241,-5.44,1640.127
-20280.886,191.2705275530216,-6.36,1640.351
-20105.594,187.38113959770783,-5.84,1640.566
-19963.629,190.7825043804128,-5.7,1640.777
-19840.593,187.9571766507431,-5.33,1640.983
-19612.853,185.2260525920329,-5.76,1641.195
-19395.184,187.24278170075527,-6.12,1641.412
-19262.702,190.05178294941012,-5.53,1641.618
-19117.69,188.40117180397905,-6.02,1641.833
-19014.428,190.87078412905063,-6.38,1642.055
-18878.392,192.6575020110712,-6.56,1642.28
-18716.489,187.76130879373025,-6.79,1642.509
-18586.804,193.92595404672443,-6.99,1642.731
-18457.601,189.9902249511881,-7.59,1642.969
-18263.307,190.47301770392272,-6.66,1643.193
-18068.696,193.72302093582547,-5.8,1643.396
-17933.882,196.05515178135056,-5.06,1643.59
-17841.188,193.60063929670704,-5.47,1643.789
-17679.493,191.41876528996983,-5.28,1643.9859999999999
-17618.151,188.95303905155183,-5.42,1644.183
-17492.725,191.51661846127155,-4.57,1644.367
-17332.155,191.584282023408,-4.25,1644.5439999999999
-17202.786,191.0855048576497,-3.95,1644.716
-17043.816,192.7099140092297,-4.67,1644.9
-16916.913,188.49917580509657,-5.27,1645.094
-16885.152,188.43646889385016,-4.85,1645.284
-16853.635,192.9746062473733,-5.2,1645.476
-16797.045,191.2709926696737,-5.39,1645.671
-16727.396,193.90294365325792,-5.1,1645.8519999999999
-16632.943,188.57060817148653,-5.42,1646.046
-16569.994,187.6657005045612,-4.73,1646.237
-16536.591,187.0879474951784,-5.82,1646.438
-16507.829,187.44688100668245,-5.25,1646.6309999999999
-16472.425,188.4698498760077,-5.68,1646.83
-16441.159,188.2127161368506,-6.12,1647.037
-16410.352,188.7315750218416,-6.39,1647.249
-16374.393,187.1210722823276,-6.23,1647.458
-16345.805,189.03208526365853,-5.94,1647.661
-16314.682,188.52153443206024,-7.01,1647.884
-16282.181,188.87750852438725,-7.07,1648.109
-16251.792,185.64837724764448,-7.06,1648.3319999999999
-16223.163,189.0114574096496,-7.69,1648.549
-16189.755,184.87510819689115,-7.14,1648.7730000000001
-16160.627,188.59044595252612,-6.57,1648.9850000000001
-16131.597000000002,188.64072093684447,-6.31,1649.192
-16100.092,187.7267726989902,-5.93,1649.391
-16074.45,187.78531136917945,-4.91,1649.576
-16042.042,188.9556833468375,-5.57,1649.768
-16015.825,188.6564989836098,-5.87,1649.965
-15985.988,188.54215704394005,-5.99,1650.164
-15957.158,191.7237910053392,-6.57,1650.374
-15930.995,190.2606131810841,-6.63,1650.585
-15904.603,189.51763426245728,-6.37,1650.791
-15875.432,191.20739896471937,-6.54,1650.999
-15847.574,187.25256339861124,-6.68,1651.21
-15819.713,191.7049630706334,-7.24,1651.424
-15793.75,190.411456374954,-7.15,1651.644
-15767.049,189.5231390515472,-7.6,1651.872
-15741.214,191.5189594499656,-7.81,1652.104
-15715.057,194.3760035369042,-7.35,1652.305
-15687.878,193.21020619774924,-8.03,1652.52
-15662.004,195.79039289658348,-7.38,1652.742
-15636.251,196.9632882286796,-7.05,1652.96
-15611.459,192.6236483930915,-6.95,1653.1689999999999
-15584.589,192.37047527166976,-6.37,1653.37
-15560.868,191.5857343990861,-5.87,1653.564
-15535.291,191.4761142959414,-5.66,1653.751
-15510.991000000002,193.00049226913703,-4.93,1653.9279999999999
-15484.971,190.75739808941373,-6.17,1654.124
-15460.026000000002,191.8856673685563,-6.68,1654.33
-15435.299,193.02021337722056,-7.2,1654.546
-15410.496,190.50284337603904,-7.22,1654.757
-15361.873,194.651413175494,-7.62,1654.982
-15337.896,195.87573909141443,-8.07,1655.208
-15286.245,198.29417538469403,-7.63,1655.432
-15213.698,198.631089252931,-7.53,1655.654
-15141.847000000002,202.1012164231453,-6.4,1655.854
-15044.774,204.3247383426767,-7.14,1656.067
-14978.830999999998,202.9290476816134,-7.58,1656.289
-14919.315,205.18509194320177,-7.76,1656.5140000000001
-14847.544999999998,205.5254887694144,-7.27,1656.719
-14783.527999999998,210.24939480334604,-6.98,1656.9270000000001
-14705.879,213.15469236971649,-6.14,1657.121
-14640.012,208.4614276166706,-6.41,1657.32
-14603.508999999998,208.65010901966772,-6.29,1657.5149999999999
-14559.932,207.9470733853761,-6.7,1657.717
-14522.034,213.9380167825644,-6.17,1657.91
-14508.381,217.18722610003744,-5.72,1658.094
-14481.323,211.7934498012063,-5.41,1658.2730000000001
-14460.705999999998,212.94888538923,-6.43,1658.459
-14441.886,209.50810411665643,-5.73,1658.642
-14424.888,211.2133503062316,-5.31,1658.819
-14404.228,214.8309479320241,-5.12,1658.982
-14387.251,212.4297076897044,-4.97,1659.143
-14367.429,214.5978424508933,-4.4,1659.3020000000001
-14346.958,212.84367513227136,-4.57,1659.466
-14328.743,214.2212288682848,-4.33,1659.626
-14310.727,218.56382460975144,-3.84,1659.78
-14290.564,220.48517092637948,-3.83,1659.933
-14272.957,223.2363153157684,-4.07,1660.0819999999999
-14258.708,227.3244742360862,-4.31,1660.238
-14237.461,221.48984625503212,-4.99,1660.401
-14216.707,226.1908800011438,-4.97,1660.568
-14201.209,224.8625784974834,-5.01,1660.7359999999999
-14164.135,222.4115117516632,-5.21,1660.8980000000001
-14133.0,224.242360124708,-5.06,1661.0720000000001
-14083.783,224.4802221411913,-4.77,1661.233
-14064.67,222.39327867419092,-5.15,1661.404
-14048.978,224.4079901815647,-4.79,1661.574
-14045.492,223.7224506956352,-5.0,1661.733
-13986.522,223.7681909549173,-4.69,1661.8890000000001
-13970.254,223.5107392974745,-4.57,1662.0520000000001
-13894.953,222.36468715588023,-5.02,1662.219
-13817.681,224.8571801594681,-4.9,1662.387
-13754.787,222.1576434042996,-4.99,1662.556
-13699.43,222.7583450509724,-5.35,1662.732
-13596.395,223.5305343345643,-5.56,1662.906
-13512.934,223.2710402890986,-4.9,1663.0729999999999
-13460.078,224.74311624898783,-5.61,1663.25
-13432.846,225.38795165189697,-5.27,1663.42
-13395.237,228.9165200283857,-5.0,1663.587
-13370.944,227.643060952884,-5.24,1663.759
-13330.741,225.77162913978188,-5.17,1663.93
-13293.443,228.26585961041692,-5.77,1664.1100000000001
-13268.875,230.18339813242304,-5.35,1664.287
-13231.113,227.84358475209112,-5.55,1664.465
-13206.516,228.8057322422929,-5.28,1664.6390000000001
-13183.528,229.6716065699829,-6.61,1664.8319999999999
-13145.81,234.47446894840783,-5.71,1665.011
-13122.534,228.9948074515769,-5.71,1665.191
-13084.777,225.38083520649624,-5.83,1665.372
-13061.48,228.3650655244248,-5.66,1665.55
-13037.256,227.65098593922204,-5.69,1665.729
-13026.478,229.78672581367329,-5.97,1665.912
-13003.662,228.890295544307,-6.21,1666.098
-12979.02,228.46979297537328,-5.67,1666.277
-12965.908,228.3587950722309,-5.85,1666.4569999999999
-12954.212,228.71528957073207,-5.98,1666.6399999999999
-12942.457,230.6301423785333,-5.95,1666.8220000000001
-12930.662,227.85150672131329,-6.31,1667.01
-12919.177,232.22123314488172,-6.18,1667.196
-12907.525,233.1674385645637,-6.55,1667.388
-12894.772,227.87363187172843,-6.39,1667.577
-12884.75,228.4041873231957,-6.74,1667.772
-12872.391,226.50690563613685,-6.73,1667.967
-12860.614,227.5760816830967,-6.89,1668.159
-12849.135,228.50250206425628,-7.38,1668.367
-12837.831,227.78536212593403,-7.82,1668.5810000000001
-12826.283,227.3927296719852,-7.19,1668.778
-12813.412,224.64412988292017,-6.75,1668.968
-12808.515,227.9025821178081,-7.12,1669.1689999999999
-12793.189,231.47501430697423,-6.62,1669.3609999999999
-12780.883,234.53668908061687,-5.57,1669.533
-12768.124,230.5296191365043,-6.53,1669.722
-12756.958,228.1794674192821,-6.81,1669.917
-12746.689,228.9069484734525,-7.33,1670.122
-12736.374,237.4924390193572,-8.04,1670.34
-12725.119,234.33541847308945,-8.12,1670.56
-12714.087,233.4167859001804,-8.57,1670.788
-12702.256,234.62208303328032,-8.05,1671.007
-12695.202,238.11592408247537,-7.89,1671.222
-12679.987,240.102021264826,-9.3,1671.465
-12669.389,237.970723841254,-8.41,1671.69
-12656.209,237.58632963935628,-8.26,1671.911
-12645.468,235.309514173436,-7.75,1672.121
-12636.185,237.9659544143376,-7.76,1672.3319999999999
-12625.933,239.76503812675872,-8.22,1672.5520000000001
-12613.518,239.8599976613368,-9.38,1672.795
-12602.933,241.729807649943,-8.95,1673.029
-12591.662,235.8323421305916,-8.38,1673.252
-12581.297,243.17377294839463,-8.99,1673.4859999999999
-12570.852,241.1441164192452,-8.58,1673.711
-12547.209,242.05538663336657,-8.16,1673.9270000000001
-12513.583,238.61345734214723,-7.89,1674.1390000000001
-12493.283,240.9489026098227,-8.28,1674.356
-12472.234,242.6046029893104,-9.02,1674.59
-12460.597,242.5463915992586,-8.95,1674.821
-12424.989,240.3252352260465,-8.58,1675.045
-12404.483,238.39005888170092,-8.97,1675.276
-12393.156,242.07891889663432,-8.56,1675.499
-12358.608,235.8013722168602,-9.05,1675.732
-12348.717,239.03677680876376,-9.11,1675.965
-12323.024,240.21229536304708,-9.05,1676.1970000000001
-12287.445,236.59503531115416,-9.17,1676.431
-12255.559,238.3613364190683,-8.98,1676.662
-12229.551,239.36064776017065,-9.31,1676.8980000000001
-12206.604,239.2381868013861,-9.32,1677.134
-12170.057,236.39805979670948,-9.06,1677.365
-12134.472,232.88000615516705,-9.38,1677.603
-12110.093,241.2691650036853,-9.23,1677.836
-12072.859,237.8687866200197,-9.34,1678.0720000000001
-12051.788,235.91958262522573,-9.36,1678.307
-11990.228,240.5703386445421,-9.09,1678.537
-11921.566,237.9515851667121,-9.16,1678.768
-11877.204,239.0843507235488,-9.55,1679.0059999999999
-11808.73,241.11490412197253,-8.98,1679.232
-11762.826,241.59139134507328,-8.41,1679.4470000000001
-11695.346,238.54747522687632,-8.54,1679.663
-11650.809,243.85979844717,-9.25,1679.893
-11581.749,235.8255291423037,-8.51,1680.109
-11536.737,240.25427358439865,-9.13,1680.337
-11468.103,237.82629259075324,-8.95,1680.561
-11354.149,236.8602209016533,-8.65,1680.778
-11316.965,240.4197733780046,-8.88,1681.0
-11266.195,239.4098936541896,-8.55,1681.215
-11222.67,236.9100647065016,-8.54,1681.429
-11178.448,234.8172845805215,-8.45,1681.641
-11138.223,241.5552999030114,-8.49,1681.853
-11116.591,237.9090254487845,-8.28,1682.061
-11093.693,238.86480110696388,-8.92,1682.282
-11071.916,234.67711437690164,-8.77,1682.5
-11051.057,239.41877622767905,-8.68,1682.715
-11030.883,237.14801820813656,-8.21,1682.923
-11009.751,240.7072616624785,-7.34,1683.12
-10989.228,238.17670710529904,-7.9,1683.325
-10967.105,238.7942418996904,-8.15,1683.541
-10943.384,239.43542944264075,-8.29,1683.76
-10923.977,241.2383063619222,-7.81,1683.964
-10902.706,239.34501708789696,-7.76,1684.166
-10880.152,242.14661205332536,-7.54,1684.357
-10859.27,242.2333501787688,-7.24,1684.5430000000001
-10835.627,241.4960201489729,-7.52,1684.734
-10812.577,240.0194403921716,-7.45,1684.923
-10789.914,247.29878007926465,-7.39,1685.1109999999999
-10769.8,241.5919394471499,-6.72,1685.288
-10747.141,244.24252191664183,-6.98,1685.469
-10723.897,242.52904430354567,-7.31,1685.655
-10703.637,243.94829999483665,-6.83,1685.8319999999999
-10679.853,246.94327763185444,-6.54,1686.0059999999999
-10657.644,248.09151906637945,-6.9,1686.183
-10636.604,247.01866418752644,-6.17,1686.351
-10614.615,244.27496932125192,-6.16,1686.517
-10593.717,249.9226267174943,-6.2,1686.685
-10571.35,246.7361603977909,-7.04,1686.866
-10545.838,244.42282246806465,-7.91,1687.061
-10525.39,246.1791753476704,-7.0,1687.242
-10504.817,245.828192028346,-7.86,1687.435
-10481.925,247.67023851530325,-7.53,1687.624
-10459.378,246.4034368607132,-7.41,1687.81
-10438.308,243.00399847303908,-7.87,1688.005
-10415.281,244.30941964788173,-8.35,1688.208
-10393.121,246.9665079337188,-7.95,1688.403
-10371.276,250.7315436936512,-7.46,1688.589
-10351.036,248.9240190698803,-7.01,1688.769
-10330.774,249.37721064234103,-7.29,1688.951
-10306.477,248.95174624217293,-6.68,1689.126
-10282.921,249.2318205544177,-8.06,1689.321
-10261.34,249.6533400802813,-7.96,1689.517
-10240.414,250.96816256782247,-8.42,1689.719
-10218.481,251.42428040746907,-7.99,1689.915
-10196.495,251.13879991205624,-7.35,1690.1019999999999
-10174.583,253.01913649818056,-7.27,1690.284
-10155.248,255.6570401748525,-7.36,1690.468
-10129.849,251.03138662276533,-8.38,1690.6689999999999
-10108.796,253.0980369479649,-7.51,1690.855
-10087.316,248.4071332197136,-7.2,1691.035
-10065.895,247.85064164274337,-7.43,1691.219
-10040.691,255.3912977602452,-6.7,1691.3899999999999
-10019.551,253.9931437879996,-6.02,1691.5520000000001
-9998.086,248.91570205793047,-6.59,1691.722
-9976.956,258.57498699245264,-6.82,1691.895
-9954.912,255.8965753132392,-7.17,1692.074
-9933.166,251.56174454316204,-6.98,1692.25
-9913.118,253.6295799831633,-7.29,1692.432
-9893.327,254.31017470730887,-8.13,1692.625
-9870.5,257.16871076552565,-6.93,1692.801
-9852.789,258.53058047537485,-7.16,1692.98
-9830.723,258.24947010276907,-7.68,1693.167
-9809.212,258.7419682040664,-6.99,1693.342
-9790.65,255.89086904448925,-7.12,1693.52
-9769.717,256.0430608603061,-7.69,1693.702
-9751.438,253.99089690085395,-7.71,1693.8899999999999
-9732.818,254.6155973344712,-7.99,1694.083
-9714.542,247.5528586529488,-8.92,1694.281
-9697.924,257.13429330946656,-7.72,1694.469
-9678.966,266.2202091929294,-7.88,1694.659
-9661.307,261.3035570908851,-7.85,1694.848
-9642.243,260.7019637596007,-7.47,1695.031
-9626.406,267.0926460402798,-7.77,1695.219
-9609.612,262.7402713424808,-8.2,1695.414
-9593.596,266.8975316078414,-7.99,1695.605
-9573.934,269.5087267559184,-7.17,1695.783
-9557.225,267.66344435702626,-7.48,1695.965
-9540.446,267.1659882944808,-7.55,1696.148
-9522.799,269.09658248435426,-7.68,1696.335
-9503.064,268.86948241809176,-8.38,1696.532
-9485.931,270.14345909208504,-8.48,1696.731
-9467.453,264.4831386910426,-7.89,1696.921
-9449.861,268.1638827775123,-8.33,1697.117
-9433.156,264.8396344162771,-7.6,1697.301
-9389.371,264.8062514925239,-8.33,1697.497
-9366.978787878788,264.1,-8.12,1697.69
-9306.56787878788,264.4,-8.28,1697.885
-9250.576363636364,265.3,-8.57,1698.085
-9235.87090909091,265.0,-8.29,1698.281
-9211.063636363637,264.8,-7.54,1698.466
-9139.615757575755,264.8,-7.23,1698.642
-9004.478787878788,267.6,-7.45,1698.818
-8885.743636363635,265.1,-7.46,1698.998
-8851.809090909092,266.0,-7.49,1699.1779999999999
-8730.480000000003,266.9,-7.8,1699.363
-8555.551515151516,267.5,-7.76,1699.544
-8416.55575757576,264.9,-7.29,1699.722
-8349.554545454546,265.7,-7.93,1699.908
-8242.954545454544,263.4,-7.32,1700.085
-8184.503030303031,264.0,-7.43,1700.2640000000001
-8042.609575757577,264.2,-6.91,1700.434
-7951.037878787878,264.4,-6.95,1700.604
-7623.266606060606,263.8,-6.32,1700.7649999999999
-7605.863939393939,263.0,-6.26,1700.925
-7574.439454545454,260.9,-6.65,1701.089
-7568.059030303029,260.6,-5.97,1701.245
-7486.703454545452,265.2,-5.85,1701.398
-7411.11696969697,263.8,-6.29,1701.557
-7345.308848484849,263.7,-5.6,1701.7069999999999
-7193.01284848485,262.0,-5.66,1701.858
-7110.173939393941,259.3,-5.67,1702.008
-7042.985757575756,260.4,-6.58,1702.1680000000001
-6961.853878787877,260.9,-5.99,1702.323
-6831.282363636365,259.0,-5.52,1702.478
-6760.678181818183,261.8,-6.01,1702.634
-6596.579090909092,260.7,-7.22,1702.802
-6509.6757575757565,261.3,-6.8,1702.969
-6401.876727272727,258.3,-6.94,1703.138
-6244.798787878788,259.3,-7.56,1703.312
-6166.284242424243,259.6,-6.4,1703.472
-6025.853939393939,260.8,-5.92,1703.625
-5976.3653939393935,259.2,-5.68,1703.775
-5910.1816363636335,259.7,-5.22,1703.9180000000001
-5769.591515151516,260.4,-4.42,1704.052
-5711.366363636364,260.1,-5.07,1704.192
-5547.865393939395,258.4,-4.22,1704.323
-5455.323818181818,260.7,-3.77,1704.448
-5324.009999999999,263.0,-4.49,1704.58
-5238.070303030302,262.3,-3.43,1704.702
-5088.269878787879,257.6,-3.45,1704.823
-5020.077393939396,258.1,-3.21,1704.941
-4930.308666666668,262.9,-2.83,1705.056
-4819.652545454545,262.1,-3.05,1705.172
-4732.545393939393,259.4,-2.42,1705.282
-4622.291575757575,261.1,-2.41,1705.391
-4451.244848484847,261.2,-1.83,1705.495
-4387.206909090909,262.7,-2.13,1705.602
-4351.963333333333,263.2,-2.32,1705.711
-4139.807878787879,265.5,-1.66,1705.813
-4049.376060606061,266.7,-1.25,1705.911
-3984.0914545454543,260.7,-0.36,1706.001
-3902.259636363636,265.5,-0.21,1706.091
-3807.6063636363633,265.9,-0.12,1706.179
-3631.297333333333,267.6,0.21,1706.2649999999999
-3583.289575757576,265.2,0.87,1706.347
-3407.548545454545,265.3,1.19,1706.426
-3361.1757575757574,267.6,0.99,1706.505
-3268.5661818181834,269.8,1.01,1706.586
-3136.7899393939388,268.6,0.36,1706.667
-3031.5798787878784,269.3,0.63,1706.75
-2971.2018181818185,270.7,0.74,1706.831
-2823.0015151515154,271.5,1.14,1706.91
-2697.4629090909093,269.8,1.57,1706.9859999999999
-2642.8192727272726,269.1,1.81,1707.06
-2544.362424242425,271.1,2.2,1707.133
-2392.822424242424,271.5,1.08,1707.211
-2325.076666666667,272.8,1.89,1707.285
-2255.842363636364,271.6,1.91,1707.358
-2158.6667272727277,271.7,1.84,1707.432
-2018.950606060605,274.9,2.06,1707.504
-1906.166363636364,275.4,2.42,1707.575
-1856.856969696969,271.5,2.31,1707.645
-1743.407696969697,273.0,2.71,1707.714
-1694.462727272728,273.4,2.21,1707.786
-1578.2878787878783,275.0,1.96,1707.859
-1481.1192727272728,274.0,2.73,1707.9279999999999
-1333.661575757576,273.1,1.98,1708.001
-1305.7281818181818,276.3,2.2,1708.0720000000001
-1106.604242424242,274.6,2.56,1708.142
-998.8163030303032,276.3,2.46,1708.213
-954.5469090909088,274.7,1.72,1708.289
-851.7606666666657,275.3,0.51,1708.372
-758.4754545454548,278.9,1.17,1708.453
-678.0157575757571,273.9,0.09,1708.539
-576.1249696969699,277.9,1.03,1708.622
-464.3166666666666,277.6,0.38,1708.7069999999999
-315.5493333333334,276.7,0.38,1708.7930000000001
-284.2352727272724,276.7,0.29,1708.88
-143.35909090909172,276.9,-0.01,1708.969
-49.70909090909004,278.0,-0.56,1709.063
1.0,276.7,-0.52,1709.156
30.0,277.9,-0.26,1709.248
56.0,277.4,-0.81,1709.345
104.0,277.5,-1.22,1709.445
136.0,278.1,-1.06,1709.5430000000001
153.5307600000001,278.0719954240161,-0.72,1709.6399999999999
174.53361999999993,277.55589209790946,-1.0,1709.738
240.6014,280.2490871903012,-0.99,1709.837
266.0953100000001,278.31439989271746,-1.59,1709.939
274.44391999999993,280.2444922059889,-1.12,1710.039
295.60457,280.9089598541969,-0.57,1710.134
317.5457899999999,281.692138914424,-1.87,1710.231
357.33356000000003,277.79537780888165,-2.26,1710.337
384.22688,277.24691789826335,-2.62,1710.4470000000001
406.36455,279.12520908544417,-2.39,1710.561
436.9383399999999,279.9999146746923,-1.41,1710.672
488.13194,277.1056915049757,-2.38,1710.775
517.9561100000001,276.789519068584,-2.41,1710.8890000000001
551.6216199999999,276.5590465243607,-1.65,1711.0
557.4683299999999,278.4608975547629,-1.78,1711.104
582.40769,276.19603745957005,-1.58,1711.211
614.5245599999998,277.86971612986054,-2.5,1711.315
636.9992299999999,279.58805021854124,-1.86,1711.426
669.1763599999999,278.45496800258206,-2.33,1711.537
701.24993,277.098940914164,-2.09,1711.648
730.4335000000001,279.9902637416671,-2.91,1711.7649999999999
762.29546,279.29371083930937,-2.45,1711.878
793.1049599999999,279.72469920818,-2.01,1711.987
822.3277800000001,278.62300321449914,-1.99,1712.096
875.4102,279.42044060983585,-2.59,1712.21
914.12816,280.10552589040225,-2.74,1712.327
957.65264,277.4071684030988,-2.89,1712.444
982.65417,278.7402401551619,-2.13,1712.555
1017.57791,279.7987034131486,-2.43,1712.6680000000001
1019.27216,280.06452973881244,-2.39,1712.783
1040.07917,280.9161701585891,-3.07,1712.902
1049.17706,280.9667443357615,-2.8,1713.019
1070.2027,282.8444160166049,-2.41,1713.132
1099.4098,283.0944582572788,-2.83,1713.248
1115.6089,282.8416314024614,-2.11,1713.358
1146.2869,284.510584449478,-2.85,1713.475
1165.9816,283.9659747066713,-2.61,1713.591
1199.8114,284.54004420226613,-3.13,1713.71
1210.955,283.68828915610504,-2.08,1713.8220000000001
1251.2694,282.41311047504325,-2.73,1713.939
1259.5071,282.199286054067,-3.31,1714.06
1278.1968,278.4312489162189,-3.6,1714.186
1307.4472,281.5784089788515,-3.95,1714.315
1330.12,284.0676432722511,-3.25,1714.437
1348.8499,278.3621212274177,-3.51,1714.561
1390.3321,280.9115788303861,-3.43,1714.684
1410.8606,279.6965499485699,-3.42,1714.807
1428.8044,279.7256958832981,-3.88,1714.935
1449.1638,282.22658040584827,-3.4,1715.058
1469.3968,280.3125047226672,-4.61,1715.195
1501.5286,283.1247803916497,-4.53,1715.3319999999999
1529.6757,283.94789036843633,-4.89,1715.472
1549.6475,283.5296825674026,-4.85,1715.612
1559.8629,281.82904146165555,-4.92,1715.753
1573.0129,282.5698274885973,-4.79,1715.891
1588.1767,281.10892823134105,-4.66,1716.029
1590.9906,279.3568610690018,-4.94,1716.169
1603.4186,275.066577843599,-5.1,1716.309
1609.4608,271.1090304670288,-4.76,1716.449
1628.5993,273.7807623120456,-5.81,1716.599
1639.8145,276.6872122505445,-5.65,1716.749
1649.0969,278.0152295252318,-6.03,1716.903
1681.8943,276.6596678045921,-5.78,1717.055
1689.7414,276.3246167739362,-6.09,1717.209
1694.0664,277.35805088594464,-6.07,1717.364
1722.8644,278.27011023020174,-6.01,1717.517
1723.0074,277.01330979867544,-6.16,1717.672
1733.872,278.3109424912346,-5.48,1717.818
1741.2572,276.8090000432731,-5.97,1717.974
1749.1199,277.6000738939942,-6.0,1718.126
1751.9316,276.4573287163011,-6.54,1718.286
1752.1294,278.00200109884094,-6.67,1718.448
1762.8782,277.15568662096365,-6.87,1718.612
1763.6968,276.3961020284933,-7.1,1718.78
1773.4555,277.8559524780317,-7.46,1718.953
1779.4891,280.2362981843688,-7.32,1719.128
1780.2999,273.07371696468044,-7.59,1719.302
1794.0965,281.6171179507893,-7.72,1719.478
1795.9435,282.3047106620081,-7.69,1719.653
1796.4715,280.4044366600032,-6.53,1719.811
1799.3364,282.7995518984052,-6.51,1719.968
1813.6597,284.43128758236145,-6.92,1720.128
1824.745,281.3603652847592,-4.89,1720.2640000000001
1826.9223,285.90893992625405,-6.27,1720.415
1832.87377618,285.0861666968484,-5.87,1720.562
1833.1772,283.82039231033946,-7.23,1720.728
1836.7002,284.151983964357,-7.51,1720.898
1840.82815717,283.6545457229947,-8.12,1721.077
1843.29321289,281.58148260537183,-8.15,1721.257
1844.46111002,283.5311237194569,-8.33,1721.44
1844.65465393,283.1828720355646,-8.18,1721.62
1845.90489061,283.6198856894272,-8.31,1721.801
1847.3218,286.839237474432,-7.83,1721.974
1850.2623816,284.00163402345765,-7.21,1722.138
1850.827,288.7903954001126,-7.77,1722.308
1851.10564731,285.4658308627274,-7.57,1722.474
1853.70827504,288.05443747992655,-7.36,1722.637
1854.71838118,285.56557722684016,-6.43,1722.789
1856.62032773,283.16210074754474,-6.48,1722.94
1858.84404142,286.6330756116753,-5.78,1723.0819999999999
1861.83448069,287.17456217295097,-6.24,1723.226
1862.97855574,285.3533187571561,-6.53,1723.372
1864.12838177,286.654158160582,-5.75,1723.511
1866.74388795,285.05229227816864,-6.13,1723.658
1867.7304,287.9922513016967,-4.55,1723.785
1868.41491309,289.53614491302415,-5.19,1723.915
1869.65612172,287.9864944292303,-6.02,1724.056
1870.0446858,286.32578146070443,-6.36,1724.201
1872.82637783,286.6550967370638,-6.64,1724.351
1873.73798032,291.5581974658393,-6.52,1724.501
1876.90521677,289.3281310647417,-7.96,1724.669
1879.95058398,287.7707291897673,-7.76,1724.835
1882.92235372,292.46393479402104,-7.46,1724.997
1883.79147243,289.7624132149648,-8.01,1725.162
1884.1799,289.2265988139854,-7.98,1725.331
1885.60012903,288.1157636999787,-8.07,1725.499
1887.39446673,294.34178746728605,-8.56,1725.675
1889.00748053,292.3423879392772,-8.08,1725.845
1889.86894219,290.9175394046256,-8.65,1726.023
1892.39051854,295.17192926023625,-8.57,1726.196
1892.87839551,294.8594308441452,-8.69,1726.373
1893.0603,295.3164626735822,-7.99,1726.54
1893.65882106,293.16654166689625,-8.7,1726.713
1893.75632496,293.80883068272027,-8.15,1726.881
1898.65716031,295.2814574829282,-8.72,1727.0529999999999
1898.94240499,297.0473645165553,-8.07,1727.223
1900.17835076,294.2207216000332,-8.16,1727.391
1901.70187471,295.6106368299745,-8.2,1727.559
1903.90652534,295.9913578166476,-8.08,1727.724
1905.35080414,299.0235966178361,-7.57,1727.887
1905.54356331,297.32821856127947,-7.01,1728.037
1905.7742,299.62686294971274,-7.38,1728.191
1908.52390789,301.5041354046444,-8.16,1728.3609999999999
1909.76476931,297.86910679162327,-8.77,1728.531
1910.71585085,298.10624698316605,-7.03,1728.681
1911.09538844,297.7268153632511,-7.47,1728.834
1911.28501404,299.25727749401767,-6.96,1728.981
1912.51514031,301.29772622272134,-6.74,1729.125
1914.39299596,300.7000886560916,-6.92,1729.27
1915.78603087,301.9151507114715,-6.52,1729.411
1917.87458812,303.85222132002366,-6.89,1729.556
1918.6683988,304.61320734820134,-6.34,1729.694
1919.7077812,301.8758603769565,-6.34,1729.83
1922.50504221,303.1815383191544,-5.69,1729.96
1922.83688341,306.1986242999216,-6.08,1730.096
1924.74838102,304.7159146968185,-5.98,1730.229
1925.31304291,304.96915678718324,-6.11,1730.363
1927.79645963,308.01874186181465,-5.29,1730.4850000000001
1928.1568,305.66786848134046,-5.08,1730.606
1928.53930677,305.7053721667773,-5.51,1730.73
1928.7436,305.78294147245686,-5.88,1730.8600000000001
1929.38632573,305.3808267142061,-4.96,1730.978
1930.82969384,305.7409186942765,-4.8,1731.096
1932.2936042,308.25556223436706,-5.23,1731.218
1932.53729929,308.27919921307927,-5.16,1731.34
1932.78092443,305.94402817135216,-5.45,1731.466
1933.59304922,307.0755443187391,-5.25,1731.588
1933.8764246,309.6306260790445,-5.0,1731.708
1935.05630111,306.3197983876916,-5.88,1731.837
1935.70945667,307.25859856593024,-5.39,1731.962
1935.87335809,309.3446868650601,-4.23,1732.073
1936.8632143,307.4076931745866,-4.66,1732.188
1937.76669305,312.3293254879136,-4.77,1732.304
1937.86788013,311.52050972739016,-4.87,1732.42
1938.12985249,311.94102882822733,-3.5,1732.525
1938.1616,308.47982780846024,-4.0,1732.633
1938.96772264,310.4566675193962,-4.45,1732.745
1939.22248508,311.21179432912515,-4.0,1732.853
1939.59182732,310.9510867188181,-4.11,1732.962
1939.969,309.80091502114107,-4.04,1733.07
1940.75400876,307.7386635857962,-3.72,1733.172
1940.83941537,311.80226771747726,-3.72,1733.275
1941.77969825,312.393938618938,-2.95,1733.373
1942.03541285,312.8437329659678,-2.78,1733.469
1942.20734108,311.878053578341,-2.89,1733.566
1943.57364794,312.36164019507424,-2.82,1733.662
1944.50904266,310.224309572614,-3.19,1733.762
1944.76432292,311.2775834649954,-2.9,1733.858
1944.96280981,310.440204448011,-2.5,1733.951
1945.38738873,311.8114965345337,-2.39,1734.044
1945.55722017,311.9671347125998,-2.22,1734.134
1945.61583916,312.5596867804179,-2.51,1734.224
1946.62686004,312.8663621464335,-2.01,1734.313
1946.66339683,310.36290017732523,-2.25,1734.401
1947.7064869,311.57094999761165,-1.46,1734.4859999999999
1948.77405468,309.6939936066409,-1.7,1734.5720000000001
1949.66847174,313.6602846482332,-1.64,1734.658
1950.2509,312.0017776102837,-1.77,1734.742
1952.38391817,312.1844627182946,-1.17,1734.824
1953.55856136,312.22274083278216,-1.39,1734.907
1953.71393737,312.8003637775662,-1.0,1734.989
1953.79154436,313.1710570119369,-2.25,1735.076
1954.79596465,314.7139613439055,-1.39,1735.157
1956.1572,315.342073915026,-1.83,1735.244
1957.1037471,314.4370577968855,-1.92,1735.333
1957.20337364,316.3253801823537,-1.98,1735.42
1957.25753884,315.2703546298443,-1.81,1735.509
1957.87242429,314.57216625352925,-2.09,1735.599
1958.10278585,316.1014028920352,-2.59,1735.692
1958.56297112,316.3340200101121,-1.86,1735.781
1959.09269585,311.98389241638387,-2.5,1735.873
1960.3140448,313.0933880516286,-2.67,1735.964
1960.56866172,318.20658038167187,-1.76,1736.051
1961.7159,316.59261011941027,-1.41,1736.136
1962.3219164,317.5216280215933,-1.98,1736.225
1962.39534109,319.1381732232432,-3.02,1736.3220000000001
1962.54209154,317.4481354802273,-2.7,1736.417
1962.61527986,318.61106261456985,-2.75,1736.509
1963.20001828,319.06606441856763,-1.93,1736.597
1963.56449559,319.12347301713646,-1.96,1736.686
1965.22634923,319.8929363220089,-2.38,1736.777
1965.29787811,319.1950596158425,-1.58,1736.864
1965.86601157,320.98156635342656,-1.89,1736.952
1966.54523533,322.1747797142201,-2.3,1737.0430000000001
1966.78904408,320.4923553617883,-2.0,1737.132
1968.53874856,320.38065078205506,-1.99,1737.221
1968.81386949,324.08551736938495,-1.81,1737.308
1968.98437083,325.07717594979096,-2.27,1737.397
1969.42321802,324.70605757685405,-2.59,1737.491
1970.22168348,324.5570616692709,-2.62,1737.585
1970.63715024,324.9059936630005,-2.14,1737.676
1970.65630201,326.6491948420144,-2.75,1737.771
1970.87268198,326.3093257445175,-1.5,1737.857
1972.04101781,330.3504422217994,-2.01,1737.945
1972.08833438,328.4158880123276,-1.74,1738.033
1974.13341332,331.54980566810485,-2.03,1738.122
1975.57092123,332.3656863259178,-2.34,1738.214
1976.67036968,332.3689555204767,-2.01,1738.299
1976.79675037,335.5469534579232,-2.48,1738.384
1979.14258988,334.84855553252345,-2.05,1738.473
1983.02591866,339.4604885213476,-2.06,1738.562
1983.07684987,341.3292967441024,-1.39,1738.646
1984.91675295,342.0519764062061,-1.07,1738.73
1985.76218002,343.1107520502481,-2.33,1738.82
1986.14322834,343.9736767615952,-1.76,1738.908
1986.6160162,344.71776861346984,-1.11,1738.99
1987.2085916,345.44120600376243,-1.12,1739.073
1988.06951193,347.59740561133145,-2.01,1739.162
1988.96633494,349.27841464963046,-2.43,1739.254
1989.40796781,349.8002703595191,-1.8,1739.342
1989.97139973,350.8086522409729,-2.21,1739.4279999999999
1991.13481671,352.41630841973364,-1.29,1739.512
1992.31351706,353.72423581425323,-1.27,1739.596
1993.08,353.94668533391206,-1.55,1739.681
1994.40564212,357.10673969933646,-1.39,1739.766
1996.27927213,359.6477931830841,-0.24,1739.843
1998.0,361.78073658846415,-1.84,1739.924
2001.03,368.02248790241714,-1.49,1740.009
2002.0,373.45,-1.77,1740.096
2003.0,375.98,-1.35,1740.182
2004.0,377.7,-2.24,1740.272
2005.0,379.98,-1.46,1740.358
2006.0,382.09,-2.39,1740.45
2007.0,384.02,-1.4,1740.536
2008.0,385.83,-2.19,1740.626
2009.0,387.64,-2.53,1740.72
2010.0,390.1,-1.8,1740.808
2011.0,391.85,-2.32,1740.9
2012.0,394.06,-1.67,1740.987
2013.0,396.74,-1.64,1741.074
2014.0,398.81,-2.38,1741.166
2015.0,401.01,-2.24,1741.257
2016.0,404.41,-1.69,1741.345
2017.0,406.76,-1.95,1741.434
2018.0,408.72,-2.74,1741.529
2019.0,411.65,-2.61,1741.624
2020.0,414.21,-2.62,1741.719
2021.0,416.41,-2.19,1741.81
2022.0,418.53,-2.41,1741.903
