Temperature Anomoly,Year
,2000.0
,1993.54769
,1987.41829
,1981.61153
,1974.51395
,1967.73776
,1960.95945
,1953.20879
,1944.51824
,1936.47962
,1927.78367
,1919.39187
0.88,1911.62621
1.84,1903.18797
3.04,1894.94376
0.35,1885.58489
-0.42,1876.84923
0.05,1868.06756
0.05,1859.24075
-0.52,1850.02969
0.79,1840.11121
-0.55,1830.74112
-1.11,1820.59622
0.38,1810.06111
-0.4,1799.89795
1.05,1789.41995
0.28,1778.98166
-0.72,1768.55534
-1.23,1758.51717
0.51,1748.12767
-2.44,1737.81374
0.42,1726.83708
0.84,1716.26091
0.71,1705.35927
-0.02,1694.50027
-0.14,1683.38791
-1.41,1672.22903
-0.34,1660.74994
0.16,1648.95697
-1.22,1637.55823
-0.41,1626.1454800000001
-0.59,1614.42175
0.03,1603.11871
-0.67,1591.49179
-0.9,1579.09888
-1.53,1567.12564
-0.47,1554.81442
-0.12,1542.53442
0.21,1531.24509
-1.73,1519.6022600000001
0.16,1507.59082
0.14,1495.90085
-0.56,1483.87482
-0.8,1471.78567
0.42,1459.6028099999999
-2.36,1446.94269
-0.85,1434.3490000000002
-0.36,1421.23578
1.26,1408.39142
0.7,1395.06879
-0.77,1382.24579
1.4,1369.40015
-0.87,1356.48865
-0.81,1343.52612
1.46,1330.53394
0.98,1317.95129
0.27,1305.01288
-0.96,1291.74243
-0.61,1277.8716399999998
-0.63,1263.3489399999999
-0.49,1249.32068
-0.96,1234.97296
-1.44,1220.7222900000002
-0.91,1205.76135
-0.1,1191.25659
-0.16,1177.59253
0.32,1164.16382
0.03,1151.09949
0.56,1137.69263
0.94,1125.1893300000002
1.17,1112.89996
1.5,1100.62097
-1.03,1088.03009
0.59,1074.63165
-1.41,1060.90759
0.92,1046.8337999999999
-1.03,1032.6682700000001
-0.67,1018.02484
-0.55,1003.01807
-0.75,988.77295
0.38,974.23511
-0.4,959.84192
-0.44,945.45996
-0.95,931.2149
0.14,917.61853
0.99,903.33545
0.36,889.4108900000001
-0.75,875.20398
-0.8,860.9231
0.72,846.2947999999999
-0.54,831.8402100000001
1.55,817.3481400000001
-0.9,803.20911
-0.34,789.0775100000001
0.93,775.60645
1.03,761.8879400000001
0.88,748.50171
-0.54,734.9637499999999
0.58,720.67786
0.37,706.3961200000001
0.27,691.7775899999999
-0.16,677.4084499999999
-0.3,663.0203899999999
1.23,648.2906499999999
0.22,634.13049
0.89,619.5459000000001
-0.17,605.2907700000001
1.55,591.3783000000001
0.89,577.38428
-0.17,563.38489
-0.02,549.3792699999999
-0.48,534.07935
-0.7,518.0994900000001
-0.45,502.1097400000001
1.04,486.73145
-0.93,471.2648899999999
-0.32,455.7841800000001
-0.54,440.32152999999994
-0.27,424.9139399999999
0.9,409.48803999999996
-0.92,393.66247999999996
0.04,378.01306
0.24,361.98389
-1.15,345.91748000000007
-0.84,329.4201700000001
0.73,312.8934300000001
-1.24,295.98523
0.42,279.82141
0.35,263.98254
-0.81,247.74658
-0.56,230.23217999999997
-0.11,213.02502000000004
0.1,195.83105
0.55,179.3991699999999
-1.41,162.59814000000006
0.25,145.7690399999999
-1.04,128.02550999999994
-0.99,110.65526999999997
0.35,93.50171
-1.06,77.43346999999994
1.79,61.01183999999989
0.0,44.54137999999989
0.01,27.988399999999956
-0.38,11.791259999999966
0.18,-5.514040000000023
-0.3,-22.75622999999996
-0.73,-40.0025599999999
-1.08,-57.35229000000004
-0.02,-75.2391399999999
-0.92,-93.51098999999999
1.62,-110.98633000000018
-0.7,-128.09888
-0.74,-145.21533
0.44,-162.52783
-0.64,-179.7492699999998
-0.34,-197.3413099999998
-1.02,-215.32128999999986
-0.48,-233.9953599999999
-0.46,-252.29271999999992
,-269.3937999999998
0.86,-286.5646999999999
0.3,-303.3891600000002
-0.35,-320.8740200000002
0.17,-338.77588000000014
-2.05,-356.32421999999997
-1.41,-376.6064500000002
-0.63,-396.90185999999994
-0.83,-416.62476000000015
-0.94,-435.38378999999986
-1.97,-454.53832999999986
-0.78,-473.7997999999998
0.0,-493.08032000000003
-0.65,-512.5148899999999
-0.63,-530.89111
0.16,-549.6469699999998
-0.45,-567.8017599999998
0.92,-585.1240200000002
-0.11,-602.8039600000002
0.51,-620.83887
-0.77,-639.0185499999998
0.37,-657.20264
0.85,-674.5393100000001
0.09,-691.8049299999998
-0.19,-709.1032700000001
-0.56,-728.0422400000002
-0.2,-746.6140099999998
-0.88,-764.85034
1.29,-782.7206999999999
0.89,-800.2446300000001
0.81,-817.4528799999998
0.91,-834.27979
0.01,-851.4470200000001
1.32,-868.3872099999999
1.12,-885.1018100000001
1.12,-901.8198200000002
0.04,-919.8168900000001
-0.64,-938.01172
-1.0,-956.21045
0.57,-974.22363
0.29,-992.8967299999999
-0.34,-1011.2143599999999
-0.91,-1030.4484900000002
-0.01,-1049.6936
-0.51,-1068.71484
0.1,-1087.35205
0.15,-1105.99341
-0.03,-1124.13501
0.63,-1142.03613
,-1160.2919900000002
1.27,-1178.5083
-1.46,-1196.72217
-0.91,-1215.27637
-1.3,-1235.7229000000002
0.62,-1256.56641
-0.82,-1276.7687999999998
-1.76,-1296.8627900000001
0.47,-1317.21094
-0.74,-1336.7067900000002
-1.05,-1356.5812999999998
0.7,-1375.9035600000002
-0.71,-1395.50293
-1.44,-1415.1477100000002
-0.01,-1435.1096200000002
-0.28,-1455.45874
-0.44,-1475.45044
-0.18,-1495.16016
-0.02,-1514.87329
0.46,-1533.79248
-1.04,-1553.07251
1.35,-1572.05103
0.15,-1590.5622600000002
-0.29,-1609.0761699999998
0.16,-1628.3283700000002
-0.67,-1648.29468
0.92,-1667.72217
0.77,-1685.7871100000002
0.17,-1703.8544900000002
0.62,-1722.00122
1.03,-1740.6455099999998
-1.02,-1758.9467800000002
1.36,-1777.1001
1.26,-1795.50146
-1.57,-1813.56421
1.07,-1832.9856
0.08,-1852.25
0.26,-1871.6044900000002
-0.7,-1891.62109
-0.92,-1911.26953
0.72,-1930.94751
-0.12,-1950.47876
-0.52,-1969.72363
-0.19,-1989.8960000000002
-0.41,-2010.0705600000001
0.4,-2029.64185
-0.56,-2049.41675
-0.59,-2069.15869
0.78,-2087.8606
0.81,-2106.91699
-1.16,-2126.0918
0.89,-2145.42676
0.82,-2164.76318
-0.59,-2184.0073199999997
-0.42,-2203.6777300000003
0.06,-2223.3154299999997
0.5,-2242.83838
-1.57,-2262.36182
0.67,-2281.4423800000004
1.31,-2300.3061500000003
-0.2,-2319.1704099999997
1.36,-2338.05469
-0.48,-2356.9335899999996
-1.03,-2376.36182
0.0,-2396.7363299999997
0.29,-2417.1113299999997
0.04,-2436.6088900000004
-0.32,-2456.0063499999997
-0.9,-2475.5117200000004
0.35,-2495.25098
1.33,-2514.99072
-0.39,-2533.7773399999996
0.78,-2552.65186
-0.7,-2571.39404
-0.4,-2591.8261700000003
-0.8,-2612.2583000000004
0.01,-2632.21631
0.16,-2651.92871
0.27,-2671.9916999999996
-0.56,-2691.60693
-0.01,-2711.22119
-0.16,-2730.94629
-0.38,-2751.09961
0.94,-2770.87256
-0.76,-2790.5395500000004
-1.21,-2810.20654
-0.28,-2830.6757799999996
-0.37,-2851.0752
-1.16,-2871.4804700000004
-0.32,-2892.29346
0.67,-2912.7270500000004
0.25,-2932.10645
-0.16,-2951.3989300000003
-0.03,-2970.32568
0.37,-2989.1108400000003
0.98,-3008.24121
-0.5,-3027.55811
-0.66,-3047.41162
-0.32,-3067.6313499999997
-0.29,-3087.2773399999996
0.36,-3106.9209
-0.95,-3127.1557599999996
-0.24,-3147.24316
-0.13,-3167.65625
0.25,-3186.6567400000004
0.56,-3206.00537
0.58,-3224.8188499999997
0.26,-3243.40039
-0.47,-3262.32373
-0.17,-3282.35645
-1.38,-3303.08057
-0.26,-3323.0351600000004
0.69,-3342.7548800000004
-0.21,-3362.1132799999996
0.68,-3381.5127
-0.26,-3400.5161099999996
0.03,-3419.94189
0.54,-3439.1777300000003
-2.14,-3458.7602500000003
-1.08,-3480.22119
-1.28,-3502.77002
-0.06,-3524.1074200000003
-1.3,-3545.14404
-2.19,-3566.0698199999997
-0.82,-3588.5629900000004
0.0,-3610.64307
1.23,-3629.5249000000003
-0.26,-3647.9335899999996
0.1,-3667.1459999999997
-0.75,-3686.84375
-0.1,-3706.9023399999996
-0.24,-3726.6777300000003
-0.97,-3746.8227500000003
0.57,-3766.83252
-0.77,-3786.2915000000003
1.38,-3806.1074200000003
-0.72,-3824.4589800000003
0.91,-3843.03125
1.01,-3861.4169899999997
-0.98,-3880.54785
0.29,-3899.67529
0.57,-3918.10498
0.32,-3936.7168
-0.54,-3955.14307
-0.89,-3975.8252
-0.71,-3996.1264600000004
-1.54,-4017.26807
-0.5,-4038.5932599999996
0.45,-4058.7304700000004
-0.02,-4077.9233400000003
-0.4,-4097.11182
-0.8,-4116.76611
0.06,-4136.92725
0.49,-4156.67334
-1.52,-4176.71484
0.8,-4196.75195
-0.93,-4215.99609
-0.51,-4235.56348
-0.71,-4255.3252
0.03,-4274.92188
-0.68,-4294.90576
-1.23,-4315.25293
0.27,-4335.96436
-0.19,-4356.17871
-1.3,-4375.78125
-1.55,-4396.05469
-0.38,-4417.22217
-1.37,-4437.99365
-0.76,-4459.05469
-0.47,-4480.11035
0.79,-4499.43555
-0.14,-4518.30127
-1.78,-4537.40918
-1.34,-4558.77686
0.81,-4580.53564
-0.48,-4600.47754
-1.27,-4619.66113
-0.71,-4640.10791
-2.27,-4661.98047
-0.22,-4683.31201
-1.5,-4704.39893
-2.0,-4725.47266
0.6,-4745.09766
0.23,-4764.92676
-0.28,-4784.95068
-1.47,-4804.85059
-1.31,-4825.19922
-1.2,-4846.66455
-1.07,-4867.73438
-0.59,-4887.80859
0.75,-4907.56445
-0.25,-4926.75293
0.99,-4944.72949
-0.73,-4963.03467
-0.8,-4983.19678
-1.23,-5003.43799
-0.49,-5023.75098
-0.29,-5043.71631
-1.44,-5063.37988
-0.94,-5084.45752
-0.66,-5105.52197
-1.11,-5126.34229
-1.16,-5146.71631
-0.39,-5167.57666
-1.91,-5188.54639
-3.0,-5209.63916
-1.32,-5233.03809
-0.93,-5256.14893
-1.82,-5277.69482
-1.56,-5298.8374
-1.43,-5320.31396
-0.4,-5341.77637
0.88,-5361.01465
-0.81,-5379.80273
-2.1,-5399.2124
-1.04,-5420.96484
-1.84,-5442.32568
-1.69,-5464.37549
-0.24,-5486.4126
-1.53,-5507.46973
-1.77,-5527.94238
-0.93,-5548.46387
0.03,-5568.73486
-0.93,-5588.68262
0.7,-5607.28027
-0.71,-5626.21826
0.83,-5645.2207
-1.14,-5664.23779
-1.71,-5683.49609
-0.82,-5704.58057
-0.46,-5725.59277
0.43,-5744.80908
-1.88,-5763.66211
-1.14,-5783.28223
0.79,-5803.18359
0.47,-5823.04932
-2.03,-5842.45361
-1.04,-5862.20361
-1.47,-5883.15186
-1.49,-5904.24023
-0.34,-5924.2207
0.26,-5943.61865
-0.56,-5963.12061
-1.06,-5982.94727
-1.24,-6002.77002
-1.41,-6023.72852
-1.25,-6044.78516
-2.19,-6066.25537
-0.87,-6087.89941
-3.09,-6110.00879
-1.13,-6132.52441
-0.65,-6154.10156
-1.4,-6174.47559
-2.04,-6195.28857
-2.54,-6218.22363
-2.25,-6241.03564
-1.31,-6263.10742
-1.71,-6285.146479999999
-0.77,-6305.947270000001
-1.35,-6326.735350000001
-1.43,-6347.71387
-1.26,-6368.740229999999
-1.24,-6389.997069999999
-2.4,-6411.41699
-1.69,-6433.13184
-1.89,-6455.271479999999
-1.4,-6476.941409999999
-0.74,-6497.5625
-0.7,-6518.13672
-0.85,-6538.253909999999
-2.79,-6558.367190000001
-0.74,-6578.88184
0.38,-6599.50879
-0.81,-6619.625
-1.54,-6639.316409999999
0.02,-6658.981449999999
-1.22,-6678.543949999999
-1.13,-6698.09375
-0.7,-6718.166020000001
-1.6,-6738.30762
-1.55,-6758.86133
-0.84,-6779.69824
-1.29,-6800.14453
-0.44,-6819.947270000001
-2.0,-6839.86426
-1.62,-6861.45508
-0.93,-6883.032230000001
-0.19,-6902.476559999999
-0.9,-6921.72363
-0.86,-6941.24512
-0.86,-6960.985350000001
-1.13,-6980.558590000001
0.05,-6999.62988
-0.1,-7018.69824
-1.49,-7038.20996
-0.67,-7057.795899999999
-0.94,-7077.30762
-0.59,-7096.755859999999
-1.09,-7116.20117
-0.49,-7135.628909999999
-0.49,-7155.04492
-2.56,-7176.032230000001
-1.9,-7197.31738
-0.06,-7217.60547
-1.42,-7237.44238
0.11,-7256.50879
0.54,-7274.433590000001
-0.51,-7292.356449999999
-0.99,-7311.82617
-1.57,-7331.494140000001
-0.04,-7350.672850000001
-0.28,-7369.492190000001
-0.45,-7388.295899999999
-0.57,-7407.027340000001
-0.14,-7425.744140000001
-0.33,-7443.95703
0.24,-7462.0
,-7479.851559999999
0.48,-7497.166020000001
-0.48,-7514.467769999999
-2.02,-7533.60059
-0.33,-7553.57812
-1.11,-7573.068359999999
0.04,-7591.806640000001
-0.75,-7610.530269999999
0.79,-7628.318359999999
-0.1,-7646.10449
-1.16,-7664.360350000001
-0.08,-7683.125
-0.38,-7701.76953
1.11,-7719.01953
-0.04,-7736.268550000001
0.01,-7753.603520000001
0.45,-7771.025390000001
-0.07,-7788.433590000001
1.33,-7805.05371
0.62,-7821.610350000001
-2.4,-7838.950199999999
-0.13,-7858.65137
-0.2,-7878.339840000001
-1.57,-7897.208979999999
0.68,-7916.01172
-0.61,-7934.24121
0.15,-7951.97559
-0.65,-7969.73633
-0.97,-7988.543949999999
0.35,-8007.35059
-0.36,-8025.762699999999
-0.75,-8043.95703
0.26,-8061.977500000001
0.32,-8079.343800000001
-0.2,-8096.709999999999
0.29,-8114.607400000001
-1.18,-8132.8076
0.02,-8150.7148
1.39,-8167.3848
0.43,-8184.054700000001
-0.02,-8201.3037
-0.47,-8219.0801
0.38,-8236.8447
-0.2,-8254.6504
-1.08,-8272.457
-1.38,-8290.6914
0.61,-8309.3174
-0.07,-8327.8193
-0.15,-8345.4287
0.12,-8363.0391
-1.76,-8381.2852
0.26,-8399.9658
-1.27,-8418.6934
-0.47,-8437.6484
-0.71,-8456.6045
-1.53,-8475.666
0.31,-8494.7451
0.53,-8512.4648
1.16,-8528.709
0.41,-8544.9551
-0.02,-8561.0078
2.12,-8577.0107
-1.23,-8593.0801
-0.12,-8611.7129
-0.55,-8630.3486
-0.88,-8649.0938
-0.64,-8667.9082
-0.51,-8686.5059
-0.27,-8704.5195
0.86,-8722.5352
-0.77,-8740.502
-0.84,-8758.46
-1.01,-8776.8691
-1.08,-8796.2324
-0.96,-8815.5918
-0.35,-8834.1104
-0.22,-8852.6348
0.25,-8870.6396
-0.51,-8888.3174
-1.36,-8906.1475
-0.8,-8925.415
-0.33,-8944.6758
0.28,-8962.8857
-0.96,-8980.7822
-1.81,-8999.2148
-0.66,-9018.9082
-0.12,-9038.5869
-0.27,-9056.1572
0.3,-9073.7334
-0.08,-9091.708
-1.45,-9110.0918
-1.14,-9128.5186
-0.47,-9147.5898
-1.41,-9166.6689
-1.62,-9186.4746
-0.93,-9206.5488
0.37,-9225.1875
0.53,-9242.2822
0.18,-9259.3838
-0.29,-9277.6016
-2.15,-9295.9404
-0.61,-9314.5518
-0.32,-9333.459
-0.95,-9352.1328
1.29,-9368.9443
1.11,-9385.752
-1.77,-9403.6064
-0.78,-9422.5303
-1.59,-9441.5273
-0.77,-9460.9902
-0.37,-9480.4473
0.42,-9498.0908
0.14,-9515.3408
0.79,-9532.4912
0.28,-9549.3379
-0.73,-9566.1816
-1.33,-9584.6416
-0.92,-9604.0088
-1.16,-9623.4229
-1.15,-9642.9346
-0.19,-9662.4434
-1.05,-9680.7852
0.01,-9699.1289
-1.06,-9717.3623
0.07,-9735.5176
-1.29,-9753.75
-0.5,-9772.7441
-0.88,-9791.7461
0.07,-9810.4072
-1.3,-9828.9531
-2.48,-9848.4639
-1.85,-9869.9482
-2.09,-9891.3965
-1.86,-9912.6777
-2.11,-9933.957
-1.84,-9955.2725
-2.78,-9976.5986
-2.64,-9999.4121
-1.69,-10022.2861
-1.99,-10043.3936
-1.96,-10064.4326
-3.02,-10086.7266
-2.57,-10109.3008
-2.91,-10132.4902
-4.44,-10155.833
-3.03,-10180.8604
-2.97,-10206.1396
-3.81,-10230.584
-2.63,-10254.7021
-2.12,-10277.249
-3.61,-10299.9336
-2.23,-10323.4033
-4.23,-10347.4521
-4.4,-10373.7012
-3.49,-10399.8477
-4.91,-10425.8887
-3.17,-10451.6885
-2.76,-10477.3848
-4.1,-10502.1934
-4.14,-10527.0107
-3.86,-10553.2119
-5.5,-10580.3105
-4.91,-10609.377
-5.17,-10638.3926
-4.65,-10667.3242
-5.15,-10695.7383
-3.88,-10723.4316
-4.35,-10750.4229
-4.19,-10777.2959
-5.28,-10804.4102
-5.53,-10834.1279
-4.1,-10862.8379
-4.74,-10890.6387
-3.56,-10917.3994
-4.41,-10944.1436
-4.82,-10971.5732
-5.04,-10999.6152
-4.58,-11028.3389
-3.85,-11055.3965
-4.05,-11082.168
-4.61,-11108.9648
-5.17,-11136.6318
-4.7,-11165.4902
-4.27,-11193.252
-3.47,-11220.4932
-3.94,-11245.9873
-4.6,-11271.9482
-3.6,-11298.8369
-3.57,-11324.8125
-4.12,-11350.1768
-4.28,-11376.6846
-5.31,-11403.667
-5.06,-11433.1836
-4.49,-11462.043
-4.92,-11490.2119
-3.97,-11517.7861
-2.76,-11544.8799
-4.46,-11569.9131
-3.88,-11595.542
-4.83,-11622.4082
-4.98,-11650.4316
-5.06,-11679.2363
-5.03,-11708.3955
-4.18,-11736.9766
-4.78,-11764.5898
-4.43,-11792.3896
-3.06,-11820.2178
-5.07,-11846.3457
-3.15,-11872.4404
-4.6,-11898.4473
-4.68,-11925.4268
-4.23,-11953.4229
-3.49,-11979.7461
-2.82,-12005.624
-2.64,-12028.9863
-3.24,-12052.4414
-3.98,-12077.6934
-4.05,-12103.2969
-4.48,-12130.1504
-3.27,-12156.1699
-2.71,-12181.2773
-3.0,-12205.6436
-3.43,-12229.5664
-4.14,-12254.5215
-1.02,-12279.9482
-1.93,-12301.6855
-2.16,-12322.6641
-2.69,-12344.8633
-2.5,-12367.7021
-2.96,-12390.8975
-2.52,-12414.3115
-5.32,-12440.0684
-3.78,-12467.127
-2.71,-12491.9443
-4.17,-12516.5557
-4.17,-12543.4365
-3.55,-12570.1777
-4.59,-12596.5146
-4.2,-12623.5322
-5.42,-12651.2031
-4.94,-12680.5674
-4.22,-12709.8857
-5.03,-12737.8242
-4.44,-12765.834
-3.62,-12793.9121
-4.04,-12820.2705
-4.29,-12846.4482
-3.62,-12873.0586
-4.02,-12899.6504
-4.25,-12926.2168
-5.52,-12954.249
-2.3,-12983.3652
-4.54,-13008.7334
-5.1,-13034.2314
-5.09,-13063.6973
-4.05,-13092.25
-4.17,-13119.832
-4.5,-13147.373
-4.36,-13174.9482
-4.76,-13202.917
-5.16,-13231.5762
-5.72,-13261.252
-5.47,-13292.0713
-5.66,-13323.1592
-5.51,-13354.2441
-5.74,-13385.3877
-5.7,-13416.4971
-4.75,-13447.4355
-5.11,-13477.1318
-5.35,-13506.5674
-6.01,-13537.4111
-5.19,-13568.2646
-6.37,-13599.1982
-4.8,-13631.1982
-5.39,-13662.0059
-5.25,-13691.9473
-5.61,-13722.4775
-5.32,-13753.0625
-5.62,-13783.7461
-5.82,-13815.1611
-6.18,-13847.1064
-5.39,-13879.6992
-6.66,-13911.7119
-5.91,-13944.1484
-5.96,-13977.0967
-6.46,-14009.8936
-6.9,-14043.8545
-6.76,-14078.6016
-5.94,-14113.3047
-6.1,-14146.1738
-6.07,-14178.8203
-6.22,-14211.6318
-7.41,-14245.9795
-6.44,-14280.9004
-6.12,-14315.7949
-6.76,-14349.1855
-6.79,-14383.9238
-6.75,-14418.9844
-6.86,-14454.127
-8.15,-14490.283200000002
-7.05,-14528.1836
-7.44,-14565.8105
-7.15,-14602.605500000001
-6.82,-14639.140599999999
-8.83,-14676.293000000001
-7.37,-14715.412100000001
-8.21,-14755.078099999999
-8.11,-14794.416000000001
-8.23,-14834.4961
-9.0,-14875.2012
-7.74,-14917.3789
-7.8,-14957.0547
-8.38,-14996.5059
-7.38,-15036.029299999998
-8.66,-15074.640599999999
-7.4,-15116.1973
-9.37,-15155.4863
-8.5,-15198.097699999998
-8.4,-15240.4863
-9.11,-15282.6211
-8.39,-15325.228500000001
-9.08,-15367.6758
-9.54,-15411.4199
-9.47,-15457.1738
-9.47,-15502.9473
-9.7,-15548.7051
-8.13,-15595.2012
-8.97,-15636.3848
-9.74,-15680.1895
-8.9,-15725.6816
-8.87,-15769.914100000002
-9.54,-15814.039100000002
-9.82,-15859.8027
-9.64,-15906.7402
-9.21,-15953.150399999999
-9.25,-15998.527300000002
-8.94,-16043.216799999998
-9.18,-16087.464800000002
-9.45,-16132.230500000001
-9.41,-16178.0039
-9.36,-16223.833999999999
-9.51,-16269.480500000001
-9.4,-16315.7422
-10.35,-16361.781200000001
-8.67,-16411.4863
-9.26,-16454.7891
-8.56,-16499.3281
-9.92,-16543.4316
-9.21,-16589.7207
-9.61,-16635.959
-9.36,-16682.1836
-9.02,-16727.9102
-9.69,-16773.4492
-8.84,-16819.0117
-10.12,-16865.0078
-9.34,-16912.0254
-8.44,-16957.8262
-10.43,-17002.5684
-9.89,-17051.1602
-8.52,-17098.7832
-9.54,-17143.1367
-9.34,-17189.2227
-7.81,-17234.8809
-9.55,-17275.7441
-8.91,-17321.8945
-9.96,-17367.1797
-9.16,-17414.7051
-9.75,-17461.0977
-9.62,-17508.4141
-10.19,-17556.418
-9.37,-17605.1719
-10.19,-17652.9258
-9.93,-17702.002
-8.94,-17750.2168
-8.84,-17795.5742
-8.53,-17839.5312
-9.51,-17883.9238
-10.43,-17930.9395
-9.81,-17980.5176
-9.4,-18029.2168
-9.04,-18075.9492
-9.46,-18121.9766
-8.71,-18167.7188
-9.79,-18213.3516
-9.22,-18260.3184
-9.53,-18307.0957
-9.69,-18354.3652
-9.72,-18402.4238
-10.18,-18451.0352
-8.92,-18500.209
-8.83,-18545.9707
-9.31,-18590.707
-9.49,-18637.1621
-9.65,-18684.5605
-9.64,-18732.7129
-9.03,-18780.7422
-9.36,-18826.4121
-9.41,-18873.2305
-9.47,-18920.3926
-9.39,-18967.7539
-10.14,-19015.4648
-9.25,-19064.8594
-9.52,-19112.2578
-8.74,-19159.1543
-9.06,-19204.6133
-10.02,-19251.1387
-10.04,-19300.2695
-9.2,-19349.6152
-8.59,-19396.3184
-7.92,-19440.1914
-10.1,-19484.5781
-9.71,-19532.3066
-8.9,-19580.7148
-9.64,-19627.6777
-10.12,-19675.9883
-9.57,-19725.7695
-8.96,-19774.0586
-8.72,-19820.1602
-8.47,-19864.9258
-9.42,-19909.1855
-9.14,-19956.5254
-9.6,-20003.1992
-9.45,-20051.8184
-9.82,-20099.8418
-9.98,-20149.4609
-9.67,-20199.8496
-8.81,-20248.8359
-10.04,-20294.4902
-9.91,-20345.082
-8.36,-20395.2188
-9.14,-20439.1641
-9.41,-20485.8457
-8.74,-20533.2734
-9.22,-20579.3027
-9.92,-20626.7812
-9.0,-20675.6934
-9.98,-20723.793
-9.36,-20773.0176
-9.62,-20821.8242
-9.39,-20870.5059
-9.73,-20919.25
-9.55,-20968.4688
-9.11,-21017.1543
-8.43,-21063.8984
-8.84,-21109.291
-8.23,-21154.0508
-8.99,-21198.9297
-9.19,-21244.9395
-8.79,-21291.9062
-10.25,-21338.9629
-9.36,-21389.7246
-8.95,-21438.4199
-9.28,-21485.4512
-8.69,-21533.0234
-8.88,-21578.8184
-9.05,-21625.1562
-8.64,-21672.0527
-8.95,-21717.7598
-9.29,-21764.5371
-9.36,-21812.5371
-10.39,-21861.9004
-9.95,-21914.0938
-9.62,-21965.5
-9.52,-22015.4355
-10.58,-22065.4004
-9.68,-22119.168
-9.4,-22169.4922
-9.05,-22218.3887
-9.0,-22265.8613
-9.76,-22313.4961
-9.33,-22363.582
-10.07,-22412.8691
-10.1,-22464.7129
-7.98,-22516.8223
-8.99,-22560.7676
-9.9,-22608.2148
-10.21,-22659.2773
-10.06,-22712.0449
-9.96,-22764.418
-9.89,-22816.2832
-9.54,-22867.8145
-9.84,-22917.9297
-9.39,-22969.125
-9.83,-23018.8086
-9.95,-23070.1719
-9.83,-23122.041
-9.35,-23173.2617
-9.35,-23222.9102
-10.21,-23272.8418
-10.48,-23325.8574
-10.32,-23380.25
-9.54,-23433.5371
-9.87,-23485.0898
-9.84,-23536.584
-9.67,-23588.1875
-9.54,-23639.2266
-9.3,-23689.5664
-10.19,-23740.2031
-10.02,-23792.6035
-9.53,-23845.1172
-10.47,-23897.0078
-8.93,-23949.9102
-9.61,-23999.5664
-10.2,-24050.4434
-8.98,-24103.0547
-9.85,-24152.5703
-9.96,-24204.2695
-9.17,-24256.6875
-10.4,-24306.5742
-9.96,-24361.1211
-9.02,-24413.7383
-9.94,-24462.6309
-9.34,-24515.1465
-9.59,-24565.5039
-9.96,-24616.7988
-10.19,-24669.8477
-10.11,-24723.8535
-9.05,-24776.7168
-9.48,-24827.0234
-9.72,-24877.7344
-10.13,-24929.9844
-9.59,-24983.0391
-9.75,-25035.3164
-9.7,-25087.375
-9.93,-25139.7832
-9.22,-25191.9375
-8.79,-25242.1699
-8.28,-25290.125
-8.84,-25337.25
-6.91,-25382.8496
-9.25,-25427.1953
-9.03,-25475.3438
-8.69,-25524.5488
-10.51,-25573.3613
-9.14,-25627.8301
-7.86,-25677.748
-7.71,-25723.0137
-8.61,-25767.084
-8.94,-25814.6152
-9.4,-25863.752
-8.38,-25914.0508
-8.81,-25961.5938
-9.87,-26010.6719
-10.22,-26063.5078
-9.15,-26117.9941
-9.42,-26168.6855
-9.93,-26220.1895
-9.42,-26273.8398
-8.71,-26325.3613
-8.89,-26373.7363
-8.2,-26422.5723
-7.84,-26468.7715
-8.69,-26514.5195
-8.61,-26561.9785
-8.59,-26610.0449
-8.87,-26658.334
-9.46,-26707.8711
-9.14,-26758.7324
-8.91,-26809.3203
-9.27,-26859.4668
-8.35,-26909.1074
-8.88,-26957.8145
-8.28,-27005.9531
-8.72,-27053.8848
-8.26,-27101.7754
-8.1,-27148.8965
-8.23,-27195.2129
-7.39,-27241.8301
-8.6,-27285.8301
-7.55,-27332.793
-7.93,-27377.9727
-9.42,-27424.7988
-8.88,-27474.6348
-8.42,-27524.418
-8.35,-27572.5469
-8.42,-27620.1211
-8.33,-27667.6895
-7.82,-27714.7227
-8.36,-27760.8398
-8.9,-27808.2891
-9.82,-27858.3535
-9.44,-27912.1523
-9.38,-27964.8301
-9.85,-28017.4492
-8.4,-28070.4102
-10.03,-28120.8145
-9.25,-28174.2676
-9.19,-28226.6895
-8.31,-28277.4238
-9.94,-28327.334
-8.61,-28379.6777
-9.06,-28430.3438
-9.19,-28481.0781
-9.19,-28532.6328
-9.29,-28584.4375
-8.88,-28636.1172
-8.88,-28686.8418
-8.87,-28737.2051
-8.87,-28787.5547
-8.87,-28837.9277
-7.57,-28887.3281
-8.69,-28933.7285
-8.77,-28982.8809
-8.52,-29032.8281
-9.51,-29081.8613
-9.93,-29135.4531
-9.29,-29190.6797
-9.47,-29243.6621
-10.04,-29297.418
-9.42,-29352.6406
-8.91,-29405.9746
-9.07,-29457.5488
-8.9,-29508.8652
-9.87,-29560.9707
-8.92,-29614.4492
-10.36,-29668.1094
-9.19,-29723.2285
-7.5,-29775.0352
-8.3,-29822.8711
-8.88,-29871.0098
-8.5,-29920.9727
-7.07,-29969.3457
-8.12,-30014.834
-6.9,-30061.5391
-8.4,-30105.2773
-8.64,-30153.8984
-8.31,-30203.625
-8.81,-30252.9141
-8.2,-30302.8555
-8.38,-30351.793
-7.78,-30399.9863
-9.02,-30448.5195
-7.95,-30497.7891
-8.09,-30546.4316
-9.16,-30595.3184
-9.77,-30647.5508
-9.46,-30702.2148
-9.31,-30756.5918
-9.88,-30810.9102
-9.24,-30865.9453
-8.59,-30919.2109
-9.25,-30970.753900000003
-8.74,-31022.9453
-8.18,-31073.863299999997
-8.03,-31122.792999999998
-7.93,-31170.769500000002
-7.53,-31217.9531
-8.06,-31264.8672
-7.76,-31312.1484
-7.48,-31359.128900000003
-8.3,-31405.292999999998
-8.06,-31454.308599999997
-8.47,-31502.621099999997
-8.14,-31552.363299999997
-8.12,-31601.0898
-7.72,-31649.308599999997
-9.32,-31698.0156
-8.1,-31749.25
-8.77,-31799.636700000003
-9.53,-31851.2656
-9.53,-31905.628900000003
-9.53,-31960.8281
-9.52,-32016.058599999997
-9.52,-32071.308599999997
-9.16,-32126.542999999998
-8.53,-32180.019500000002
-9.12,-32230.7656
-8.97,-32284.1406
-9.58,-32337.042999999998
-9.08,-32392.3594
-8.19,-32445.4219
-8.03,-32495.175799999997
-8.55,-32543.9297
-7.39,-32594.6602
-8.34,-32641.0703
-7.75,-32690.3516
-7.68,-32738.105499999998
-8.48,-32786.1562
-7.35,-32834.8047
-7.4,-32881.9688
-8.37,-32929.0938
-8.04,-32977.8945
-7.69,-33026.75
-7.03,-33073.9883
-7.69,-33119.375
-8.41,-33166.707
-7.72,-33216.957
-7.09,-33264.3594
-7.52,-33310.1953
-8.18,-33357.3125
-8.24,-33406.2852
-8.06,-33455.9102
-6.81,-33503.8516
-8.52,-33550.8984
-8.67,-33600.5195
-7.81,-33651.5859
-7.61,-33700.3281
-7.89,-33747.8906
-8.68,-33796.3633
-8.18,-33848.3828
-9.24,-33898.4102
-7.97,-33952.9375
-8.02,-34002.0195
-8.08,-34051.2422
-8.05,-34100.6719
-9.07,-34150.8008
-8.69,-34203.832
-8.54,-34256.2734
-8.32,-34307.8398
-7.84,-34358.2734
-7.84,-34407.2188
-8.09,-34456.0898
-8.2,-34505.6445
-8.05,-34555.5664
-7.77,-34604.9922
-8.44,-34654.4688
-8.08,-34704.6719
-7.95,-34754.707
-8.66,-34804.7539
-8.84,-34856.6406
-8.54,-34909.4375
-8.17,-34961.2891
-7.0,-35010.8945
-6.63,-35057.125
-7.91,-35101.3633
-7.88,-35150.3867
-7.89,-35199.457
-6.62,-35247.5195
-7.79,-35293.7148
-6.84,-35340.0352
-7.91,-35387.0938
-6.84,-35434.0273
-8.14,-35480.8398
-6.85,-35529.5
-7.18,-35575.0859
-6.04,-35620.6562
-6.18,-35663.3398
-6.27,-35705.6953
-5.14,-35747.3945
-6.41,-35787.125
-5.22,-35829.3281
-4.66,-35868.6484
-6.16,-35907.7188
-7.17,-35948.8711
-7.23,-35995.1172
-7.86,-36042.1211
-5.98,-36088.9141
-5.5,-36131.9805
-7.13,-36174.0781
-7.25,-36218.7891
-7.63,-36265.4414
-5.83,-36313.0977
-7.28,-36356.2227
-6.29,-36400.582
-6.57,-36444.9766
-7.03,-36489.1133
-6.62,-36534.4219
-6.39,-36578.832
-6.41,-36622.3047
-6.34,-36665.6914
-6.82,-36709.5195
-7.18,-36754.3984
-7.53,-36800.8477
-6.15,-36848.3945
-6.89,-36891.5781
-6.59,-36936.3242
-6.46,-36980.6836
-7.78,-37026.0234
-6.87,-37072.7617
-5.95,-37118.5117
-8.05,-37161.2344
-7.73,-37211.1562
-8.2,-37260.5312
-8.05,-37311.293
-7.97,-37361.8086
-8.2,-37412.1719
-7.97,-37462.9141
-8.03,-37513.3477
-9.02,-37564.7539
-9.2,-37619.0039
-9.1,-37674.7969
-8.18,-37729.8125
-9.24,-37782.2891
-7.83,-37837.2188
-8.48,-37887.918
-7.74,-37939.7344
-8.12,-37989.7812
-7.2,-38039.6875
-8.25,-38088.5508
-7.74,-38138.5391
-7.59,-38188.293
-8.63,-38238.375
-8.53,-38290.5078
-8.41,-38343.4922
-7.19,-38394.6562
-7.54,-38443.543
-7.26,-38491.4102
-8.54,-38540.3594
-8.89,-38592.5703
-8.72,-38646.8984
-8.7,-38701.0938
-8.82,-38755.2266
-8.42,-38809.1953
-8.14,-38862.0039
-9.39,-38915.1484
-8.15,-38969.6797
-8.02,-39022.4219
-7.77,-39073.1719
-7.57,-39123.0273
-8.58,-39173.3086
-7.31,-39224.2188
-6.45,-39272.582
-7.55,-39318.5273
-7.58,-39366.6484
-7.83,-39415.7305
-8.57,-39465.8516
-6.66,-39519.3281
-8.83,-39565.5898
-7.79,-39619.2031
-8.73,-39670.0195
-7.95,-39723.7695
-8.22,-39774.9414
-8.97,-39827.1836
-8.36,-39882.457
-8.8,-39935.3594
-8.74,-39990.1992
-8.75,-40044.8242
-9.06,-40099.6992
-9.04,-40155.7656
-8.22,-40211.168
-8.89,-40264.8008
-7.52,-40318.1523
-8.18,-40369.2695
-8.36,-40420.8594
-7.54,-40472.8047
-7.55,-40522.7852
-7.77,-40572.1875
-8.46,-40622.6758
-7.12,-40674.8398
-8.52,-40723.6016
-7.61,-40776.4883
-7.94,-40826.5625
-7.41,-40877.4922
-6.75,-40926.2031
-7.07,-40972.4609
-7.02,-41019.4883
-7.2,-41066.8047
-6.62,-41113.7734
-6.83,-41160.1172
-7.51,-41206.8789
-6.83,-41254.8594
-8.03,-41302.418
-7.93,-41353.3516
-6.47,-41404.0273
-6.93,-41449.5273
-7.36,-41496.5078
-7.9,-41545.3125
-8.06,-41596.0664
-7.37,-41647.0898
-7.57,-41696.6523
-7.81,-41746.3242
-7.22,-41796.0977
-8.42,-41846.2344
-8.68,-41898.7383
-8.02,-41952.1836
-7.94,-42003.5859
-8.74,-42054.9023
-8.66,-42108.3555
-8.31,-42162.4062
-8.82,-42215.9531
-8.77,-42270.7422
-8.44,-42326.0078
-8.04,-42379.9648
-7.04,-42431.8711
-7.63,-42481.0469
-8.73,-42531.8086
-8.3,-42584.9688
-8.46,-42638.0078
-7.9,-42690.9766
-7.57,-42742.2422
-7.92,-42792.668
-7.8,-42843.7539
-7.78,-42894.8242
-7.57,-42945.5391
-7.65,-42995.7812
-7.75,-43046.1289
-7.17,-43096.168
-7.12,-43145.0234
-6.62,-43192.543
-7.04,-43239.4297
-7.0,-43286.6836
-6.92,-43334.168
-6.59,-43381.3555
-6.79,-43427.3008
-6.51,-43473.6797
-6.97,-43519.9023
-6.9,-43566.8398
-5.27,-43612.168
-7.05,-43656.4023
-6.19,-43701.8398
-6.69,-43746.6992
-5.44,-43792.3828
-6.01,-43834.8477
-5.35,-43877.0469
-6.28,-43919.8086
-4.25,-43962.3516
-5.14,-44000.957
-6.03,-44041.8984
-6.86,-44085.5586
-5.8,-44130.4414
-5.24,-44173.9727
-6.38,-44215.1797
-6.31,-44259.7617
-6.12,-44303.8086
-6.18,-44347.8125
-5.7,-44391.4883
-5.72,-44434.3516
-4.85,-44476.6406
-4.57,-44515.8281
-4.03,-44553.7773
-5.64,-44591.75
-5.51,-44633.0586
-5.05,-44674.3125
-5.68,-44715.5703
-5.25,-44756.7891
-6.58,-44798.3516
-6.49,-44843.8125
-6.86,-44889.5742
-5.88,-44935.4414
-6.44,-44980.0898
-6.44,-45024.7695
-6.17,-45069.8555
-6.75,-45114.7266
-6.8,-45161.0234
-6.24,-45207.7344
-6.44,-45252.5938
-4.97,-45296.1719
-6.67,-45339.3398
-6.64,-45383.6016
-7.15,-45430.2383
-6.59,-45477.9141
-6.97,-45524.2695
-6.73,-45571.7969
-7.0,-45618.6562
-7.2,-45666.4492
-6.24,-45713.9375
-6.27,-45759.5664
-7.13,-45805.2852
-7.66,-45853.2578
-6.65,-45902.4219
-7.25,-45950.2695
-8.94,-45999.9453
-7.92,-46054.9102
-8.02,-46107.9961
-8.55,-46160.9883
-7.94,-46214.9297
-7.31,-46267.0703
-7.99,-46317.7578
-6.8,-46368.1914
-6.63,-46416.5234
-6.8,-46463.6953
-7.31,-46510.9883
-7.0,-46560.1289
-8.51,-46608.3789
-7.56,-46663.1289
-6.93,-46713.7305
-8.32,-46761.832
-8.17,-46815.5781
-7.08,-46868.9648
-7.01,-46917.3867
-6.54,-46965.2656
-7.57,-47012.3906
-7.67,-47062.3008
-7.59,-47113.2695
-8.17,-47164.6094
-7.28,-47216.7695
-8.05,-47267.6055
-7.64,-47319.4883
-8.39,-47371.543
-7.36,-47424.6875
-7.96,-47475.7578
-7.16,-47527.168
-6.75,-47576.3398
-7.54,-47624.6211
-7.45,-47674.293
-6.1,-47723.0312
-7.7,-47770.7617
-7.67,-47820.2188
-6.3,-47870.1133
-7.67,-47918.6797
-7.49,-47968.4375
-8.18,-48019.7734
-7.06,-48071.625
-6.64,-48120.9141
-6.96,-48168.2812
-6.5,-48215.8828
-7.02,-48262.332
-7.53,-48310.7617
-7.5,-48361.4062
-7.06,-48411.8672
-7.05,-48460.582
-5.64,-48508.0586
-7.17,-48553.3242
-7.43,-48601.1289
-8.11,-48651.9258
-6.25,-48702.4727
-7.02,-48750.5898
-7.48,-48798.6914
-6.59,-48847.7109
-7.5,-48896.2617
-7.37,-48945.8438
-6.69,-48995.4062
-6.71,-49043.1172
-7.84,-49090.8008
-7.38,-49142.3438
-7.38,-49192.7539
-7.22,-49242.8867
-6.95,-49292.3477
-7.02,-49340.6719
-6.77,-49389.1523
-7.21,-49436.9727
-6.61,-49485.7031
-6.42,-49532.7852
-5.98,-49578.4727
-7.41,-49624.8008
-6.57,-49672.457
-7.35,-49720.8984
-6.11,-49768.8594
-6.64,-49815.2383
-5.49,-49861.3008
-6.81,-49904.3594
-6.26,-49951.3789
-5.97,-49996.8125
-4.62,-50039.6562
-6.36,-50082.0547
-5.24,-50124.9102
-6.23,-50167.3633
-7.27,-50212.7773
-6.32,-50261.7422
-6.86,-50308.2695
-6.32,-50355.2383
-6.75,-50401.8867
-6.07,-50448.0625
-5.66,-50493.0195
-7.04,-50537.6367
-5.97,-50584.5234
-6.35,-50629.5
-5.28,-50674.8633
-6.72,-50717.9922
-6.11,-50763.3906
-4.61,-50807.0664
-6.11,-50849.2617
-6.18,-50892.5742
-6.62,-50937.6641
-6.82,-50984.6328
-6.33,-51032.1641
-4.25,-51076.1523
-5.75,-51117.4688
-6.18,-51159.5156
-5.08,-51203.2773
-5.41,-51244.918
-5.03,-51286.6484
-5.18,-51327.6445
-4.95,-51368.3555
-4.92,-51408.8828
-4.99,-51449.0742
-5.29,-51489.7344
-6.18,-51532.0469
-6.3,-51576.2422
-6.08,-51621.4648
-7.19,-51667.3125
-6.87,-51715.6602
-6.66,-51763.875
-5.54,-51810.9297
-6.25,-51853.9766
-5.54,-51898.4336
-6.52,-51942.6523
-6.25,-51987.7734
-6.67,-52033.9922
-6.5,-52080.5625
-6.98,-52127.6055
-5.66,-52174.9648
-5.96,-52218.8594
-5.83,-52263.0234
-5.42,-52306.4062
-7.04,-52350.6797
-6.9,-52397.4922
-6.86,-52445.875
-7.4,-52494.6133
-7.4,-52544.5508
-6.79,-52594.4648
-7.62,-52643.7695
-7.9,-52694.8203
-7.37,-52746.9414
-7.39,-52798.0
-5.94,-52847.0
-6.6,-52893.1797
-6.76,-52939.7227
-6.14,-52987.1484
-5.79,-53032.2852
-6.93,-53076.7773
-6.82,-53124.3633
-6.04,-53171.6289
-7.05,-53218.1797
-6.85,-53265.8203
-6.34,-53313.6094
-6.59,-53360.4023
-7.81,-53408.3828
-6.79,-53458.6914
-6.77,-53507.5938
-6.81,-53555.4531
-7.19,-53603.6367
-7.37,-53653.207
-7.91,-53703.9805
-8.33,-53757.1992
-7.32,-53811.332
-7.35,-53862.6211
-8.13,-53913.8281
-8.38,-53967.7344
-6.75,-54021.2539
-8.67,-54072.8438
-7.37,-54126.2383
-7.29,-54178.3242
-6.52,-54227.8047
-6.88,-54275.8945
-8.08,-54325.207
-6.63,-54376.3906
-7.0,-54425.6953
-7.1,-54474.375
-7.21,-54523.8086
-6.64,-54573.1641
-6.46,-54620.9062
-7.61,-54668.1289
-6.52,-54718.9414
-7.18,-54766.4766
-6.36,-54816.1406
-6.13,-54862.3203
-6.56,-54907.9062
-5.32,-54953.4688
-6.83,-54998.1797
-6.25,-55043.9883
-6.37,-55090.5195
-5.72,-55135.957
-5.2,-55179.7852
-5.99,-55221.6367
-4.97,-55265.6953
-5.7,-55307.5781
-5.58,-55350.1367
-7.79,-55395.7344
-6.66,-55444.6172
-5.97,-55492.6914
-5.75,-55537.7969
-6.43,-55581.9258
-6.61,-55628.1875
-5.83,-55675.2734
-5.23,-55719.0312
-6.95,-55762.8438
-7.16,-55810.0898
-6.82,-55859.2812
-6.23,-55907.2422
-6.2,-55953.5781
-5.97,-55998.9297
-6.1,-56043.8555
-5.25,-56088.6094
-6.57,-56130.9844
-5.28,-56176.7695
-5.98,-56220.1914
-4.42,-56262.1719
-6.03,-56304.1523
-5.03,-56346.5781
-4.92,-56388.0938
-5.86,-56429.207
-5.66,-56472.4062
-6.42,-56516.8242
-4.83,-56560.543
-4.6,-56602.1914
-5.19,-56641.6016
-5.44,-56683.2227
-5.64,-56725.6953
-4.89,-56767.8008
-5.93,-56809.9961
-5.8,-56853.2422
-6.08,-56897.2344
-5.78,-56942.1328
-5.9,-56986.1328
-5.8,-57030.2305
-5.71,-57074.1211
-5.41,-57117.4062
-5.36,-57160.0117
-7.08,-57202.6641
-4.53,-57251.4883
-6.16,-57291.6289
-6.26,-57336.0508
-7.3,-57382.9336
-6.1,-57430.8594
-4.82,-57475.8945
-6.28,-57518.8672
-6.55,-57563.5234
-6.19,-57610.2266
-5.85,-57655.9297
-7.15,-57700.5
-6.9,-57749.7461
-5.32,-57797.4883
-5.9,-57841.0938
-5.92,-57884.875
-5.72,-57929.0469
-7.27,-57974.5
-6.35,-58022.4023
-6.78,-58069.9414
-6.67,-58117.6875
-7.25,-58165.7578
-7.33,-58215.8398
-6.92,-58266.3477
-6.66,-58315.293
-7.48,-58363.1992
-6.97,-58414.4062
-6.25,-58463.5586
-7.25,-58509.7383
-6.73,-58559.832
-6.07,-58607.6719
-5.79,-58652.8906
-7.22,-58698.5039
-6.91,-58747.0156
-7.24,-58796.5742
-7.52,-58846.9492
-6.68,-58897.4961
-6.45,-58946.0117
-7.13,-58993.9102
-7.77,-59043.832
-6.43,-59094.5195
-7.13,-59143.6445
-6.86,-59192.4531
-7.09,-59241.7539
-7.32,-59291.5508
-7.39,-59342.2344
-7.01,-59392.9297
-8.11,-59444.0898
-7.6,-59497.0469
-6.96,-59549.2266
-7.44,-59599.7539
-7.77,-59651.1328
-7.52,-59703.6953
-7.26,-59755.668
-7.62,-59807.0195
-7.77,-59859.3164
-8.37,-59912.875
-8.22,-59968.75
-8.94,-60024.4961
-8.17,-60083.293
-7.94,-60139.0234
-8.05,-60193.5664
-8.19,-60248.3867
-8.6,-60304.2148
-8.86,-60361.7188
-8.57,-60420.582
-7.25,-60477.957
-8.91,-60529.7734
-8.89,-60588.7383
-8.85,-60648.1523
-8.53,-60707.0703
-8.24,-60764.707
-9.17,-60821.3164
-9.47,-60882.2109
-8.6,-60944.0898
-8.41,-61002.7656
-10.19,-61062.0156
-9.27,-61129.1367
-9.22,-61191.0586
-9.41,-61252.9414
-8.95,-61315.0312
-9.3,-61375.6562
-9.05,-61437.5469
-8.83,-61498.2148
-8.49,-61557.5664
-6.68,-61613.9297
-6.82,-61665.0
-8.34,-61715.7383
-6.63,-61769.6562
-8.87,-61820.9414
-7.88,-61878.8789
-7.86,-61933.6094
-7.12,-61987.668
-7.45,-62039.0898
-8.53,-62092.2695
-9.08,-62150.1406
-8.38,-62209.9023
-8.78,-62268.4023
-9.32,-62327.7773
-8.71,-62389.8828
-8.24,-62448.9492
-8.82,-62506.7852
-9.11,-62566.2852
-8.4,-62627.2305
-9.24,-62685.375
-8.3,-62746.7656
-9.34,-62805.9609
-9.01,-62867.4492
-8.82,-62928.8672
-8.89,-62989.0859
-7.72,-63048.4062
-7.72,-63103.8555
-9.77,-63160.793
-8.36,-63223.0781
-9.03,-63282.0664
-8.67,-63343.1445
-9.14,-63403.3438
-9.42,-63465.3438
-8.79,-63528.5625
-9.56,-63589.414099999995
-8.46,-63652.835900000005
-9.0,-63713.0625
-9.36,-63774.30469999999
-9.59,-63837.80469999999
-8.78,-63902.0625
-9.29,-63963.8906
-9.58,-64026.92969999999
-9.48,-64091.9219
-9.17,-64156.2969
-9.81,-64220.13280000001
-9.2,-64286.19530000001
-9.11,-64349.210900000005
-8.83,-64411.5312
-9.04,-64473.0469
-7.85,-64534.82030000001
-9.71,-64591.36719999999
-8.67,-64655.99219999999
-8.46,-64717.1094
-9.21,-64776.9688
-9.23,-64839.851599999995
-8.5,-64902.6562
-9.01,-64963.375
-9.61,-65025.625
-8.82,-65090.94530000001
-9.39,-65153.05469999999
-9.26,-65217.11719999999
-9.44,-65281.351599999995
-8.86,-65346.0156
-8.9,-65408.1406
-9.4,-65470.6094
-8.78,-65534.898400000005
-7.81,-65595.8125
-9.11,-65653.7422
-9.12,-65715.8203
-9.32,-65779.4297
-7.12,-65842.9688
-8.87,-65897.8203
-8.6,-65958.3984
-8.27,-66018.9219
-9.06,-66078.5938
-9.63,-66141.4844
-9.51,-66208.1172
-9.31,-66274.25
-7.79,-66339.4453
-8.04,-66395.9219
-7.92,-66453.3594
-7.59,-66510.1641
-8.15,-66566.5234
-7.77,-66623.8828
-8.6,-66681.1094
-8.14,-66741.5391
-9.42,-66801.1797
-8.96,-66865.5547
-8.92,-66929.3359
-9.71,-66992.7031
-8.85,-67059.4688
-9.67,-67124.0078
-8.75,-67190.8828
-9.22,-67253.6875
-8.99,-67318.0547
-8.89,-67382.0
-7.26,-67444.4141
-8.49,-67500.3672
-8.8,-67560.6406
-8.34,-67622.5234
-6.91,-67682.2344
-7.58,-67735.75
-7.27,-67791.4766
-7.94,-67846.2891
-8.07,-67904.1562
-7.49,-67962.5703
-7.69,-68019.2344
-7.34,-68075.3594
-7.72,-68130.8047
-6.79,-68187.2266
-6.66,-68239.5781
-7.55,-68291.2734
-6.28,-68346.4219
-6.69,-68397.1953
-6.61,-68448.625
-6.41,-68499.8828
-5.2,-68549.5156
-6.04,-68595.875
-5.61,-68644.0078
-5.63,-68690.9922
-5.05,-68737.8047
-5.5,-68782.5703
-5.53,-68828.7109
-5.98,-68875.6016
-5.41,-68923.1172
-7.72,-68972.0703
-7.27,-69026.4062
-5.25,-69080.25
-7.09,-69128.4219
-6.41,-69180.4922
-6.21,-69231.5312
-6.01,-69281.3203
-6.04,-69330.3516
-7.05,-69380.0547
-7.19,-69433.3984
-6.78,-69488.0156
-6.88,-69540.7422
-5.85,-69593.5234
-6.71,-69642.4141
-6.84,-69694.625
-6.65,-69747.4922
-7.0,-69800.0625
-6.9,-69853.6172
-6.6,-69906.8203
-7.09,-69959.6953
-7.28,-70013.8594
-6.94,-70068.7891
-8.05,-70124.0547
-7.05,-70182.0703
-7.59,-70237.1719
-7.3,-70294.2344
-8.24,-70350.9219
-8.89,-70412.87
-7.9,-70476.08
-8.14,-70536.28
-8.32,-70596.88
-8.19,-70658.3
-7.66,-70718.74
-7.6,-70777.26
-7.63,-70835.02
-7.42,-70892.85
-7.17,-70949.48
-7.66,-71005.6
-6.58,-71061.97
-6.89,-71116.1
-6.51,-71169.42
-6.45,-71222.02
-7.55,-71275.09
-6.16,-71330.54
-7.1,-71382.7
-6.45,-71437.26
-7.39,-71489.54
-5.53,-71545.48
-6.91,-71594.63
-6.23,-71648.15
-6.23,-71699.64
-6.11,-71750.62
-6.62,-71801.65
-6.04,-71853.73
-5.97,-71904.45
-4.21,-71952.83
-5.39,-71997.32
-5.52,-72044.03
-5.56,-72091.9
-4.83,-72139.9
-5.7,-72185.2
-4.51,-72232.82
-5.06,-72277.62
-5.86,-72323.88
-4.92,-72371.52
-5.15,-72418.17
-4.97,-72464.06
-4.47,-72509.32
-3.52,-72552.55
-4.64,-72593.44
-4.08,-72637.23
-4.44,-72679.61
-5.59,-72723.95
-5.29,-72770.84
-5.26,-72818.27
-5.72,-72865.85
-5.34,-72913.96
-6.11,-72962.68
-5.19,-73011.69
-6.67,-73061.16
-6.22,-73112.73
-5.86,-73164.44
-5.82,-73214.71
-5.98,-73264.69
-6.1,-73315.18
-5.99,-73366.04
-6.62,-73417.54
-6.67,-73470.62
-6.22,-73524.13
-6.96,-73577.07
-6.52,-73631.68
-7.41,-73685.71
-6.78,-73743.32
-7.6,-73798.8
-7.94,-73857.89
-7.43,-73918.15
-6.77,-73976.47
-6.99,-74032.08
-6.38,-74087.83
-6.31,-74140.91
-7.51,-74193.87
-6.91,-74251.99
-6.75,-74308.08
-6.1,-74362.42
-6.28,-74415.05
-8.09,-74469.48
-5.99,-74527.77
-6.98,-74581.49
-6.1,-74636.77
-6.38,-74688.92
-7.18,-74742.25
-6.95,-74799.42
-6.65,-74855.52
-6.89,-74910.79
-6.21,-74965.71
-6.06,-75018.87
-6.03,-75070.83
-6.12,-75122.64
-6.78,-75175.36
-5.16,-75228.8
-6.38,-75278.8
-5.77,-75330.83
-5.66,-75381.75
-6.31,-75432.3
-7.08,-75485.44
-6.43,-75542.34
-6.46,-75596.39
-7.04,-75650.94
-7.05,-75707.68
-6.81,-75764.67
-6.38,-75820.5
-6.69,-75875.13
-6.44,-75930.08
-6.6,-75984.54
-5.94,-76039.44
-6.2,-76091.27
-6.63,-76144.45
-5.69,-76198.91
-5.75,-76250.18
-7.4,-76302.4
-6.64,-76359.68
-5.25,-76414.29
-5.61,-76464.92
-6.12,-76515.4
-6.13,-76567.63
-5.34,-76619.6
-5.67,-76669.98
-5.45,-76720.02
-4.92,-76769.32
-5.1,-76817.39
-6.32,-76866.68
-5.41,-76918.11
-5.64,-76968.97
-5.67,-77019.4
-7.15,-77071.81
-5.02,-77126.47
-6.06,-77177.2
-5.13,-77228.2
-6.27,-77278.33
-4.44,-77329.67
-4.88,-77376.86
-4.76,-77423.62
-5.59,-77471.44
-4.96,-77520.38
-6.29,-77570.26
-4.71,-77620.99
-5.99,-77670.72
-4.26,-77719.82
-4.06,-77766.24
-5.57,-77812.08
-5.13,-77860.45
-5.44,-77909.9
-5.77,-77959.99
-5.45,-78010.92
-4.86,-78060.77
-4.92,-78108.95
-4.9,-78156.6
-3.8,-78203.27
-5.96,-78248.49
-4.62,-78299.02
-5.39,-78346.81
-4.37,-78395.93
-4.91,-78441.91
-5.26,-78489.66
-5.01,-78539.02
-5.04,-78587.35
-4.86,-78635.72
-4.38,-78683.13
-4.66,-78729.18
-5.14,-78776.18
-4.49,-78823.98
-4.69,-78870.94
-5.52,-78918.63
-4.74,-78967.5
-5.5,-79016.48
-5.28,-79066.05
-4.72,-79115.36
-5.49,-79164.07
-5.63,-79214.08
-5.05,-79264.65
-4.65,-79313.56
-3.91,-79360.09
-4.35,-79405.08
-5.26,-79450.97
-5.21,-79499.98
-4.37,-79548.97
-4.37,-79595.28
-4.37,-79641.03
-4.8,-79686.92
-2.65,-79733.03
-4.14,-79774.66
-3.38,-79816.97
-4.21,-79860.48
-4.07,-79904.51
-3.93,-79949.09
-5.03,-79993.42
-4.26,-80041.86
-4.59,-80087.39
-3.71,-80133.62
-4.74,-80178.08
-3.85,-80223.7
-3.91,-80268.38
-2.97,-80311.15
-3.12,-80352.57
-3.63,-80393.35
-2.96,-80435.79
-3.59,-80476.81
-3.87,-80519.2
-3.04,-80561.71
-4.4,-80604.43
-3.59,-80648.7
-2.01,-80691.84
-3.79,-80729.6
-3.58,-80771.38
-2.77,-80813.31
-3.48,-80854.43
-3.74,-80896.16
-3.73,-80939.4
-3.14,-80982.31
-3.95,-81024.44
-2.49,-81066.03
-3.52,-81107.29
-2.48,-81148.01
-2.65,-81187.17
-2.76,-81226.39
-2.83,-81265.91
-2.47,-81305.28
-2.3,-81344.13
-3.68,-81382.76
-3.41,-81424.83
-3.56,-81467.36
-4.04,-81510.43
-2.84,-81553.44
-4.09,-81594.89
-3.63,-81639.32
-3.37,-81682.2
-3.71,-81724.68
-2.56,-81766.28
-2.51,-81806.46
-4.69,-81846.14
-3.39,-81892.59
-3.93,-81935.1
-3.44,-81978.76
-2.41,-82020.3
-4.08,-82061.68
-3.36,-82103.99
-4.17,-82147.09
-3.28,-82191.94
-4.89,-82234.4
-3.81,-82281.46
-4.25,-82326.48
-4.45,-82372.04
-3.46,-82417.27
-3.58,-82461.01
-4.3,-82504.52
-3.84,-82549.51
-4.07,-82593.97
-3.59,-82638.88
-3.3,-82681.81
-3.88,-82724.46
-4.32,-82768.63
-5.0,-82815.08
-4.24,-82862.61
-3.25,-82908.24
-5.35,-82952.82
-4.62,-83001.34
-4.32,-83049.28
-4.64,-83095.87
-4.87,-83143.45
-4.26,-83192.02
-2.64,-83237.62
-4.84,-83279.18
-4.67,-83325.85
-4.49,-83373.7
-4.64,-83421.13
-5.23,-83469.4
-4.0,-83517.76
-5.05,-83565.35
-4.97,-83613.7
-4.99,-83663.15
-4.49,-83711.99
-4.76,-83760.04
-5.43,-83808.88
-5.33,-83859.58
-5.27,-83910.64
-5.25,-83961.49
-4.57,-84011.51
-4.77,-84060.16
-5.02,-84108.78
-4.39,-84157.56
-5.86,-84206.61
-5.23,-84258.29
-5.3,-84309.86
-5.33,-84360.98
-4.98,-84411.87
-5.81,-84462.92
-5.68,-84515.54
-5.99,-84569.18
-6.25,-84623.83
-6.32,-84679.75
-4.75,-84735.53
-6.09,-84785.4
-5.79,-84840.24
-6.07,-84894.16
-5.32,-84948.84
-6.53,-85001.92
-5.67,-85057.78
-6.61,-85113.12
-7.17,-85170.96
-7.6,-85232.13
-7.53,-85296.05
-6.57,-85359.76
-5.49,-85418.07
-6.65,-85473.1
-6.99,-85530.84
-6.46,-85591.26
-6.84,-85649.33
-5.57,-85707.58
-7.44,-85764.2
-5.85,-85823.63
-6.97,-85880.63
-6.52,-85940.56
-6.04,-85998.52
-5.8,-86054.3
-5.75,-86108.91
-6.59,-86164.14
-6.52,-86221.78
-5.94,-86279.79
-6.88,-86335.91
-5.81,-86395.53
-6.42,-86451.2
-7.01,-86509.3
-5.69,-86568.37
-6.15,-86624.45
-6.27,-86680.63
-5.69,-86737.61
-5.26,-86791.86
-5.61,-86844.09
-5.1,-86897.46
-5.53,-86949.35
-5.1,-87002.11
-6.44,-87055.1
-6.29,-87111.89
-5.64,-87168.81
-6.09,-87224.12
-6.16,-87280.18
-4.67,-87336.44
-4.89,-87386.43
-5.12,-87436.87
-4.84,-87488.34
-5.05,-87538.66
-5.25,-87589.94
-6.23,-87642.45
-6.11,-87699.56
-4.76,-87755.06
-5.17,-87806.82
-5.22,-87858.44
-5.52,-87910.99
-4.7,-87963.45
-3.89,-88013.23
-5.01,-88061.55
-5.39,-88111.99
-5.46,-88164.85
-5.4,-88218.27
-5.46,-88271.69
-3.98,-88323.65
-6.37,-88374.04
-5.86,-88429.63
-5.32,-88485.59
-4.91,-88538.73
-6.77,-88589.84
-6.59,-88650.48
-6.38,-88710.24
-6.21,-88768.98
-5.92,-88826.7
-5.64,-88883.03
-4.88,-88937.8
-5.16,-88988.97
-5.67,-89041.42
-5.71,-89096.39
-5.16,-89151.14
-6.6,-89205.5
-5.76,-89263.17
-6.34,-89320.36
-5.87,-89378.02
-5.82,-89434.62
-6.73,-89490.72
-4.22,-89549.66
-4.95,-89600.4
-5.59,-89651.99
-6.04,-89706.78
-6.19,-89763.76
-5.27,-89820.63
-5.68,-89875.31
-5.61,-89930.25
-4.9,-89985.07
-5.3,-90036.99
-5.35,-90090.4
-5.33,-90144.17
-5.76,-90198.18
-5.85,-90253.96
-5.63,-90310.07
-5.27,-90365.21
-4.13,-90417.78
-5.19,-90468.29
-5.63,-90520.66
-4.87,-90574.79
-5.09,-90627.31
-4.21,-90679.06
-5.9,-90729.45
-4.69,-90784.47
-4.91,-90835.87
-4.88,-90887.64
-4.8,-90939.34
-5.37,-90990.72
-6.05,-91045.19
-4.6,-91101.45
-5.32,-91153.82
-5.16,-91206.98
-5.59,-91260.86
-4.38,-91314.34
-4.23,-91365.04
-4.57,-91414.4
-4.47,-91464.25
-4.78,-91514.64
-5.92,-91567.03
-5.05,-91622.01
-4.88,-91675.57
-3.53,-91726.42
-5.54,-91775.17
-4.73,-91827.86
-4.44,-91879.61
-4.78,-91929.97
-4.85,-91981.34
-4.67,-92033.11
-4.34,-92084.1
-4.39,-92133.75
-4.14,-92183.33
-4.22,-92232.09
-5.61,-92281.8
-3.99,-92336.36
-4.6,-92385.0
-5.41,-92435.83
-4.24,-92490.42
-4.93,-92539.67
-4.95,-92592.12
-5.05,-92644.75
-6.12,-92698.56
-4.68,-92755.11
-3.94,-92807.12
-2.73,-92854.57
-3.02,-92898.69
-4.17,-92942.68
-3.41,-92991.2
-3.63,-93036.93
-4.42,-93083.77
-4.14,-93133.44
-4.11,-93182.43
-4.82,-93231.6
-5.38,-93283.57
-4.94,-93338.26
-5.03,-93391.08
-5.33,-93444.45
-4.98,-93498.86
-4.92,-93552.1
-5.36,-93605.35
-4.54,-93658.96
-5.02,-93711.34
-5.26,-93764.35
-4.22,-93817.38
-4.96,-93868.85
-5.3,-93921.43
-3.23,-93973.68
-4.78,-94022.27
-5.86,-94073.93
-4.14,-94129.34
-4.8,-94180.17
-4.32,-94231.8
-3.73,-94281.77
-4.6,-94329.99
-5.23,-94381.2
-4.87,-94435.31
-3.69,-94488.05
-5.84,-94535.79
-5.15,-94593.02
-4.73,-94647.23
-3.82,-94698.96
-5.46,-94748.75
-4.29,-94802.36
-4.8,-94854.03
-4.24,-94905.49
-4.72,-94956.44
-4.7,-95008.09
-5.71,-95061.4
-3.56,-95114.92
-5.11,-95165.91
-4.22,-95217.23
-4.32,-95268.23
-4.22,-95318.36
-4.37,-95368.54
-4.17,-95418.76
-5.05,-95469.64
-4.83,-95522.44
-3.84,-95574.65
-5.46,-95625.18
-4.73,-95679.36
-4.86,-95732.42
-3.41,-95785.06
-4.2,-95832.53
-4.8,-95882.45
-5.13,-95935.14
-5.03,-95989.62
-4.78,-96043.61
-3.82,-96095.95
-4.46,-96145.2
-4.16,-96195.99
-5.44,-96246.92
-3.68,-96300.82
-5.35,-96351.64
-4.63,-96405.28
-4.59,-96458.24
-3.73,-96509.35
-4.64,-96559.38
-3.68,-96609.54
-4.82,-96659.75
-5.33,-96712.33
-5.15,-96767.48
-4.54,-96822.07
-5.3,-96875.32
-4.47,-96929.88
-5.66,-96982.62
-4.32,-97039.8
-4.7,-97090.95
-4.67,-97143.7
-5.87,-97197.21
-5.59,-97255.23
-5.16,-97312.59
-4.71,-97367.88
-5.28,-97422.0
-5.06,-97477.17
-4.7,-97531.99
-4.2,-97585.03
-5.21,-97635.96
-4.2,-97691.21
-4.17,-97742.05
-4.58,-97792.69
-4.53,-97845.04
-5.61,-97898.13
-4.3,-97953.93
-5.03,-98007.25
-4.32,-98060.47
-4.07,-98112.33
-4.88,-98163.72
-4.33,-98216.27
-3.89,-98267.86
-4.75,-98318.68
-4.48,-98370.96
-4.76,-98423.78
-3.79,-98476.31
-4.67,-98526.82
-4.02,-98578.82
-5.0,-98629.99
-4.57,-98684.16
-4.45,-98737.1
-4.3,-98789.34
-4.29,-98840.88
-3.92,-98892.23
-5.13,-98942.51
-4.92,-98997.75
-5.16,-99052.85
-4.9,-99108.33
-4.24,-99162.52
-4.37,-99214.82
-3.79,-99266.02
-3.54,-99315.68
-4.04,-99364.72
-2.79,-99413.11
-3.45,-99460.18
-4.51,-99508.38
-3.88,-99559.27
-4.84,-99610.92
-4.47,-99663.92
-4.69,-99717.35
-4.09,-99770.31
-4.64,-99822.44
-4.34,-99875.28
-4.34,-99927.75
-4.26,-99979.93
-5.02,-100032.19
-4.59,-100087.54
-4.41,-100141.1
-4.24,-100193.74
-4.9,-100246.11
-6.18,-100302.17
-4.74,-100361.62
-4.84,-100417.9
-5.13,-100473.12
-4.87,-100529.28
-4.77,-100584.71
-5.45,-100639.64
-4.32,-100697.18
-5.51,-100751.69
-5.58,-100809.58
-5.54,-100868.78
-5.24,-100927.74
-4.8,-100985.4
-5.95,-101041.0
-5.74,-101102.15
-6.22,-101163.35
-5.29,-101225.19
-6.97,-101284.47
-6.74,-101351.87
-6.26,-101418.19
-7.35,-101482.9
-6.98,-101552.79
-6.45,-101620.94
-7.29,-101686.65
-5.83,-101755.47
-6.89,-101819.62
-5.69,-101886.12
-6.25,-101947.55
-5.72,-102010.65
-5.67,-102072.25
-6.78,-102133.48
-6.16,-102200.07
-4.57,-102262.47
-5.64,-102320.33
-5.94,-102380.17
-5.48,-102442.41
-5.47,-102502.53
-5.29,-102562.29
-5.75,-102621.97
-5.25,-102682.95
-4.59,-102741.82
-4.9,-102797.61
-4.88,-102854.4
-4.64,-102911.11
-5.15,-102967.66
-4.98,-103025.42
-4.02,-103082.73
-4.85,-103135.95
-5.49,-103193.07
-5.6,-103253.51
-4.87,-103313.83
-4.79,-103371.85
-5.18,-103429.05
-4.89,-103487.81
-4.64,-103545.12
-4.75,-103601.52
-4.9,-103658.38
-5.16,-103716.17
-5.26,-103775.1
-5.13,-103834.72
-5.27,-103893.87
-3.54,-103952.02
-4.48,-104005.56
-4.82,-104060.62
-4.11,-104116.94
-4.51,-104172.0
-4.6,-104227.62
-3.94,-104283.79
-3.94,-104337.17
-4.16,-104390.39
-3.68,-104444.38
-3.94,-104496.75
-3.33,-104549.35
-3.59,-104600.42
-3.01,-104651.29
-3.72,-104701.42
-4.15,-104753.57
-5.17,-104808.92
-4.83,-104867.56
-4.63,-104926.1
-4.03,-104983.3
-4.82,-105037.75
-4.29,-105095.9
-5.0,-105152.59
-5.32,-105211.89
-5.06,-105272.79
-4.87,-105333.07
-5.83,-105392.59
-5.03,-105456.15
-5.52,-105517.73
-4.91,-105579.85
-5.58,-105639.96
-5.63,-105703.49
-5.54,-105767.31
-6.25,-105831.28
-6.23,-105898.86
-6.39,-105967.02
-6.46,-106035.94
-6.38,-106105.51
-6.52,-106174.94
-6.81,-106245.23
-6.89,-106317.46
-7.51,-106390.46
-6.36,-106466.49
-6.97,-106537.42
-6.53,-106610.74
-6.88,-106682.37
-6.36,-106755.04
-7.19,-106826.27
-6.43,-106900.75
-6.46,-106972.13
-7.74,-107043.6
-6.31,-107121.79
-5.81,-107193.21
-6.25,-107260.99
-6.08,-107330.35
-5.39,-107398.84
-7.04,-107466.03
-5.81,-107539.7
-5.62,-107607.15
-5.58,-107673.76
-5.61,-107740.1
-5.41,-107806.42
-5.01,-107871.6
-6.62,-107935.32
-5.67,-108007.47
-4.25,-108074.51
-5.35,-108134.96
-6.42,-108201.15
-5.62,-108271.89
-5.58,-108340.06
-4.47,-108406.04
-5.12,-108468.55
-5.27,-108532.43
-5.26,-108597.87
-5.57,-108663.82
-5.41,-108731.0
-4.78,-108797.35
-5.29,-108861.37
-4.8,-108926.5
-4.93,-108990.18
-5.45,-109054.83
-5.0,-109121.29
-4.96,-109186.48
-4.12,-109250.33
-5.73,-109312.68
-5.77,-109380.42
-4.69,-109449.52
-5.41,-109514.65
-5.19,-109581.57
-4.44,-109647.73
-5.43,-109711.58
-5.47,-109778.75
-5.25,-109847.26
-5.18,-109914.7
-4.83,-109981.6
-5.38,-110047.09
-5.62,-110115.5
-4.48,-110185.06
-4.6,-110248.58
-5.14,-110313.04
-5.63,-110380.09
-4.6,-110449.56
-4.15,-110514.12
-5.07,-110576.88
-4.02,-110642.34
-3.82,-110703.52
-4.36,-110764.3
-4.77,-110827.16
-4.64,-110892.52
-4.49,-110957.49
-4.09,-111021.49
-4.1,-111083.82
-5.08,-111146.52
-3.21,-111211.87
-3.64,-111271.7
-3.98,-111331.09
-3.53,-111392.42
-4.35,-111452.59
-4.62,-111516.18
-3.73,-111581.17
-3.42,-111642.12
-4.69,-111702.36
-3.26,-111765.96
-3.06,-111825.62
-2.82,-111882.83
-3.18,-111938.92
-3.03,-111996.72
-2.83,-112053.81
-2.87,-112110.24
-2.01,-112165.63
-3.14,-112219.93
-2.96,-112276.59
-3.08,-112333.93
-2.55,-112391.7
-2.02,-112447.95
-3.09,-112502.09
-3.31,-112559.46
-3.27,-112618.58
-2.69,-112677.45
-2.42,-112734.11
-1.63,-112790.44
-1.84,-112841.62
-2.49,-112893.84
-2.85,-112949.21
-2.17,-113005.52
-2.45,-113060.42
-0.96,-113113.61
-2.16,-113165.29
-1.92,-113218.84
-2.18,-113272.67
-1.21,-113325.7
-2.6,-113377.01
-2.12,-113432.15
-2.36,-113486.44
-2.23,-113541.7
-2.07,-113596.22
-1.62,-113649.25
-2.28,-113701.87
-2.6,-113756.75
-1.63,-113812.14
-1.42,-113865.0
-2.61,-113917.57
-1.71,-113972.37
-1.63,-114025.71
-2.56,-114078.55
-1.42,-114134.56
-1.73,-114186.18
-3.03,-114239.19
-1.55,-114297.53
-0.81,-114350.1
-1.21,-114399.66
-1.01,-114449.64
-1.24,-114499.59
-1.02,-114549.92
-1.6,-114600.34
-1.48,-114652.26
-1.19,-114704.08
-0.56,-114754.37
-1.32,-114803.57
-1.71,-114854.58
-0.3,-114905.94
-0.79,-114954.74
-0.43,-115002.86
-0.99,-115051.11
-1.56,-115101.11
0.04,-115151.81
-0.56,-115199.32
-0.5,-115246.91
-0.56,-115294.86
-0.32,-115342.91
0.34,-115390.07
-0.7,-115434.73
-0.76,-115483.48
-0.2,-115532.46
-0.39,-115579.6
-0.37,-115627.12
0.39,-115674.01
-0.5,-115719.98
-0.51,-115767.28
0.4,-115814.53
-0.41,-115860.91
0.09,-115907.32
-0.87,-115954.65
-0.65,-116003.56
1.38,-116050.96
0.73,-116093.83
1.14,-116136.67
0.05,-116178.98
-0.9,-116225.21
0.22,-116273.74
-0.32,-116320.79
-0.7,-116368.5
0.43,-116416.38
0.5,-116462.23
0.7,-116506.47
-0.49,-116551.37
0.16,-116598.55
-0.09,-116645.22
-0.35,-116692.57
-0.07,-116740.68
0.75,-116787.72
-0.19,-116831.74
0.29,-116878.58
0.41,-116924.35
1.33,-116968.47
0.16,-117012.13
1.6,-117055.29
0.56,-117097.93
0.61,-117141.66
0.32,-117186.02
0.19,-117231.62
0.72,-117277.3
0.28,-117322.07
0.3,-117367.42
0.87,-117412.53
-0.33,-117457.94
0.12,-117504.74
1.29,-117550.77
0.67,-117593.95
1.37,-117637.95
0.28,-117680.09
0.89,-117724.9
1.25,-117768.52
2.11,-117809.96
0.76,-117850.93
0.66,-117893.87
1.13,-117938.32
0.47,-117981.27
0.11,-118026.59
0.84,-118072.5
1.13,-118116.74
0.59,-118160.39
1.98,-118203.26
0.59,-118244.86
1.9,-118289.05
1.54,-118329.06
1.25,-118370.28
1.47,-118412.01
0.79,-118454.43
1.14,-118497.67
1.38,-118540.67
0.99,-118582.73
0.71,-118626.27
0.96,-118670.39
1.28,-118713.88
1.02,-118756.86
1.12,-118799.88
1.85,-118842.68
1.31,-118883.26
1.59,-118925.08
1.42,-118966.69
1.58,-119008.16
1.87,-119049.33
2.5,-119089.66
1.15,-119128.41
1.08,-119170.54
2.49,-119212.06
1.22,-119252.79
1.39,-119294.21
1.38,-119336.38
1.55,-119378.4
1.37,-119420.21
1.55,-119462.01
2.33,-119502.93
1.87,-119542.39
2.88,-119582.03
1.68,-119620.36
0.98,-119660.92
2.23,-119702.68
2.36,-119742.89
1.67,-119781.73
1.52,-119822.66
1.69,-119864.02
2.14,-119904.79
1.46,-119945.0
0.47,-119986.65
1.24,-120032.32
1.5,-120075.35
1.09,-120117.89
1.71,-120160.19
1.23,-120202.42
1.8,-120244.82
2.06,-120287.1
2.31,-120326.7
1.72,-120366.39
2.71,-120405.65
2.18,-120444.68
1.28,-120485.44
1.66,-120527.89
1.99,-120569.14
1.73,-120609.87
1.78,-120650.6
2.06,-120691.44
2.21,-120731.26
2.06,-120770.76
1.65,-120810.91
2.53,-120851.0
2.71,-120889.93
2.34,-120927.69
1.07,-120967.64
2.44,-121008.3
2.09,-121048.59
2.14,-121088.05
1.65,-121127.97
2.32,-121168.27
0.52,-121209.97
2.45,-121252.02
2.37,-121292.46
1.74,-121331.46
1.29,-121372.69
2.55,-121413.62
1.09,-121454.65
2.2,-121496.17
1.48,-121536.35
3.01,-121577.1
1.48,-121616.48
1.3,-121657.06
2.39,-121698.86
2.73,-121738.49
2.3,-121776.31
2.32,-121814.95
1.52,-121854.79
3.12,-121895.08
2.31,-121932.34
2.04,-121971.38
2.47,-122010.61
1.62,-122050.24
0.83,-122091.36
2.51,-122135.54
2.46,-122174.33
2.33,-122212.85
3.77,-122250.23
2.5,-122285.39
2.96,-122323.03
3.66,-122359.36
1.93,-122395.41
2.48,-122434.84
2.11,-122473.69
2.92,-122512.1
1.39,-122551.2
1.54,-122592.38
0.84,-122634.57
1.85,-122678.41
2.13,-122719.56
0.87,-122760.93
0.6,-122804.38
1.71,-122849.05
2.1,-122891.17
2.73,-122930.67
1.57,-122969.81
2.23,-123009.57
1.11,-123050.62
0.81,-123093.48
2.05,-123138.23
0.92,-123179.01
1.27,-123222.35
2.01,-123264.9
1.74,-123306.18
1.44,-123347.26
0.96,-123389.46
1.9,-123433.32
1.68,-123474.47
2.03,-123515.25
1.99,-123555.55
1.14,-123595.83
1.27,-123638.8
1.33,-123681.79
1.5,-123724.44
1.08,-123767.17
1.62,-123809.85
0.59,-123853.1
0.21,-123898.23
2.09,-123944.48
1.39,-123985.34
1.08,-124027.98
1.11,-124071.5
2.28,-124113.77
0.79,-124155.76
2.14,-124198.1
0.84,-124238.9
0.91,-124283.47
2.06,-124326.93
2.06,-124367.73
0.43,-124409.44
1.11,-124453.33
0.33,-124498.19
0.49,-124544.47
1.33,-124590.62
1.16,-124633.49
1.77,-124676.23
1.91,-124717.51
1.5,-124758.47
2.39,-124799.21
2.6,-124838.54
2.14,-124876.68
2.29,-124915.56
3.21,-124953.68
2.53,-124990.33
3.18,-125027.69
2.14,-125065.08
2.79,-125102.56
3.2,-125140.17
2.65,-125176.25
1.9,-125214.15
2.16,-125253.22
2.25,-125292.68
2.61,-125331.38
2.86,-125368.88
1.66,-125407.12
1.89,-125446.72
2.08,-125487.05
2.98,-125525.67
3.33,-125562.26
2.44,-125598.32
2.77,-125635.74
2.95,-125672.48
2.04,-125709.96
2.95,-125747.8
3.59,-125784.85
3.25,-125823.32
2.81,-125860.37
4.4,-125895.65
3.36,-125928.51
3.93,-125962.61
4.32,-125996.63
4.43,-126029.1
3.36,-126062.79
3.97,-126096.58
3.2,-126129.42
3.47,-126162.85
3.26,-126196.77
4.38,-126231.64
2.56,-126265.27
4.79,-126299.14
4.0,-126334.42
2.9,-126367.01
4.08,-126398.9
3.46,-126430.27
4.79,-126461.51
4.71,-126492.71
4.06,-126524.04
4.86,-126555.51
3.84,-126587.06
3.1,-126617.3
3.66,-126648.18
4.84,-126680.84
5.46,-126712.31
3.96,-126743.61
3.34,-126776.07
4.3,-126808.58
4.59,-126841.02
4.51,-126872.28
3.16,-126904.98
3.79,-126939.16
3.88,-126971.88
2.35,-127005.81
3.52,-127040.86
3.66,-127074.48
4.61,-127107.61
3.38,-127140.45
3.12,-127174.66
4.09,-127208.12
3.8,-127241.06
3.77,-127273.7
4.56,-127305.54
2.65,-127336.76
2.98,-127372.67
2.88,-127408.32
4.35,-127443.26
3.44,-127475.21
3.06,-127508.6
3.77,-127542.83
3.26,-127575.97
3.32,-127609.68
3.46,-127643.65
3.37,-127677.24
3.08,-127711.29
1.93,-127746.28
2.42,-127784.17
3.7,-127819.73
3.31,-127854.18
2.92,-127887.7
3.08,-127922.62
3.35,-127957.08
2.31,-127991.25
2.72,-128027.17
2.91,-128063.2
3.39,-128098.76
1.57,-128133.05
2.12,-128171.55
2.82,-128208.45
2.19,-128243.95
1.91,-128281.13
2.61,-128318.49
2.75,-128355.08
1.67,-128390.94
1.64,-128430.0
3.25,-128467.49
0.77,-128505.67
1.14,-128545.66
2.15,-128586.9
1.55,-128625.08
1.34,-128664.38
0.89,-128704.97
1.04,-128746.53
1.0,-128788.14
0.81,-128829.9
0.9,-128872.06
-0.18,-128915.42
0.42,-128959.95
0.63,-129004.36
0.46,-129047.77
0.4,-129091.42
0.77,-129135.26999999999
0.35,-129178.16
-0.32,-129222.68
0.4,-129268.57999999999
0.49,-129313.85
0.07,-129358.35
0.75,-129402.51000000001
-0.23,-129446.18
-0.12,-129492.16
-1.67,-129538.38
-1.17,-129591.48999999999
-0.69,-129642.29999999999
-1.13,-129691.15
-1.09,-129741.68
-1.59,-129792.29000000001
-1.52,-129844.98000000001
-1.76,-129897.68
-1.78,-129951.23000000001
-1.38,-130004.6
-2.85,-130058.43
-2.6,-130115.98999999999
-1.52,-130173.28
-1.66,-130226.91
-1.33,-130279.66
-2.1,-130331.79999999999
-2.32,-130386.79999999999
-2.28,-130443.29999999999
-3.15,-130499.76000000001
-2.13,-130556.5
-3.14,-130613.54999999999
-3.27,-130673.91
-2.73,-130737.15
-3.46,-130796.48999999999
-3.27,-130858.79000000001
-3.74,-130921.34
-3.55,-130985.42000000001
-4.35,-131049.57
-4.13,-131117.17
-3.03,-131183.98
-3.21,-131244.97
-4.71,-131308.03
-4.68,-131377.2
-3.57,-131447.13
-2.99,-131511.26
-3.7,-131574.19
-4.48,-131638.27
-4.8,-131707.97
-5.32,-131779.47
-3.66,-131852.56
-5.02,-131919.86
-4.84,-131991.3
-5.18,-132063.56
-5.7,-132137.38
-4.65,-132213.98
-5.61,-132285.94
-5.48,-132362.91
-5.47,-132439.48
-5.89,-132516.33
-5.79,-132595.25
-5.76,-132673.97
-6.31,-132753.02
-6.07,-132835.16
-6.29,-132916.4
-6.88,-132999.22
-8.34,-133086.17
-6.99,-133174.21
-7.66,-133263.35
-7.77,-133356.88
-7.73,-133451.93
-7.8,-133546.88
-7.15,-133642.54
-6.83,-133741.1
-8.01,-133829.35
-7.47,-133925.63
-6.54,-134017.96
-7.39,-134105.32
-8.39,-134197.36
-7.89,-134297.78
-8.48,-134395.2
-8.73,-134497.4
-8.77,-134602.17
-8.27,-134706.1
-8.51,-134801.8
-8.12,-134903.41
-8.46,-135003.35
-8.68,-135105.78
-7.44,-135208.86
-7.46,-135303.47
-8.28,-135397.4
-8.11,-135497.74
-7.77,-135597.29
-8.35,-135696.82
-8.59,-135793.42
-8.19,-135897.03
-7.77,-135997.48
-8.33,-136096.02
-8.06,-136197.46
-8.49,-136297.23
-8.53,-136400.5
-7.93,-136503.82
-8.85,-136603.56
-9.01,-136709.46
-8.78,-136813.28
-9.43,-136920.26
-9.07,-137032.88
-8.94,-137142.83
-9.32,-137251.45
-8.77,-137360.05
-8.54,-137466.94
-8.57,-137571.96
-8.85,-137677.19
-9.14,-137784.99
-8.48,-137895.5
-9.13,-138000.77
-8.01,-138109.96
-9.19,-138212.58
-9.11,-138322.88
-8.47,-138433.65
-8.22,-138538.48
-9.06,-138640.87
-8.67,-138751.09
-9.02,-138858.61
-9.13,-138968.76
-9.17,-139080.36
-8.76,-139192.36
-8.84,-139300.49
-8.38,-139408.75
-8.81,-139514.06
-9.33,-139622.75
-8.0,-139736.05
-7.95,-139837.25
-8.51,-139937.69
-7.82,-140043.29
-8.42,-140143.02
-8.78,-140248.1
-9.29,-140357.17
-8.61,-140470.06
-8.71,-140578.09
-8.15,-140686.14
-8.27,-140789.05
-7.66,-140892.79
-8.23,-140991.32
-8.91,-141095.28
-8.84,-141205.51
-9.04,-141315.85
-8.04,-141426.92
-7.5,-141529.47
-8.51,-141627.68
-9.1,-141733.99
-8.35,-141846.41
-9.09,-141952.93
-8.87,-142065.04
-8.07,-142175.39
-7.64,-142278.57
-8.3,-142378.15
-8.34,-142482.8
-8.47,-142588.46
-7.93,-142695.23
-8.47,-142797.64
-8.27,-142904.23
-7.91,-143009.24
-8.96,-143112.6
-8.22,-143223.0
-8.1,-143328.53
-7.92,-143432.28
-8.99,-143534.73
-8.39,-143646.97
-8.8,-143754.63
-9.29,-143865.93
-8.82,-143981.56
-7.38,-144092.8
-8.09,-144190.73
-8.48,-144294.91
-8.33,-144402.7
-7.97,-144509.11
-8.18,-144612.89
-6.82,-144714.92
-8.33,-144803.33
-7.65,-144907.01
-7.9,-145008.27
-7.54,-145110.22
-8.26,-145210.69
-8.62,-145316.55
-8.78,-145426.29
-8.87,-145537.93
-8.49,-145650.45
-8.8,-145760.05
-8.07,-145871.11
-7.33,-145976.04
-7.35,-146074.48
-8.2,-146173.27
-7.66,-146277.97
-7.15,-146377.01
-7.94,-146474.23
-8.15,-146577.38
-8.38,-146683.21
-8.31,-146791.38
-7.65,-146898.56
-8.14,-147000.67
-8.31,-147106.53
-8.09,-147213.91
-8.49,-147320.29
-7.86,-147429.13
-7.86,-147533.1
-6.91,-147636.36
-7.84,-147731.76
-6.92,-147834.28
-7.14,-147929.69
-7.0,-148026.26
-6.96,-148122.01
-6.92,-148217.3
-7.17,-148312.65
-7.04,-148409.52
-7.55,-148506.37
-7.55,-148606.77
-7.31,-148707.5
-7.53,-148806.83
-7.43,-148907.41
-7.66,-149007.8
-7.77,-149109.95
-7.42,-149212.85
-7.16,-149313.09
-8.11,-149412.24
-7.01,-149516.83
-7.6,-149615.24
-7.7,-149716.72
-7.65,-149819.62
-7.76,-149922.44
-7.81,-150026.19
-7.93,-150130.58
-7.61,-150235.98
-7.43,-150338.6
-7.66,-150439.48
-7.4,-150542.51
-7.17,-150643.06
-7.45,-150739.37
-8.14,-150840.71
-7.83,-150947.5
-7.88,-151041.1
-7.88,-151146.36
-8.07,-151252.22
-8.65,-151360.43
-7.91,-151472.81
-7.89,-151579.74
-7.64,-151685.79
-7.97,-151791.13
-8.36,-151898.38
-9.1,-152010.09
-9.0,-152128.44
-8.03,-152246.16
-8.19,-152354.79
-8.43,-152464.54
-8.63,-152576.69
-9.28,-152691.09
-9.03,-152812.49
-8.72,-152931.66
-9.09,-153047.75
-8.93,-153167.23
-8.48,-153285.39
-8.53,-153398.89
-9.25,-153513.6
-8.36,-153634.38
-8.38,-153747.02
-8.62,-153859.76
-8.99,-153975.0
-9.92,-154094.35
-10.03,-154224.46
-9.58,-154356.11
-8.78,-154486.08
-8.96,-154603.92
-9.61,-154723.8
-8.53,-154849.4
-8.94,-154965.27
-8.77,-155081.77
-8.64,-155199.25
-9.52,-155316.61
-9.16,-155441.97
-8.27,-155563.31
-8.41,-155677.02
-8.82,-155791.52
-8.48,-155905.97
-9.04,-156021.5
-8.95,-156141.86
-9.02,-156242.98
-9.73,-156342.68
-9.07,-156446.62
-8.11,-156546.96
-7.92,-156657.08
-7.57,-156762.9
-7.29,-156863.38
-6.06,-156961.21
-6.52,-157060.3
-5.74,-157154.7
-6.86,-157250.15
-7.49,-157348.05
-6.99,-157436.75
-6.93,-157540.19
-7.3,-157638.11
-7.38,-157741.68
-7.58,-157845.89
-7.96,-157947.37
-7.46,-158052.24
-7.47,-158156.21
-7.39,-158258.88
-7.7,-158373.39
-7.57,-158482.21
-7.57,-158589.02
-8.17,-158693.55
-8.02,-158806.11
-8.1,-158917.92
-8.23,-159030.62
-8.0,-159147.39
-9.04,-159260.3
-8.87,-159379.57
-8.13,-159493.49
-7.24,-159608.41
-6.93,-159712.78
-7.54,-159813.84
-6.73,-159926.68
-6.62,-160024.2
-6.39,-160126.83
-6.47,-160227.84
-6.21,-160327.77
-6.91,-160425.33
-6.17,-160525.81
-7.32,-160620.0
-7.82,-160721.68
-6.83,-160824.87
-6.97,-160927.02
-6.88,-161029.02
-6.92,-161130.44
-7.45,-161232.4
-7.12,-161339.11
-8.58,-161443.18
-8.52,-161555.99
-7.4,-161672.8
-7.12,-161780.5
-8.4,-161885.49
-9.28,-162002.94
-8.93,-162124.02
-9.49,-162247.89
-9.12,-162377.68
-8.38,-162503.36
-8.62,-162621.96
-8.75,-162742.16
-8.54,-162863.84
-8.25,-162983.53
-9.19,-163100.91
-8.92,-163226.9
-8.64,-163347.25
-7.77,-163467.21
-8.19,-163579.99
-8.73,-163696.16
-8.39,-163817.76
-8.19,-163936.54
-8.0,-164052.68
-9.08,-164168.58
-8.54,-164294.85
-8.15,-164408.39
-7.63,-164523.6
-8.6,-164635.04
-8.34,-164755.86
-8.88,-164874.45
-7.38,-164991.45
-7.61,-165100.09
-7.54,-165210.56
-7.56,-165320.75
-7.34,-165430.35
-6.98,-165531.76
-7.95,-165636.25
-7.41,-165750.3
-7.16,-165859.47
-6.32,-165965.27
-6.79,-166065.21
-6.06,-166166.65
-5.83,-166263.28
-6.76,-166358.97
-7.09,-166463.05
-6.46,-166565.76
-6.68,-166666.22
-8.14,-166769.12
-7.89,-166880.35
-6.46,-166987.37
-6.58,-167087.52
-6.49,-167188.66
-6.79,-167289.08
-7.53,-167392.63
-7.63,-167503.34
-7.54,-167615.09
-6.64,-167725.45
-6.59,-167828.28
-8.03,-167930.75
-7.65,-168046.22
-7.91,-168159.4
-8.13,-168275.84
-8.31,-168393.25
-8.12,-168506.88
-8.27,-168619.22
-8.12,-168732.07
-8.18,-168849.11
-8.44,-168965.5
-8.56,-169085.62
-8.13,-169206.54
-8.28,-169325.38
-7.4,-169444.94
-6.97,-169555.34
-6.55,-169659.92
-6.03,-169761.65
-6.64,-169860.25
-5.92,-169961.82
-5.84,-170058.9
-6.68,-170155.57
-6.1,-170258.27
-7.1,-170358.25
-6.76,-170464.67
-7.45,-170570.35
-6.71,-170681.56
-7.46,-170798.74
-7.64,-170911.26
-8.46,-171025.64
-7.4,-171147.28
-8.14,-171260.29
-7.61,-171378.58
-8.17,-171493.04
-8.18,-171614.64
-8.7,-171735.23
-8.32,-171861.07
-8.07,-171983.42
-7.99,-172102.7
-8.12,-172221.28
-7.81,-172341.02
-8.38,-172460.3
-7.56,-172578.41
-7.98,-172692.74
-7.37,-172810.52
-7.87,-172923.75
-8.41,-173040.85
-7.46,-173163.36
-7.62,-173277.74
-7.95,-173392.69
-8.15,-173511.49
-8.89,-173632.48
-8.87,-173762.01
-9.23,-173891.95
-8.6,-174025.71
-8.53,-174153.0
-8.68,-174279.25
-8.87,-174407.3
-8.28,-174537.41
-8.28,-174660.21
-8.11,-174777.95
-6.94,-174898.35
-6.79,-175008.0
-5.61,-175114.61
-6.33,-175215.03
-6.84,-175318.14
-6.76,-175425.16
-6.61,-175528.13
-7.93,-175634.24
-5.84,-175750.73
-5.71,-175851.12
-5.4,-175948.52
-5.99,-176043.81
-5.85,-176145.48
-6.32,-176244.86
-6.54,-176348.39
-6.69,-176454.2
-5.93,-176560.56
-7.0,-176662.71
-6.92,-176772.15
-7.05,-176882.31
-7.46,-176993.87
-8.03,-177110.36
-8.68,-177232.42
-8.16,-177357.78
-8.83,-177482.47
-8.58,-177612.13
-8.2,-177744.34
-7.13,-177868.61
-8.95,-177983.56
-8.39,-178112.66
-7.47,-178240.69
-8.26,-178359.0
-8.6,-178484.81
-8.68,-178615.71
-9.02,-178747.67
-8.1,-178879.29
-8.49,-179006.06
-8.29,-179135.85
-9.0,-179264.64
-8.79,-179400.54
-8.32,-179534.37
-9.08,-179652.64
-9.06,-179779.28
-8.55,-179918.11
-9.24,-180050.8
-8.89,-180182.54
-8.02,-180319.3
-8.51,-180457.78
-8.41,-180583.53
-8.84,-180712.72
-8.74,-180848.21
-8.84,-180979.21
-8.77,-181112.43
-9.23,-181245.26
-8.32,-181381.57
-9.26,-181511.43
-9.2,-181647.68
-8.84,-181789.84
-8.31,-181927.17
-8.55,-182059.06
-8.35,-182193.08
-9.04,-182325.78
-8.82,-182465.96
-8.43,-182604.18
-9.15,-182738.18
-8.66,-182881.1
-8.35,-183017.92
-7.87,-183151.01
-7.51,-183278.55
-8.5,-183402.96
-8.41,-183537.49
-8.22,-183671.86
-8.34,-183804.59
-7.89,-183938.45
-7.84,-184067.04
-7.77,-184195.2
-7.65,-184322.59
-7.69,-184448.05
-7.33,-184562.46
-6.47,-184683.77
-7.03,-184797.92
-6.75,-184916.91
-6.63,-185033.86
-6.63,-185149.43
-5.54,-185263.8
-5.62,-185369.62
-5.83,-185475.08
-5.09,-185582.08
-5.02,-185682.92
-4.38,-185782.5
-3.89,-185876.4
-4.32,-185966.37
-4.03,-186059.06
-5.69,-186151.98
-5.69,-186257.41
-5.64,-186364.39
-5.57,-186471.57
-6.58,-186578.47
-6.12,-186694.2
-6.2,-186806.6
-6.62,-186921.96
-5.45,-187039.36
-6.11,-187145.21
-6.11,-187257.23
-6.73,-187370.41
-6.73,-187489.25
-6.27,-187608.41
-6.51,-187723.87
-6.66,-187841.18
-7.43,-187961.43
-6.31,-188089.01
-6.71,-188205.29
-7.02,-188325.63
-7.99,-188450.39
-8.01,-188585.98
-7.08,-188721.9
-8.06,-188849.2
-6.97,-188986.15
-7.18,-189111.4
-7.27,-189238.48
-6.74,-189366.5
-6.91,-189489.6
-6.28,-189613.54
-6.93,-189732.22
-5.48,-189855.57
-5.74,-189966.53
-4.75,-190075.56
-4.94,-190176.87
-4.67,-190280.54
-4.77,-190382.48
-6.51,-190485.47
-5.96,-190605.87
-6.64,-190722.45
-6.17,-190844.68
-6.02,-190962.71
-5.43,-191078.83
-6.58,-191189.7
-7.47,-191313.63
-6.6,-191446.15
-6.75,-191570.51
-6.81,-191695.85
-6.99,-191819.64
-6.22,-191947.45
-7.26,-192069.1
-5.95,-192199.4
-6.79,-192318.64
-6.2,-192444.53
-6.21,-192565.2
-5.98,-192685.71
-5.67,-192803.67
-6.57,-192919.91
-5.34,-193043.69
-4.88,-193155.27
-5.35,-193263.3
-5.06,-193374.42
-5.05,-193483.88
-5.35,-193595.48
-4.47,-193691.75
-5.15,-193792.78
-4.91,-193902.63
-4.93,-194010.94
-3.8,-194117.99
-4.96,-194218.07
-4.56,-194324.9
-4.9,-194427.64
-4.39,-194532.82
-4.81,-194629.29
-4.59,-194736.04
-4.2,-194841.59
-3.96,-194943.44
-3.87,-195043.14
-3.68,-195141.97
-3.2,-195239.19
-3.43,-195332.3
-3.57,-195427.34
-3.57,-195523.61
-3.0,-195618.64
-2.76,-195706.14
-3.1,-195795.34
-2.92,-195887.64
-2.86,-195978.56
-2.67,-196068.89
-2.16,-196157.5
-2.6,-196243.02
-3.61,-196331.72
-2.58,-196426.03
-2.74,-196515.41
-1.71,-196604.01
-1.81,-196686.5
-2.29,-196765.02
-2.86,-196850.28
-2.51,-196940.81
-2.19,-197028.77
-2.25,-197114.66
-2.38,-197200.84
-2.04,-197287.93
-2.46,-197372.99
-2.17,-197460.42
-2.28,-197546.55
-2.64,-197633.29
-2.68,-197722.9
-1.37,-197811.5
-1.73,-197892.91
-1.93,-197975.53
-2.29,-198059.94
-1.65,-198146.31
-2.55,-198229.37
-2.63,-198318.32
-2.43,-198408.35
-2.47,-198497.88
-2.41,-198586.85
-1.73,-198674.18
-2.21,-198758.42
-2.13,-198844.88
-2.26,-198931.4
-2.29,-199018.91
-1.42,-199105.81
-3.17,-199187.77
-2.51,-199283.02
-2.1,-199373.51
-1.78,-199458.79
-1.68,-199542.84
-2.5,-199626.81
-2.94,-199716.59
-2.94,-199809.97
-3.22,-199904.21
-2.92,-200000.24
-3.88,-200094.91
-3.7,-200197.22
-3.69,-200298.57
-3.24,-200399.5
-3.69,-200497.3
-4.33,-200598.88
-4.14,-200706.05
-3.58,-200811.63
-4.67,-200914.19
-4.93,-201024.79
-4.71,-201139.07
-4.22,-201250.94
-5.14,-201359.94
-4.11,-201476.42
-4.74,-201584.14
-4.82,-201697.03
-4.48,-201810.59
-4.21,-201921.22
-4.92,-202029.96
-4.78,-202147.05
-4.09,-202260.51
-4.34,-202368.55
-4.02,-202477.84
-3.34,-202587.4
-3.93,-202687.44
-4.54,-202793.29
-3.97,-202904.46
-3.31,-203010.51
-3.43,-203111.47
-3.35,-203213.67
-3.4,-203314.41
-3.4,-203415.24
-2.67,-203515.31
-3.89,-203611.83
-3.0,-203715.2
-3.02,-203813.59
-3.41,-203911.57
-3.53,-204012.55
-3.29,-204114.71
-3.24,-204215.81
-3.01,-204315.64
-2.6,-204413.72
-2.22,-204508.14
-3.06,-204601.56
-3.23,-204699.43
-2.75,-204798.79
-3.77,-204895.18
-2.98,-204999.26
-2.89,-205097.5
-2.94,-205194.5
-3.08,-205291.94
-3.27,-205390.62
-2.76,-205491.1
-2.98,-205587.09
-2.46,-205684.47
-2.39,-205773.51
-2.29,-205865.47
-2.87,-205958.01
-2.35,-206053.91
-2.41,-206147.37
-2.19,-206240.27
-2.62,-206331.48
-2.61,-206426.01
-2.74,-206520.86
-1.95,-206615.7
-1.69,-206705.37
-2.24,-206792.7
-2.38,-206884.05
-1.64,-206976.02
-1.67,-207063.15
-2.32,-207150.38
-1.8,-207241.96
-2.53,-207330.33
-2.19,-207423.59
-1.4,-207514.08
-2.39,-207600.36
-1.46,-207692.22
-2.24,-207778.06
-1.35,-207867.94
-1.77,-207953.5
-1.49,-208040.59
-1.84,-208125.56
-0.24,-208207.3
-1.39,-208284.38
-1.55,-208368.62
-1.27,-208453.83
-1.29,-208537.55
-2.21,-208621.5
-1.8,-208707.64
-2.43,-208795.52
-2.01,-208888.26
-1.12,-208976.96
-1.11,-209059.92
-1.76,-209142.26
-2.33,-209229.75
-1.07,-209320.07
-1.39,-209403.56
-2.06,-209487.58
-2.05,-209577.34
-2.48,-209666.18
-2.01,-209750.88
-2.34,-209835.85
-2.03,-209927.57
-1.74,-210016.95
-2.01,-210104.57
-1.5,-210193.33
-2.75,-210279.4
-2.14,-210373.59
-2.62,-210465.06
-2.59,-210558.98
-2.27,-210652.59
-1.81,-210741.51
-1.99,-210829.11
-2.0,-210917.77
-2.3,-211007.1
-1.89,-211098.09
-1.58,-211186.43
-2.38,-211272.87
-1.96,-211363.82
-1.93,-211452.92
-2.75,-211541.44
-2.7,-211633.31
-3.02,-211728.46
-1.98,-211825.21
-1.41,-211914.29
-1.76,-211999.33
-2.67,-212086.09
-2.5,-212176.86
-1.86,-212269.1
-2.59,-212358.39
-2.09,-212451.17
-1.81,-212541.25
-1.98,-212629.87
-1.92,-212717.48
-1.83,-212805.5
-1.39,-212892.78
-2.25,-212974.22
-1.0,-213061.3
-1.39,-213143.09
-1.17,-213226.32
-1.77,-213308.47
-1.64,-213391.56
-1.7,-213477.75
-1.46,-213563.82
-2.25,-213648.84
-2.01,-213736.51
-2.51,-213825.5
-2.22,-213915.62
-2.39,-214006.43
-2.5,-214098.53
-2.9,-214191.7
-3.19,-214288.39
-2.82,-214387.82
-2.89,-214483.94
-2.78,-214580.57
-2.95,-214676.57
-3.72,-214774.55
-3.72,-214878.31
-4.04,-214980.47
-4.11,-215088.2
-4.0,-215197.06
-4.45,-215305.48
-4.0,-215417.12
-3.5,-215525.13
-4.87,-215629.58
-4.77,-215745.95
-4.66,-215862.26
-4.23,-215977.29
-5.39,-216088.5
-5.88,-216212.74
-5.0,-216341.67
-5.25,-216461.63
-5.45,-216583.93
-5.16,-216709.82
-5.23,-216831.98
-4.8,-216954.05
-4.96,-217072.22
-5.88,-217190.01
-5.51,-217319.81
-5.08,-217443.56
-5.29,-217565.07
-6.11,-217687.42
-5.98,-217821.27
-6.08,-217954.18
-5.69,-218089.88
-6.34,-218219.75
-6.34,-218356.44
-6.89,-218494.28
-6.52,-218639.13
-6.92,-218779.55
-6.74,-218924.86
-6.96,-219068.74
-7.47,-219215.77
-7.03,-219368.89
-8.77,-219519.22
-8.16,-219688.7
-7.38,-219859.46
-7.01,-220012.84
-7.57,-220163.18
-8.08,-220325.61
-8.2,-220491.0
-8.16,-220659.3
-8.07,-220826.86
-8.72,-220996.98
-8.15,-221168.99
-8.7,-221336.96
-7.99,-221509.94
-8.69,-221677.35
-8.57,-221854.4
-8.65,-222027.25
-8.08,-222204.52
-8.56,-222374.64
-8.07,-222551.03
-7.98,-222719.27
-8.01,-222887.83
-7.46,-223053.38
-7.76,-223215.21
-7.96,-223381.11
-6.52,-223549.44
-6.64,-223699.09
-6.36,-223849.0
-6.02,-223994.22
-5.19,-224135.07
-4.55,-224265.22
-6.13,-224392.16
-5.75,-224538.87
-6.53,-224677.85
-6.24,-224823.83
-5.78,-224967.85
-6.48,-225109.7
-6.43,-225261.34
-7.36,-225412.86
-7.57,-225576.01
-7.77,-225741.88
-7.21,-225912.43
-7.83,-226076.48
-8.31,-226249.31
-8.18,-226430.32
-8.33,-226610.25
-8.15,-226792.62
-8.12,-226972.58
-7.51,-227151.82
-7.23,-227322.16
-5.87,-227488.21
-6.27,-227634.72
-4.89,-227786.18
-6.92,-227922.37
-6.51,-228082.31
-6.53,-228238.95
-7.69,-228396.7
-7.72,-228571.5
-7.59,-228747.78
-7.32,-228922.46
-7.46,-229097.11
-7.1,-229269.97
-6.87,-229438.02
-6.67,-229602.26
-6.54,-229763.95
-6.0,-229923.51
-5.97,-230076.46
-5.48,-230231.67
-6.16,-230377.99
-6.01,-230532.61
-6.07,-230686.03
-6.09,-230840.58
-5.78,-230995.48
-6.03,-231146.58
-5.65,-231300.71
-5.81,-231450.57
-4.76,-231601.46
-5.1,-231740.53
-4.94,-231881.18
-4.66,-232021.34
-4.79,-232158.7
-4.92,-232297.42
-4.85,-232438.0
-4.89,-232577.99
-4.53,-232718.27
-4.61,-232854.88
-3.4,-232991.85
-3.88,-233115.23
-3.42,-233242.9
-3.43,-233366.06
-3.51,-233489.18
-3.25,-233613.09
-3.95,-233734.86
-3.6,-233863.89
-3.31,-233989.84
-2.73,-234111.38
-2.08,-234227.55
-3.13,-234339.79
-2.61,-234459.37
-2.85,-234574.75
-2.11,-234691.6
-2.83,-234801.76
-2.41,-234917.76
-2.8,-235031.06
-3.07,-235147.88
-2.39,-235267.02
-2.43,-235382.04
-2.13,-235494.89
-2.89,-235605.58
-2.74,-235722.66
-2.59,-235839.96
-1.99,-235954.05
-2.01,-236063.03
-2.45,-236171.97
-2.91,-236284.9
-2.09,-236402.28
-2.33,-236512.71
-1.86,-236624.29
-2.5,-236735.39
-1.58,-236839.06
-1.78,-236946.14
-1.65,-237050.45
-2.41,-237160.97
-2.38,-237275.07
-1.41,-237378.05
-2.39,-237489.38
-2.62,-237603.24
-2.26,-237713.37
-1.87,-237818.89
-0.57,-237915.71
-1.12,-238011.05
-1.59,-238110.53
-0.99,-238213.42
-1.0,-238312.43
-0.72,-238410.41
-1.06,-238506.85
-1.22,-238605.48
-0.81,-238705.15
-0.26,-238801.53
-0.52,-238893.63
-0.56,-238987.25
-0.01,-239080.95
0.29,-239170.22
0.38,-239257.13
0.38,-239343.16
1.03,-239428.5
0.09,-239510.79
1.17,-239597.15
0.51,-239677.9
1.72,-239760.58
2.46,-239837.32
2.56,-239907.58
2.2,-239977.53
1.98,-240049.34
2.73,-240121.74
1.96,-240191.06
2.21,-240263.98
2.71,-240335.8
2.31,-240404.7
2.42,-240475.13
2.06,-240545.58
1.84,-240618.17
1.91,-240691.94
1.89,-240765.48
1.08,-240839.15
2.2,-240917.16
1.81,-240989.88
1.57,-241064.16
1.14,-241139.61
0.74,-241218.78
0.63,-241300.18
0.36,-241382.67
1.01,-241464.48
0.99,-241544.51
1.19,-241624.02
0.87,-241703.0
0.21,-241785.37
-0.12,-241871.33
-0.21,-241959.48
-0.36,-242048.59
-1.25,-242138.91
-1.66,-242237.17
-2.32,-242339.39
-2.13,-242447.96
-1.83,-242554.55
-2.41,-242659.28
-2.42,-242768.24
-3.05,-242878.45
-2.83,-242994.32
-3.21,-243108.93
-3.45,-243226.97
-3.43,-243347.8
-4.49,-243469.84
-3.77,-243601.56
-4.22,-243727.42
-5.07,-243858.2
-4.42,-243998.01
-5.22,-244131.73
-5.68,-244275.09
-5.92,-244424.64
-6.4,-244578.04
-7.56,-244738.22
-6.94,-244911.65
-6.8,-245081.07
-7.22,-245248.24
-6.01,-245415.64
-5.52,-245571.74
-5.99,-245726.94
-6.58,-245882.06
-5.67,-246041.75
-5.66,-246192.37
-5.6,-246342.75
-6.29,-246492.64
-5.85,-246651.65
-5.97,-246805.4
-6.65,-246961.13
-6.26,-247125.47
-6.32,-247285.43
-6.95,-247446.28
-6.91,-247616.34
-7.43,-247786.38
-7.32,-247964.66
-7.93,-248141.73
-7.29,-248328.5
-7.76,-248505.82
-7.8,-248686.52
-7.49,-248871.55
-7.46,-249052.02
-7.45,-249231.69
-7.23,-249407.62
-7.54,-249583.54
-8.29,-249768.7
-8.57,-249965.34
-8.28,-250165.06
-8.12,-250360.36
-8.33,-250553.06
-7.6,-250748.7
-8.33,-250933.02
-7.89,-251128.97
-8.48,-251318.84
-8.38,-251517.9
-7.68,-251715.28
-7.55,-251901.57
-7.48,-252085.04
-7.17,-252266.99
-7.99,-252444.82
-8.2,-252635.94
-7.77,-252831.1
-7.47,-253018.85
-7.85,-253202.22
-7.88,-253391.35
-7.72,-253581.37
-8.92,-253769.46
-7.99,-253967.43
-7.71,-254160.01
-7.69,-254347.65
-7.12,-254530.06
-6.99,-254707.57
-7.68,-254883.37
-7.16,-255069.86
-6.93,-255248.65
-8.13,-255424.62
-7.29,-255618.36
-6.98,-255800.07
-7.17,-255976.34
-6.82,-256154.86
-6.59,-256328.43
-6.02,-256497.98
-6.7,-256660.03
-7.43,-256831.29
-7.2,-257014.56
-7.51,-257195.11
-8.38,-257381.14
-7.36,-257581.86
-7.27,-257765.75
-7.35,-257947.91
-7.99,-258135.27
-8.42,-258330.53
-7.96,-258533.39
-8.06,-258728.54
-6.68,-258923.94
-7.29,-259098.58
-7.01,-259281.22
-7.46,-259460.54
-7.95,-259646.83
-8.35,-259842.22
-7.87,-260045.07
-7.41,-260239.71000000002
-7.53,-260426.09999999998
-7.86,-260614.88
-7.0,-260808.2
-7.91,-260988.93
-7.04,-261184.46999999997
-6.2,-261364.53000000003
-6.16,-261532.53000000003
-6.17,-261699.0
-6.9,-261866.52000000002
-6.54,-262044.25
-6.83,-262217.67
-7.31,-262395.41
-6.98,-262581.19
-6.72,-262761.85
-7.39,-262938.7
-7.45,-263126.82
-7.52,-263316.34
-7.24,-263506.84
-7.54,-263693.33
-7.76,-263883.9
-7.81,-264085.7
-8.29,-264289.95
-8.15,-264508.95
-7.9,-264724.79
-7.34,-264930.29
-8.21,-265126.8
-8.68,-265335.05
-8.77,-265550.34
-8.92,-265767.99
-8.28,-265988.62
-8.49,-266196.85
-8.45,-266409.2
-8.54,-266621.47
-8.55,-266835.44
-8.88,-267050.34
-8.65,-267271.57
-8.95,-267489.06
-9.13,-267712.97
-8.51,-267940.56
-9.25,-268156.71
-8.54,-268386.94
-8.41,-268603.34
-8.98,-268817.99
-9.55,-269043.64
-9.16,-269282.12
-9.09,-269512.95
-9.36,-269742.56
-9.34,-269978.24
-9.23,-270213.71
-9.38,-270447.46
-9.06,-270684.58
-9.32,-270915.56
-9.31,-271151.78
-8.98,-271388.43
-9.17,-271618.59
-9.05,-271852.68
-9.11,-272084.83
-9.05,-272318.39
-8.56,-272550.73
-8.97,-272774.08
-8.58,-273004.78
-8.95,-273228.88
-9.02,-273460.36
-8.28,-273693.57
-7.89,-273911.49
-8.16,-274122.71
-8.58,-274338.65
-8.99,-274564.38
-8.38,-274798.06
-8.95,-275020.92
-9.38,-275255.06
-8.22,-275498.22
-7.76,-275717.91
-7.75,-275928.74
-8.26,-276139.08
-8.41,-276360.26
-9.3,-276584.79
-7.89,-276827.86
-8.05,-277043.43
-8.57,-277261.94
-8.12,-277490.38
-8.04,-277710.22
-7.33,-277928.23
-6.81,-278133.06
-6.53,-278327.93
-5.57,-278516.89
-6.62,-278689.46
-7.12,-278881.37
-6.75,-279082.03
-7.19,-279272.19
-7.82,-279469.0
-7.38,-279683.33
-6.89,-279890.55
-6.73,-280083.0
-6.74,-280278.04
-6.39,-280473.05
-6.55,-280662.26
-6.18,-280853.89
-6.31,-281040.05
-5.95,-281227.98
-5.98,-281410.29
-5.85,-281592.88
-5.67,-281773.29
-6.21,-281951.57
-5.97,-282138.27
-5.69,-282321.02
-5.66,-282499.69
-5.83,-282677.88
-5.71,-282858.69
-5.71,-283038.61
-6.61,-283217.6
-5.28,-283410.68
-5.55,-283584.64
-5.35,-283763.31
-5.77,-283939.51
-5.17,-284119.99
-5.24,-284291.2
-5.0,-284463.07
-5.27,-284630.31
-5.61,-284799.74
-4.9,-284977.21
-5.56,-285144.25
-5.35,-285318.46
-4.99,-285493.68
-4.9,-285663.14
-5.02,-285831.25
-4.57,-285998.28
-4.69,-286160.84
-5.0,-286316.59
-4.79,-286476.05
-5.15,-286645.9
-4.77,-286816.95
-5.06,-286978.37
-5.21,-287151.72
-5.01,-287314.2
-4.97,-287481.57
-4.99,-287649.15
-4.31,-287811.54
-4.07,-287967.77
-3.83,-288117.29
-3.84,-288270.29
-4.33,-288424.15
-4.57,-288584.46
-4.4,-288748.48
-4.97,-288906.65
-5.12,-289067.75
-5.31,-289230.89
-5.73,-289407.5
-6.43,-289591.03
-5.41,-289776.55
-5.72,-289956.0
-6.17,-290140.06
-6.7,-290332.78
-6.29,-290535.03
-6.41,-290730.44
-6.14,-290929.37
-6.98,-291123.33
-7.27,-291331.38
-7.76,-291535.91
-7.58,-291761.08
-7.14,-291983.03
-6.4,-292196.17
-7.53,-292396.3
-7.63,-292617.6
-8.07,-292841.7
-7.62,-293068.41
-7.22,-293292.95
-7.2,-293504.28
-6.68,-293719.87
-6.17,-293926.34
-4.93,-294122.25
-5.66,-294299.22
-5.87,-294486.47
-6.37,-294680.28
-6.95,-294881.47
-7.05,-295090.44
-7.38,-295308.27
-8.03,-295530.14
-7.35,-295744.88
-7.81,-295946.07
-7.6,-296177.79
-7.15,-296406.37
-7.24,-296626.29
-6.68,-296840.11
-6.54,-297050.82
-6.37,-297259.16
-6.63,-297465.07
-6.57,-297675.56
-5.99,-297885.55
-5.87,-298084.88
-5.57,-298282.01
-4.91,-298473.76
-5.93,-298658.97
-6.31,-298857.78
-6.57,-299064.6
-7.14,-299277.24
-7.69,-299501.09
-7.06,-299717.68
-7.07,-299941.18
-7.01,-300165.68
-5.94,-300389.47
-6.23,-300592.33
-6.39,-300801.11
-6.12,-301012.9
-5.68,-301219.97
-5.25,-301419.16
-5.82,-301611.78
-4.73,-301812.67
-5.42,-302003.5
-5.1,-302198.18
-5.39,-302378.85
-5.2,-302573.63
-4.85,-302766.08
-5.27,-302956.12
-4.67,-303149.64
-3.95,-303333.54
-4.25,-303506.18
-4.57,-303683.07
-5.42,-303866.71
-5.28,-304064.02
-5.47,-304260.61
-5.06,-304460.01
-5.8,-304653.78
-6.66,-304857.03
-7.59,-305081.36
-6.99,-305319.4
-6.79,-305540.66
-6.56,-305769.83
-6.38,-305995.11
-6.02,-306216.68
-5.53,-306431.81
-6.12,-306637.87
-5.76,-306855.43
-5.33,-307066.64
-5.7,-307272.65
-5.84,-307483.64
-6.36,-307698.54
-5.44,-307923.24
-5.77,-308132.09
-5.4,-308346.78
-5.97,-308555.9
-5.21,-308775.01
-5.19,-308981.36
-5.41,-309183.24
-5.51,-309387.16
-5.33,-309592.25
-4.92,-309805.38
-5.11,-310004.26
-4.43,-310210.32
-4.76,-310406.49
-5.11,-310608.13
-4.05,-310815.49
-4.03,-311006.28
-4.4,-311196.1
-3.43,-311392.5
-3.9,-311573.2
-2.85,-311760.11
-3.8,-311932.82
-3.46,-312119.55
-3.22,-312301.7
-3.67,-312480.46
-3.23,-312666.07
-2.84,-312845.55
-2.5,-313018.27
-3.62,-313185.51
-3.84,-313372.42
-2.28,-313561.58
-2.6,-313728.87
-2.05,-313898.82
-1.61,-314060.85
-1.27,-314216.46
-2.69,-314366.88
-2.99,-314537.97
-2.95,-314716.26
-3.12,-314894.27
-3.2,-315075.35
-3.57,-315258.57
-3.44,-315447.76
-3.65,-315635.63
-3.29,-315827.23
-3.6,-316013.77
-4.22,-316205.88
-4.41,-316409.23
-5.3,-316618.14
-4.57,-316843.79
-4.41,-317056.2
-4.37,-317266.05
-4.45,-317475.71
-4.41,-317687.28
-4.03,-317898.44
-3.81,-318102.87
-4.24,-318304.1
-3.39,-318512.08
-3.14,-318706.52
-2.98,-318896.25
-3.08,-319083.41
-2.08,-319271.52
-2.9,-319445.54
-2.37,-319631.44
-2.44,-319809.7
-2.24,-319988.93
-1.93,-320164.94
-1.92,-320336.78
-1.35,-320507.73
-1.52,-320671.25
-1.88,-320836.75
-1.21,-321007.5
-1.13,-321169.3
-0.93,-321329.45
-0.76,-321486.81
-1.4,-321641.92
-0.43,-321805.46
-0.84,-321957.35
-0.34,-322112.84
0.13,-322262.22
0.08,-322405.82
-0.23,-322549.71
-0.56,-322697.82
-0.16,-322850.14
-0.24,-322997.8
-0.08,-323146.07
0.19,-323292.26
-0.55,-323434.96
0.44,-323578.53
0.85,-323717.58
0.72,-323852.11
1.31,-323987.51
0.56,-324116.71
0.57,-324253.29
0.31,-324390.6
0.57,-324529.92
0.61,-324666.86
0.43,-324799.74
0.16,-324937.34
0.7,-325075.29
0.39,-325210.59
0.46,-325347.94
0.41,-325482.23
1.04,-325610.26
1.19,-325735.37
0.57,-325868.33
0.79,-325998.76
0.7,-326133.02
0.8,-326266.6
0.66,-326400.88
1.36,-326527.41
1.36,-326653.75
1.11,-326782.71
1.0,-326913.77
0.41,-327050.97
0.2,-327191.1
0.79,-327324.58
0.1,-327465.04
0.78,-327601.45
0.49,-327734.47
0.47,-327870.2
0.77,-328001.98
0.92,-328133.12
0.96,-328263.04
0.97,-328392.96
0.15,-328532.33
0.71,-328665.82
0.32,-328802.86
0.35,-328940.02
-0.34,-329086.13
-0.1,-329229.11
-0.12,-329371.8
0.05,-329510.64
0.26,-329648.67
1.03,-329774.53
1.02,-329899.11
0.88,-330029.26
1.79,-330146.85
1.83,-330266.73
2.01,-330380.18
2.32,-330491.8
2.77,-330599.19
3.27,-330703.12
2.53,-330812.49
2.54,-330921.72
3.19,-331025.68
3.19,-331128.6
3.48,-331228.92
3.75,-331327.18
3.34,-331428.7
3.23,-331534.65
3.35,-331639.97
2.9,-331746.91
3.01,-331853.22
3.7,-331951.72
3.62,-332049.57
2.9,-332152.78
3.09,-332257.22
2.69,-332366.18
2.87,-332472.39
2.81,-332578.27
2.04,-332691.67
1.6,-332812.66
1.61,-332929.77
1.36,-333050.18
1.15,-333170.26
0.53,-333299.6
0.8,-333426.02
-0.07,-333563.73
-0.62,-333704.89
-0.66,-333848.11
-0.95,-333997.26
-1.48,-334148.32
-1.92,-334309.87
-2.14,-334475.63
-2.17,-334641.34
-2.65,-334811.76
-2.94,-334987.19
-2.78,-335166.57
-3.17,-335345.88
-3.16,-335527.64
-3.5,-335716.61
-3.98,-335913.76
-4.12,-336114.26
-4.6,-336323.61
-5.07,-336542.23
-5.68,-336773.85
-5.5,-337002.57
-5.95,-337240.23
-6.21,-337484.53
-6.55,-337740.3
-6.96,-337999.48
-7.1,-338269.61
-7.71,-338550.07
-8.39,-338848.08
-9.18,-339170.9
-9.56,-339504.3
-8.99,-339824.05
-9.22,-340152.7
-9.66,-340498.12
-8.98,-340810.71
-9.14,-341148.3
-8.33,-341453.5
-9.03,-341777.54
-8.62,-342091.3
-8.85,-342417.5
-8.84,-342738.4
-8.53,-343050.57
-8.69,-343367.06
-8.29,-343673.31
-8.43,-343983.51
-8.88,-344306.51
-8.01,-344606.55
-8.46,-344918.22
-8.49,-345230.75
-7.44,-345515.98
-8.14,-345818.99
-8.74,-346140.14
-8.61,-346457.58
-8.0,-346757.01
-6.52,-347018.59
-7.73,-347309.75
-7.2,-347589.65
-7.28,-347871.44
-7.36,-348156.28
-8.1,-348459.96
-7.61,-348752.06
-7.83,-349049.87
-7.89,-349349.86
-7.87,-349649.52
-7.72,-349945.45
-7.86,-350245.39
-7.97,-350543.81
-7.63,-350844.19
-7.59,-351140.35
-7.4,-351428.64
-7.94,-351719.96
-7.55,-352007.73
-8.15,-352321.59
-8.58,-352650.07
-8.79,-352984.84
-9.0,-353324.13
-8.87,-353659.39
-8.87,-353993.8
-8.52,-354318.1
-8.57,-354644.15
-8.78,-354977.03
-8.7,-355308.57
-8.94,-355647.56
-8.99,-355985.16
-8.8,-356332.19
-8.41,-356663.93
-8.52,-356997.26
-8.7,-357331.23
-7.84,-357648.98
-8.6,-357980.86
-7.84,-358298.46
-8.74,-358634.62
-7.69,-358942.09
-8.39,-359272.68
-7.89,-359584.05
-7.4,-359885.01
-7.61,-360200.0
-8.26,-360523.32
-7.07,-360815.55
-6.07,-361110.18
-7.11,-361404.43
-7.55,-361710.28
-7.2,-362008.06
-7.46,-362313.63
-8.14,-362642.14
-8.19,-362969.42
-7.36,-363273.98
-7.23,-363575.91
-7.58,-363886.43
-7.55,-364196.95
-7.46,-364505.74
-7.8,-364823.98
-7.5,-365134.5
-7.18,-365438.0
-6.73,-365738.02
-7.38,-366042.7
-7.64,-366353.32
-8.29,-366690.0
-7.82,-367013.11
-7.4,-367325.19
-7.36,-367636.19
-6.77,-367931.12
-7.04,-368233.96
-7.06,-368537.77
-6.17,-368818.08
-6.49,-369106.77
-6.46,-369395.46
-6.39,-369682.77
-6.44,-369971.47
-6.11,-370252.03
-5.7,-370521.9
-4.96,-370775.41
-5.42,-371039.06
-5.9,-371316.23
-6.16,-371600.58
-6.49,-371894.53
-6.86,-372200.81
-7.94,-372539.43
-7.78,-372875.21
-7.66,-373208.25
-7.45,-373536.26
-7.26,-373859.38
-7.22,-374182.46
-7.01,-374500.09
-6.46,-374803.48
-6.67,-375112.47
-6.46,-375414.32
-6.5,-375720.36
-6.2,-376014.99
-6.85,-376332.87
-6.35,-376638.42
-5.93,-376932.76
-5.81,-377224.49
-5.76,-377515.23
-5.44,-377798.3
-4.91,-378068.62
-4.97,-378340.68
-5.28,-378621.31
-5.02,-378896.11
-4.92,-379168.27
-4.42,-379429.65
-4.6,-379694.47
-3.76,-379961.84
-4.52,-380227.64
-5.15,-380518.27
-5.24,-380803.56
-5.09,-381085.68
-5.97,-381391.56
-5.87,-381694.56
-6.06,-382005.52
-5.63,-382305.75
-5.37,-382599.45
-5.18,-382888.51
-4.36,-383157.3
-4.88,-383439.15
-4.93,-383723.24
-4.31,-383992.93
-4.32,-384257.03
-3.29,-384519.1
-2.67,-384766.31
-3.88,-385026.83
-4.56,-385302.77
-4.74,-385587.07
-5.35,-385889.31
-5.37,-386193.73
-5.99,-386517.02
-5.86,-386838.17
-6.7,-387187.32
-6.48,-387530.58
-5.8,-387854.9
-5.98,-388185.14
-5.35,-388497.83
-4.68,-388792.96
-4.73,-389090.25
-4.96,-389395.18
-4.7,-389694.0
-4.65,-389992.38
-4.26,-390281.36
-4.03,-390564.85
-3.67,-390840.3
-3.33,-391107.46
-3.32,-391374.65
-2.78,-391630.21
-2.61,-391881.96
-2.37,-392129.04
-2.43,-392377.66
-2.0,-392618.05
-2.3,-392864.91
-2.1,-393107.48
-1.12,-393330.87
-0.98,-393551.45
-1.71,-393787.09
-1.31,-394015.24
-1.23,-394242.07
-0.95,-394463.47
-0.93,-394684.67
-0.4,-394895.89
-0.45,-395108.05
-0.25,-395317.19
-0.28,-395526.55
0.29,-395726.55
-0.2,-395935.06
-0.22,-396145.0
-0.94,-396369.0
-0.57,-396587.0
0.47,-396785.0
0.36,-396985.0
0.64,-397181.0
-0.07,-397390.0
0.31,-397593.0
0.39,-397796.0
0.51,-397996.0
0.7,-398193.0
1.16,-398382.0
1.6,-398564.0
1.15,-398754.0
0.83,-398951.0
0.98,-399144.0
1.78,-399326.0
1.62,-399510.0
1.63,-399694.0
1.57,-399880.0
1.58,-400065.0
2.18,-400242.0
1.49,-400430.0
1.79,-400613.0
2.14,-400791.0
2.2,-400967.0
2.62,-401138.0
2.12,-401317.0
2.27,-401494.0
2.01,-401674.0
2.2,-401853.0
1.9,-402034.0
1.64,-402221.0
2.41,-402398.0
2.1,-402579.0
1.88,-402764.0
1.78,-402950.0
2.22,-403130.0
1.56,-403314.0
2.41,-403491.0
2.49,-403667.0
2.65,-403840.0
2.71,-404012.0
2.22,-404192.0
1.79,-404380.0
2.44,-404558.0
2.27,-404740.0
3.15,-404910.0
2.9,-405081.0
2.19,-405265.0
2.9,-405434.0
2.06,-405617.0
2.45,-405796.0
2.67,-405972.0
2.17,-406155.0
1.99,-406342.0
1.77,-406533.0
1.83,-406719.0
2.09,-406899.0
2.21,-407078.0
1.73,-407267.0
2.13,-407452.0
1.8,-407638.0
1.73,-407831.0
1.57,-408030.0
1.58,-408224.0
1.72,-408424.0
1.47,-408627.0
1.72,-408828.0
1.47,-409036.0
1.37,-409244.0
1.64,-409452.0
0.95,-409655.0
0.72,-409867.0
0.44,-410096.0
0.49,-410327.0
0.43,-410557.0
0.08,-410789.0
0.66,-411027.0
0.48,-411248.0
0.23,-411482.0
0.68,-411719.0
0.57,-411952.0
-0.08,-412189.0
0.26,-412442.0
0.43,-412689.0
0.17,-412932.0
0.12,-413182.0
0.61,-413434.0
0.31,-413676.0
0.31,-413925.0
0.1,-414175.0
0.63,-414430.0
0.33,-414674.0
0.67,-414924.0
0.83,-415168.0
0.38,-415408.0
0.32,-415658.0
0.61,-415910.0
0.08,-416156.0
0.01,-416414.0
-0.28,-416674.0
-0.32,-416939.0
-0.24,-417183.0
-0.35,-417448.0
-0.09,-417716.0
-0.62,-417979.0
-0.48,-418253.0
-0.29,-418524.0
-0.59,-418791.0
-0.75,-419063.0
-1.37,-419340.0
-1.43,-419632.0
-1.72,-419921.0
-1.87,-420221.0
-1.55,-420525.0
-1.51,-420818.0
-2.21,-421106.0
-2.59,-421409.0
-2.1,-421719.0
-2.34,-422013.0
-1.29,-422313.0
-0.24,-422586.0
0.09,-422834.0
-0.29,-423077.0
-0.99,-423327.0
-1.9,-423587.0
-1.85,-423863.0
-2.13,-424140.0
-2.67,-424440.0
-2.29,-424765.0
-2.93,-425070.0
-3.95,-425393.0
-4.7,-425734.0
-4.63,-426115.0
-5.83,-426494.0
-6.05,-426918.0
-6.61,-427309.0
-6.79,-427768.0
-7.58,-428237.0
-8.1,-428743.0
-8.19,-429276.0
-8.19,-429817.0
-8.19,-430376.0
-8.39,-430920.0
-8.12,-431475.0
-8.58,-432019.0
-8.17,-432522.0
-8.49,-433073.0
-8.03,-433642.0
-8.91,-434191.0
-9.63,-434776.0
-9.25,-435317.0
-9.6,-435877.0
-8.8,-436473.0
-9.19,-437089.0
-9.15,-437675.0
-9.04,-438256.0
-9.07,-438848.0
-8.73,-439438.0
-8.33,-440004.0
-8.42,-440585.0
-7.91,-441170.0
-7.15,-441732.0
-7.77,-442266.0
-7.45,-442835.0
-7.45,-443392.0
-7.65,-443950.0
-7.48,-444521.0
-6.15,-445084.0
-6.32,-445586.0
-6.56,-446097.0
-7.58,-446623.0
-7.28,-447201.0
-7.26,-447769.0
-7.65,-448338.0
-7.92,-448931.0
-6.7,-449542.0
-7.07,-450092.0
-7.89,-450663.0
-7.24,-451279.0
-6.34,-451866.0
-6.81,-452450.0
-7.01,-453019.0
-7.39,-453600.0
-8.21,-454206.0
-8.92,-454863.0
-8.7,-455569.0
-8.83,-456266.0
-8.8,-456992.0
-8.47,-457702.0
-8.34,-458394.0
-8.24,-459081.0
-7.45,-459763.0
-7.15,-460400.0
-7.63,-461020.0
-7.65,-461670.0
-8.08,-462307.0
-8.44,-463001.0
-8.5,-463707.0
-8.17,-464417.0
-8.03,-465108.0
-8.64,-465790.0
-7.58,-466511.0
-6.47,-467165.0
-7.26,-467756.0
-6.3,-468387.0
-5.18,-468966.0
-4.83,-469485.0
-4.0,-469984.0
-4.62,-470442.0
-5.5,-470930.0
-6.17,-471459.0
-7.01,-472020.0
-6.89,-472626.0
-5.75,-473210.0
-5.09,-473746.0
-4.61,-474250.0
-4.19,-474729.0
-3.95,-475188.0
-4.64,-475636.0
-5.19,-476112.0
-5.98,-476612.0
-5.73,-477149.0
-5.15,-477673.0
-4.95,-478169.0
-4.76,-478655.0
-4.94,-479131.0
-4.53,-479621.0
-4.34,-480085.0
-3.97,-480539.0
-4.15,-480978.0
-3.74,-481421.0
-3.76,-481848.0
-3.36,-482275.0
-3.54,-482685.0
-3.44,-483101.0
-3.39,-483512.0
-3.42,-483920.0
-3.22,-484329.0
-2.76,-484729.0
-2.75,-485112.0
-2.56,-485494.0
-2.4,-485867.0
-2.57,-486235.0
-1.36,-486605.0
-2.51,-486939.0
-2.39,-487306.0
-2.25,-487670.0
-2.31,-488028.0
-2.44,-488388.0
-2.81,-488751.0
-3.03,-489126.0
-3.25,-489506.0
-3.25,-489895.0
-3.42,-490284.0
-3.42,-490678.0
-3.5,-491072.0
-3.23,-491466.0
-3.93,-491852.0
-3.75,-492258.0
-3.78,-492650.0
-3.78,-493051.0
-3.79,-493451.0
-3.58,-493850.0
-3.74,-494240.0
-3.78,-494634.0
-3.97,-495028.0
-3.66,-495426.0
-3.97,-495812.0
-3.83,-496207.0
-3.93,-496595.0
-3.77,-496984.0
-3.72,-497366.0
-4.3,-497744.0
-4.25,-498140.0
-4.31,-498532.0
-4.41,-498925.0
-4.45,-499319.0
-4.81,-499713.0
-4.16,-500117.0
-4.43,-500496.0
-4.45,-500882.0
-4.37,-501267.0
-4.21,-501646.0
-4.46,-502018.0
-4.0,-502396.0
-4.4,-502758.0
-5.04,-503130.0
-5.32,-503524.0
-5.21,-503925.0
-4.91,-504321.0
-4.7,-504704.0
-4.63,-505077.0
-4.52,-505446.0
-4.55,-505808.0
-4.9,-506170.0
-6.0,-506543.0
-5.94,-506952.0
-5.73,-507358.0
-5.78,-507754.0
-5.55,-508150.0
-5.67,-508537.0
-5.76,-508926.0
-5.83,-509317.0
-5.86,-509708.0
-5.63,-510099.0
-5.53,-510482.0
-5.49,-510859.0
-5.62,-511235.0
-5.38,-511613.0
-4.77,-511983.0
-4.84,-512332.0
-5.0,-512683.0
-4.98,-513039.0
-4.46,-513393.0
-4.08,-513731.0
-4.01,-514056.0
-4.48,-514379.0
-4.31,-514716.0
-4.28,-515048.0
-3.51,-515379.0
-4.01,-515687.0
-3.46,-516010.0
-3.59,-516317.0
-3.47,-516628.0
-3.45,-516935.0
-3.23,-517243.0
-3.48,-517545.0
-3.41,-517854.0
-3.75,-518161.0
-3.45,-518466.0
-3.12,-518776.0
-3.94,-519077.0
-3.4,-519403.0
-3.47,-519714.0
-3.4,-520028.0
-3.58,-520340.0
-4.84,-520660.0
-4.55,-521019.0
-4.61,-521371.0
-4.3,-521725.0
-4.51,-522072.0
-4.29,-522425.0
-4.84,-522778.0
-4.35,-523149.0
-4.64,-523502.0
-4.93,-523858.0
-4.86,-524234.0
-4.82,-524609.0
-4.42,-524985.0
-4.9,-525349.0
-4.58,-525733.0
-4.31,-526106.0
-4.14,-526472.0
-4.44,-526833.0
-4.5,-527207.0
-5.18,-527584.0
-5.43,-527989.0
-6.07,-528407.0
-6.75,-528854.0
-7.33,-529334.0
-7.12,-529845.0
-7.71,-530352.0
-7.48,-530891.0
-7.71,-531425.0
-7.24,-531976.0
-7.2,-532509.0
-6.64,-533044.0
-6.99,-533558.0
-6.76,-534094.0
-6.82,-534625.0
-6.76,-535163.0
-6.47,-535702.0
-7.53,-536244.0
-7.77,-536834.0
-7.56,-537441.0
-7.46,-538041.0
-7.55,-538639.0
-7.43,-539238.0
-7.28,-539838.0
-7.1,-540431.0
-7.24,-541014.0
-7.35,-541604.0
-7.64,-542199.0
-8.13,-542808.0
-8.12,-543417.0
-8.14,-544035.0
-7.91,-544654.0
-7.17,-545252.0
-6.82,-545796.0
-7.17,-546330.0
-7.2,-546868.0
-6.81,-547398.0
-6.14,-547905.0
-5.35,-548372.0
-5.58,-548811.0
-6.28,-549258.0
-6.48,-549723.0
-6.94,-550179.0
-6.29,-550657.0
-6.23,-551097.0
-5.42,-551531.0
-5.07,-551924.0
-4.68,-552300.0
-4.52,-552654.0
-4.04,-552998.0
-3.35,-553315.0
-3.09,-553613.0
-3.25,-553894.0
-4.67,-554176.0
-4.21,-554461.0
-4.41,-554769.0
-5.07,-555063.0
-4.95,-555358.0
-5.38,-555666.0
-5.49,-555961.0
-5.66,-556264.0
-6.15,-556564.0
-6.86,-556873.0
-6.77,-557183.0
-6.48,-557511.0
-5.75,-557828.0
-5.48,-558127.0
-5.43,-558402.0
-5.21,-558675.0
-5.0,-558940.0
-4.65,-559199.0
-4.49,-559454.0
-4.64,-559699.0
-4.07,-559939.0
-4.0,-560180.0
-3.7,-560407.0
-3.66,-560632.0
-3.4,-560849.0
-3.33,-561065.0
-3.06,-561275.0
-3.22,-561483.0
-2.81,-561686.0
-2.87,-561891.0
-2.59,-562089.0
-2.49,-562288.0
-2.21,-562482.0
-2.58,-562677.0
-2.05,-562865.0
-2.07,-563044.0
-2.21,-563229.0
-2.27,-563415.0
-2.08,-563604.0
-1.63,-563795.0
-1.82,-563983.0
-1.84,-564164.0
-1.89,-564348.0
-1.8,-564534.0
-2.02,-564721.0
-1.44,-564907.0
-1.87,-565097.0
-1.42,-565281.0
-1.22,-565470.0
-1.68,-565652.0
-1.93,-565831.0
-1.44,-566019.0
-1.54,-566211.0
-1.38,-566396.0
-1.59,-566582.0
-1.51,-566766.0
-1.77,-566955.0
-1.49,-567143.0
-1.09,-567335.0
-1.47,-567524.0
-1.42,-567706.0
-1.64,-567895.0
-1.48,-568084.0
-1.5,-568278.0
-1.61,-568469.0
-1.48,-568662.0
-1.42,-568857.0
-1.49,-569051.0
-1.45,-569244.0
-1.38,-569440.0
-1.44,-569635.0
-1.69,-569830.0
-1.51,-570027.0
-1.79,-570228.0
-1.86,-570428.0
-1.43,-570633.0
-1.53,-570840.0
-1.32,-571041.0
-2.15,-571243.0
-1.63,-571442.0
-1.35,-571658.0
-1.29,-571864.0
-1.76,-572066.0
-1.31,-572267.0
-1.41,-572478.0
-1.23,-572681.0
-1.22,-572887.0
-1.37,-573090.0
-0.99,-573294.0
-1.14,-573502.0
-1.42,-573704.0
-1.62,-573911.0
-1.73,-574126.0
-1.73,-574347.0
-2.11,-574573.0
-1.95,-574799.0
-1.83,-575031.0
-1.87,-575264.0
-2.27,-575497.0
-1.95,-575734.0
-1.83,-575982.0
-1.71,-576216.0
-1.36,-576452.0
-0.92,-576695.0
-1.08,-576933.0
-1.1,-577164.0
-1.06,-577402.0
-1.16,-577642.0
-1.07,-577886.0
-1.46,-578134.0
-2.31,-578385.0
-3.04,-578648.0
-2.81,-578928.0
-3.45,-579243.0
-4.1,-579557.0
-4.23,-579896.0
-4.81,-580263.0
-5.72,-580642.0
-6.31,-581049.0
-7.03,-581499.0
-6.89,-581978.0
-5.9,-582496.0
-5.75,-583034.0
-6.1,-583535.0
-5.49,-584040.0
-6.52,-584571.0
-6.73,-585084.0
-6.11,-585670.0
-5.18,-586255.0
-4.62,-586828.0
-4.05,-587364.0
-3.48,-587880.0
-3.47,-588387.0
-4.99,-588866.0
-5.92,-589351.0
-5.68,-589912.0
-5.3,-590524.0
-5.09,-591133.0
-4.63,-591716.0
-4.32,-592306.0
-3.89,-592871.0
-4.42,-593451.0
-5.44,-594009.0
-6.31,-594596.0
-6.7,-595240.0
-6.42,-595942.0
-5.54,-596717.0
-5.35,-597450.0
-4.99,-598146.0
-5.18,-598841.0
-4.23,-599537.0
-4.33,-600174.0
-4.19,-600838.0
-4.22,-601524.0
-3.92,-602200.0
-3.51,-602884.0
-3.47,-603557.0
-3.21,-604211.0
-2.94,-604869.0
-2.35,-605524.0
-2.01,-606129.0
-1.74,-606724.0
-1.37,-607319.0
-1.09,-607904.0
-1.26,-608475.0
-1.47,-609035.0
-1.43,-609591.0
-1.46,-610180.0
-1.04,-610767.0
-1.35,-611360.0
-1.04,-611928.0
-1.3,-612516.0
-0.97,-613110.0
-1.28,-613722.0
-1.46,-614323.0
-1.94,-614945.0
-2.28,-615583.0
-1.79,-616255.0
-2.29,-616954.0
-2.38,-617626.0
-1.96,-618328.0
-1.95,-619000.0
-2.59,-619694.0
-2.52,-620392.0
-2.84,-621104.0
-2.63,-621846.0
-2.69,-622612.0
-2.2,-623366.0
-3.19,-624123.0
-4.42,-624850.0
-5.54,-625647.0
-7.17,-626540.0
-8.37,-627536.0
-8.72,-628695.0
-8.8,-630014.0
-8.24,-631362.0
-8.9,-632726.0
-8.92,-634006.0
-8.39,-635360.0
-8.68,-636714.0
-8.84,-637998.0
-8.86,-639312.0
-8.21,-640639.0
-7.73,-641957.0
-7.68,-643169.0
-7.71,-644272.0
-7.82,-645378.0
-7.46,-646481.0
-7.07,-647572.0
-7.47,-648606.0
-7.29,-649603.0
-7.72,-650639.0
-7.92,-651638.0
-7.58,-652657.0
-6.87,-653661.0
-6.71,-654600.0
-7.38,-655470.0
-7.52,-656305.0
-8.36,-657143.0
-8.02,-658020.0
-8.64,-658915.0
-8.3,-659793.0
-8.0,-660703.0
-7.82,-661563.0
-8.42,-662339.0
-8.94,-663125.0
-9.05,-663937.0
-9.03,-664772.0
-8.95,-665596.0
-8.89,-666398.0
-8.31,-667179.0
-7.24,-667902.0
-7.28,-668559.0
-7.62,-669152.0
-8.16,-669756.0
-8.25,-670340.0
-7.99,-670958.0
-7.68,-671570.0
-7.51,-672182.0
-7.05,-672772.0
-6.54,-673343.0
-5.94,-673899.0
-5.89,-674414.0
-6.71,-674921.0
-7.34,-675380.0
-6.9,-675838.0
-5.65,-676317.0
-4.67,-676830.0
-5.15,-677319.0
-5.95,-677771.0
-6.46,-678172.0
-7.02,-678592.0
-7.34,-679037.0
-6.95,-679499.0
-6.02,-679985.0
-5.58,-680483.0
-5.2,-680962.0
-5.34,-681421.0
-5.46,-681842.0
-5.23,-682248.0
-4.83,-682660.0
-4.68,-683075.0
-4.62,-683481.0
-4.61,-683873.0
-4.41,-684261.0
-4.07,-684639.0
-3.97,-685015.0
-3.73,-685392.0
-3.5,-685758.0
-3.44,-686120.0
-3.36,-686485.0
-3.5,-686836.0
-3.7,-687186.0
-3.35,-687536.0
-3.14,-687886.0
-3.05,-688243.0
-3.05,-688590.0
-2.59,-688930.0
-2.51,-689269.0
-2.75,-689612.0
-2.7,-689938.0
-2.5,-690260.0
-2.39,-690589.0
-2.04,-690921.0
-1.6,-691238.0
-1.55,-691564.0
-1.86,-691880.0
-1.82,-692179.0
-2.08,-692489.0
-2.0,-692811.0
-1.94,-693122.0
-1.83,-693442.0
-1.92,-693763.0
-1.77,-694080.0
-1.85,-694401.0
-2.07,-694723.0
-1.86,-695042.0
-1.69,-695360.0
-1.94,-695687.0
-1.88,-696020.0
-1.84,-696349.0
-1.92,-696684.0
-2.26,-697024.0
-2.55,-697367.0
-2.49,-697715.0
-2.75,-698077.0
-2.45,-698454.0
-2.31,-698834.0
-2.16,-699227.0
-1.77,-699614.0
-2.02,-700002.0
-2.4,-700389.0
-2.49,-700769.0
-2.36,-701164.0
-2.45,-701579.0
-2.78,-702006.0
-3.05,-702434.0
-3.21,-702875.0
-3.21,-703337.0
-3.46,-703820.0
-3.75,-704320.0
-3.7,-704830.0
-3.67,-705362.0
-3.56,-705920.0
-3.5,-706486.0
-4.02,-707061.0
-3.88,-707641.0
-4.06,-708228.0
-4.0,-708856.0
-4.05,-709486.0
-4.19,-710137.0
-4.29,-710793.0
-3.9,-711460.0
-4.02,-712142.0
-4.23,-712858.0
-5.2,-713529.0
-5.26,-714212.0
-5.59,-714910.0
-6.23,-715675.0
-6.47,-716428.0
-6.92,-717197.0
-7.13,-718051.0
-7.9,-718814.0
-8.77,-719693.0
-8.32,-720584.0
-7.14,-721528.0
-5.75,-722283.0
-5.18,-723032.0
-5.07,-723852.0
-6.1,-724585.0
-5.96,-725263.0
-6.05,-725998.0
-5.83,-726712.0
-5.69,-727419.0
-5.31,-728100.0
-5.23,-728759.0
-5.28,-729381.0
-4.85,-729996.0
-4.2,-730652.0
-3.79,-731291.0
-3.93,-731853.0
-3.95,-732377.0
-4.15,-732893.0
-3.99,-733386.0
-3.72,-733905.0
-4.03,-734405.0
-4.47,-734887.0
-4.52,-735404.0
-4.76,-735859.0
-5.38,-736344.0
-5.62,-736849.0
-6.27,-737327.0
-7.16,-737828.0
-8.08,-738344.0
-8.24,-738917.0
-8.25,-739515.0
-8.47,-740136.0
-8.6,-740757.0
-8.95,-741375.0
-8.84,-741984.0
-8.67,-742595.0
-8.41,-743221.0
-8.56,-743832.0
-8.56,-744425.0
-8.62,-744997.0
-8.63,-745570.0
-8.69,-746141.0
-8.6,-746692.0
-8.44,-747253.0
-8.32,-747816.0
-8.5,-748372.0
-8.58,-748928.0
-8.59,-749478.0
-8.42,-750040.0
-8.37,-750611.0
-8.24,-751189.0
-7.97,-751766.0
-7.79,-752350.0
-7.54,-752936.0
-7.22,-753525.0
-6.25,-754110.0
-5.5,-754693.0
-5.09,-755270.0
-5.3,-755808.0
-5.77,-756315.0
-6.07,-756807.0
-6.43,-757332.0
-7.12,-757888.0
-7.27,-758467.0
-7.33,-759072.0
-6.72,-759742.0
-5.78,-760437.0
-5.16,-761133.0
-4.72,-761811.0
-4.76,-762449.0
-5.1,-763066.0
-5.56,-763678.0
-6.22,-764288.0
-6.4,-764930.0
-6.0,-765608.0
-5.33,-766349.0
-4.54,-767122.0
-3.84,-767881.0
-3.8,-768609.0
-3.93,-769299.0
-4.32,-769957.0
-4.52,-770603.0
-4.13,-771289.0
-3.82,-772007.0
-3.47,-772753.0
-2.96,-773492.0
-2.69,-774209.0
-2.7,-774911.0
-2.67,-775586.0
-2.34,-776251.0
-2.17,-776923.0
-2.13,-777599.0
-2.17,-778259.0
-2.37,-778913.0
-2.28,-779569.0
-1.84,-780230.0
-2.04,-780906.0
-1.7,-781578.0
-1.71,-782223.0
-1.15,-782880.0
-1.05,-783520.0
-1.04,-784155.0
-0.63,-784756.0
-0.54,-785348.0
-1.75,-785935.0
-2.37,-786492.0
-2.59,-787069.0
-3.09,-787685.0
-3.7,-788332.0
-4.27,-788987.0
-5.05,-789668.0
-5.61,-790381.0
-5.91,-791129.0
-6.51,-791926.0
-7.33,-792758.0
-8.23,-793606.0
-8.53,-794499.0
-8.73,-795458.0
-8.54,-796493.0
-8.88,-797551.0
-8.92,-798639.0
-8.82,-799712.0
