CO2 (ppmv),Year
207.28544010704545,-803718.8684046668
202.2268391289192,-803182.4423336205
204.8619380343144,-802572.6746300211
207.49864546768265,-802059.8706065303
202.92172318213744,-801975.2843758516
202.64710592439064,-801759.2524242424
198.6572141815183,-800922.087424243
198.68361088983107,-799286.0590909094
200.4894558655116,-796731.2978787882
197.90878630711256,-795428.8181818188
198.7924036449917,-794902.590909091
204.617506415808,-793737.3181818175
208.7893628439667,-793172.454545454
218.39264166858877,-791902.7583333338
213.35775959891657,-791569.3888888892
214.4503513988741,-790667.3012121207
224.68576227610308,-790080.783636363
230.55013467896876,-789106.8827272729
227.37775029010012,-788689.4051515154
235.48574308581584,-788003.0090909094
238.64095357456617,-787544.0409090909
257.0184549055622,-786741.8715151517
257.19893666253785,-786529.2399999999
265.99732874144445,-785853.5690909092
269.3559592885488,-785405.5127272734
264.34502908314164,-784613.2569696968
262.229808343788,-784239.6018181813
259.66462384723866,-783569.0509090904
255.84554031289508,-783084.0824242425
260.9181501208988,-782311.7558787881
255.01817636257545,-781248.5296969693
257.43630369580933,-780778.4496969697
251.50919000069743,-779936.6818181819
257.21033919112165,-779612.8318181814
252.52125685420285,-778769.4363636365
254.4321062869957,-778238.9227272724
254.6895620893129,-777417.5454545458
254.92704442683268,-777107.9836363638
252.455538875688,-776282.7918181821
247.3032103301009,-775731.7496969699
248.92347258064217,-774832.6969696968
245.3180552676516,-774382.2587878784
241.7410824819303,-773588.0110606056
238.3850775692524,-773008.808181818
239.2312024030053,-772094.1363636358
237.7794476149145,-771734.4690909092
246.03058180018397,-771299.8181818182
243.85475201990903,-771045.6363636361
246.4945680375353,-770787.9595454549
243.88525238228883,-770524.5636363636
239.7120056138232,-770225.2645454548
234.24054819146696,-769862.666666667
236.31890028889168,-769569.3333333333
229.56423626852964,-769070.6666666664
230.62690342109488,-768649.1466666668
225.86635666622996,-767701.4236363642
221.6409365039408,-767111.3843939397
223.8179649132784,-766167.2575757578
224.86466602091244,-765797.1624242424
230.6229188352788,-764858.9121212122
232.11545547204437,-764238.504545454
229.40748753827657,-763901.4848484849
233.66090567198847,-763636.6363636359
222.92608638468548,-763231.816565657
223.89295015434175,-762726.8824242424
219.9481576823577,-761820.5842424238
213.99980285899036,-761151.8036363634
214.6940079861074,-760216.0430303031
216.64080861985224,-759914.4881818183
222.7085788690187,-758989.9418181818
225.61582539678184,-758566.0551515151
225.37366760867587,-758158.2727272728
223.0236554615564,-757928.2121212124
226.94301148021165,-757611.8787878784
222.7200859322036,-757185.6915151512
218.3519526756556,-756412.4157575755
213.61139014973045,-755835.4509090913
209.44507971285617,-754900.6803030302
208.10367110123957,-754616.1684848485
203.2996954570858,-753636.8284848488
199.046053641412,-753164.5775757573
203.90279658442105,-751984.6545454543
195.43388919380428,-751539.0690909092
197.49572596202373,-750615.8818181817
193.54717137122023,-750023.8681818177
191.29603626015796,-749086.2499999993
192.0759223880364,-748756.4409090908
190.17483689562675,-747864.1786666662
188.67887489361215,-747312.9345454549
187.54375693792412,-746386.8809090916
187.9522843282685,-745990.1957575758
187.91988159174213,-745227.0375757577
190.24154927677864,-744669.9260606065
187.29232436787936,-743721.0454545448
188.96881973948896,-742573.1418181813
188.17959977716012,-742009.0763636365
187.3271928405565,-741112.1696969698
188.64664196412704,-740694.7490909089
189.1426274551468,-739924.1339393943
184.7670847091236,-739379.9024242423
183.3925392147808,-738510.9242424242
185.40236646163788,-738156.4524848479
185.6096600660596,-737224.5554545455
191.7441063146352,-736630.9945454549
204.5191038769512,-735710.1154545457
206.92018121563933,-735319.8193939395
213.14402038614645,-734572.2181818187
217.1944729687879,-734157.3054545454
217.88283774216444,-733459.909090909
214.6624205315424,-733184.5709090909
216.1485998526368,-732512.6199999998
210.60174265873587,-732072.2299999999
207.72075200492253,-731378.9999999995
208.1143039021245,-731043.4999999999
213.73187878271676,-730371.75
211.62321092369945,-729910.9999999998
210.702373057978,-729234.2272727275
210.16351745201928,-728958.3136363637
212.1716466152816,-728310.314545455
210.0149974521128,-727886.9384848482
211.0778130948141,-727037.5303030305
210.24197486380825,-726643.9021212123
210.0675097854836,-725948.5024242426
211.42656926315465,-724626.8636363636
211.075995557622,-724299.591818182
211.49197634968232,-723524.4313636366
210.4806821716978,-723025.3554545457
214.0125927948141,-722191.9999999999
212.54540888381376,-721830.2266666669
212.108071771009,-721044.5945454545
216.09677010835375,-720555.8105454544
218.956944794401,-719739.8636363633
219.2003556861584,-719457.5168181815
217.0426911316349,-718640.7595454546
212.030518626341,-718137.2854545454
200.8234844705578,-717337.1818181823
193.46090298257133,-716828.348484849
189.87843381686548,-716005.4848484852
198.42559568024177,-715398.2727272725
210.5098874628876,-714635.909090909
213.59999290263292,-714360.1630303029
227.5826981949172,-713615.3763636363
223.14262795384457,-713165.732727273
227.08319713303533,-712453.7969696966
227.63734055505356,-712115.578181818
223.8856925917568,-711362.5
224.001743721128,-710293.7272727275
224.1234469162136,-710071.4654545452
225.3889691337453,-709449.0436363637
224.9017352890244,-709033.3563636366
227.032822730358,-708506.4545454548
230.50735989141307,-707959.5454545452
231.43297127712552,-707503.7878787875
234.83616059567032,-707009.1515151514
233.11228487432956,-706463.4484848484
233.5834734270881,-706249.6806060602
233.50528810247425,-705693.7254545457
238.8480696520816,-705360.6972727273
236.0453403013913,-704760.7395454546
236.05369135840692,-704542.9518181819
237.661231516828,-704103.1981818182
237.18468030646915,-703776.9518181817
235.09172492612444,-703293.9090909093
234.04269676194463,-703103.3442424244
233.54448715907165,-702631.8054545454
232.82958847745476,-702300.5218181817
232.2805206457517,-701846.0731818182
233.3539062097976,-701518.5218181817
230.58782898361125,-701059.9848484849
232.1824465330735,-700784.2727272725
232.162121529527,-700250.9236363637
230.88479116742863,-700043.1490909093
232.4560078431405,-699574.5236363634
235.4215271002262,-699318.527272727
236.6070014153336,-698864.8381818184
236.7173884297771,-698535.0242424243
237.20611593740932,-698153.6854545457
239.72641961823388,-697914.7075757575
239.00952129629684,-697489.0187878788
238.8636108455049,-697265.7512121215
241.8320311598419,-696803.2309090907
240.89904625193032,-696555.5381818184
241.0299151581724,-696089.0036363635
239.884743914407,-695796.6751515149
238.41997928360917,-695392.4521212119
239.4354918894625,-695140.2909090907
238.13269799082363,-694694.8345454544
238.0518499460627,-694484.8896969694
238.73723027829791,-694031.88
236.7987347932641,-693782.3090909093
239.79653384828728,-693309.2618181818
239.31113174299168,-692999.1381818183
240.45669225384145,-692586.8242424241
239.3406332632852,-692330.3484848483
237.7560079776989,-691871.2928787881
243.6995486644999,-691624.0430303031
238.47330442832688,-691127.0923636364
239.2983940505077,-690882.4590909089
243.5623167259663,-690368.3436363635
239.37873479610943,-690017.9624242428
238.41599878810229,-689517.6684848482
239.2879301088554,-689271.8348484851
236.4535724768809,-688786.391212121
235.8000553317824,-688524.6527272727
232.26747586461005,-688001.4515151515
232.0747771551575,-687743.2575757576
230.66878933516543,-687207.8254545457
227.6358560751815,-686859.8703030302
227.65046207304687,-686350.1345454548
226.72892608676472,-686050.381818182
222.96501296914877,-685495.4972727271
222.7044405108711,-685204.044242424
222.61792578852743,-684631.8109090904
220.6316642042182,-684319.1090909089
220.62261407272987,-683729.8654545456
221.82035466276145,-683344.8436363635
224.3560776723839,-682808.0590909088
225.64160209672892,-682473.6818181815
222.6967127552533,-681878.7524242424
220.2352186749276,-681507.8634848485
219.1411841639893,-680790.0857575755
221.30626385386472,-680393.7121212126
227.89516025735253,-679719.9266666665
225.80855816583323,-679275.6733333332
233.1080061479115,-678677.6078787883
233.61111358821643,-678362.5848484847
232.70102424711223,-677785.1745454543
229.16045804591084,-677505.3739393939
220.086237115456,-676791.6193939392
218.20973466460345,-676378.1818181815
216.59070226826563,-675650.7363636363
219.96238463739664,-675202.3090909093
222.57485445876677,-674580.736363636
216.1224817958984,-673456.5333333331
211.69145610328425,-673078.3999999999
204.669745646326,-672279.3778787885
201.1220985980582,-671746.1060606058
197.1291521940604,-670811.3824242426
194.789560383579,-670200.8827272733
196.8275423165405,-669507.9260606061
194.87837297832084,-669120.7454545456
191.5141318512642,-668346.3187878784
187.6555369926176,-667869.2987878791
180.6705433303129,-666965.5375757578
177.7146610306198,-666465.2636363631
173.71362014216885,-665459.8573333337
174.76867941399888,-664803.3600000001
180.53768178380184,-663886.5212121212
180.16659707392196,-663371.9393939392
187.7670323098909,-662458.0909090904
192.55321359717547,-662370.3999999997
191.02249326390395,-661987.5151515151
190.86103041769672,-660927.5500000003
193.9082170435541,-660846.6094545458
189.6905841804821,-660332.1772727269
191.59170346951032,-659265.9000000005
193.9700304568731,-659168.32
188.43427447380083,-658513.5499999999
185.6837857761792,-657461.8999999996
187.3800806732598,-657343.8200000001
184.098136363561,-656814.0999999994
190.8769405532136,-655771.999999999
189.23340881737832,-655704.2060606063
192.9341212467433,-655231.0909090905
200.35242454933484,-654182.6499999991
199.99595342018023,-653574.3499999999
194.81602929906572,-652488.65
192.8691774329536,-651780.25
186.7937683040444,-650758.9500000003
187.2748940558699,-650154.2636363631
193.44315462070247,-648997.0999999997
189.2501799432969,-648398.4636363634
196.171494104952,-647241.0999999993
193.4765987078096,-646662.4181818187
191.8480609628653,-645304.8499999992
189.88548096825596,-644426.9469696959
195.8204274432848,-643200.6499999997
195.3061298127235,-642350.8272727265
191.5605717991007,-640906.65
191.3842569534652,-640124.6045454537
190.1777336005101,-638422.2499999993
188.8477364074226,-637468.2651515146
195.33150117951013,-635764.3666666652
194.00258992033588,-634571.56060606
194.85936588137292,-633059.0333333323
195.94989153226655,-632931.1448484845
193.09789993536265,-632127.5378787883
196.49917279673912,-630406.9409090906
200.4570693283412,-629576.322727272
200.77734554085592,-627916.1000000006
205.26582182975855,-627819.852727273
199.52416462021895,-627189.6181818179
205.76310728563763,-625880.0999999994
215.70968264504967,-625019.4272727271
228.5122253513537,-624097.499999999
235.02330647237795,-623447.9242424238
237.92850701362372,-622546.9499999993
239.19230883467588,-621104.95
243.88545246756436,-621000.732727273
243.5306835863856,-619701.4500000002
245.8865878724808,-618333.7499999999
248.28893339724928,-617003.7499999994
252.63944486217684,-615659.5681818179
252.729800513971,-614406.5999999999
252.8982584181087,-614349.1163636366
252.74797477389265,-613190.6
256.193578648728,-611992.7999999997
258.13797445364014,-610811.9666666661
259.6847091794925,-609650.6333333328
257.8151013837554,-609601.0127272727
257.7448677422332,-608479.5000000001
259.22379791893974,-607297.3000000004
254.57832546938147,-606029.2999999997
248.4801850050678,-604675.9090909091
244.5322516170048,-603353.1499999992
239.14012591458967,-601999.15
237.8582812314746,-600650.7500000002
232.45478922791705,-599305.1499999998
229.38148051861887,-597864.6318181817
225.9716626647501,-597268.2181818187
219.0222803388292,-596379.7499999994
216.27309709713364,-595853.6136363635
216.4410115698623,-594841.1333333332
221.2172428733,-594271.5575757573
232.91795566697328,-593486.4666666667
237.9772146198636,-592913.8121212114
238.1475936125431,-592096.754545454
233.1632188953882,-591611.2454545454
229.3866700921104,-590835.516666666
225.678803565834,-590433.4712121211
237.37751240309967,-589069.4666666666
243.5553025827732,-588538.8000000002
248.1046423657793,-588090.145454545
250.20456464222792,-587475.3500000003
246.34602904387208,-586990.9045454541
238.7841158534624,-586329.3499999996
234.40092907192803,-585938.6681818177
225.9929310765137,-585221.8499999993
223.95763277250387,-584770.8424242425
210.6390178335049,-582008.8000000002
206.68125254107684,-581624.2545454543
209.88341782048892,-580886.2999999999
215.44586651227405,-580504.5272727271
219.4126580601745,-579978.2999999996
225.2070402346668,-579596.5272727276
230.2553890769855,-579168.6499999997
236.17021956160747,-578864.0045454544
243.8071398156684,-578451.7833333332
244.13978325747763,-578260.5045454543
251.47302309267096,-577883.1166666667
252.92340485161623,-577330.5499999998
249.0568689785398,-576792.3499999997
251.0792763522184,-576246.3499999997
251.341725346752,-575703.8500000001
251.2965766771463,-575165.1000000001
252.8973536409592,-574649.0999999999
252.543697553062,-574162.8499999997
248.8639219697805,-573704.5333333331
252.08002667419615,-573283.9636363636
251.8615047665413,-572856.0000000001
251.7666008144979,-572414.6545454544
248.72078039844757,-571963.0166666665
249.18618138857704,-571525.7499999998
247.65697248974385,-571103.5166666666
246.30955184938028,-570719.8727272728
250.3009961681342,-570365.4999999999
251.6,-570024.6909090908
249.6,-569683.3575757575
251.8,-569311.4424242425
251.8,-568912.1272727273
251.3,-568513.4606060607
250.0,-568117.2484848484
251.3,-567733.9272727272
250.2,-567364.5939393939
253.0,-566980.1454545455
252.8,-566584.2363636364
253.9,-566254.1393939394
253.2,-565934.8909090909
254.5,-565598.6545454545
253.9,-565289.4909090908
254.3,-564968.3515151516
253.7,-564638.6363636364
251.4,-564295.303030303
252.6,-563945.6424242425
252.4,-563588.9636363637
251.4,-563184.296969697
247.6,-562774.3575757574
245.8,-562360.5636363636
245.7,-561977.896969697
242.3,-561585.7393939394
240.1,-561184.8545454546
234.1,-560705.6000000001
234.6,-560360.4909090908
231.9,-559938.0727272726
231.6,-559500.7393939394
228.3,-559015.6000000001
230.3,-558486.618181818
230.2,-557922.6181818182
229.7,-557686.7636363636
234.5,-557366.0060606062
238.1,-556827.6909090909
240.4,-556356.0181818182
245.6,-556204.5636363635
250.5,-555888.206060606
244.0,-555707.1393939393
249.1,-555435.0545454546
243.0,-555248.6545454545
241.0,-554973.2909090909
233.9,-554457.0242424243
226.7,-553892.3454545456
224.3,-553208.3454545455
223.6,-552529.6181818182
220.3,-551858.6545454544
222.1,-551669.3939393939
226.3,-551295.9878787878
222.3,-551070.9212121211
221.7,-550731.5636363637
219.9,-550161.0909090908
215.2,-549431.0909090908
213.6,-548632.5454545455
208.8,-548280.7272727275
202.5,-547770.1090909094
204.6,-546820.7757575759
209.7,-545856.6787878785
209.6,-544880.1454545453
210.3,-543914.9090909091
208.1,-542935.987878788
203.6,-541894.872727273
205.0,-540790.206060606
211.2,-539703.8181818181
212.9,-538633.818181818
206.4,-537563.8181818181
205.0,-536490.7636363636
199.4,-535384.4727272725
199.8,-534228.4727272727
190.5,-533745.0545454544
193.8,-533093.5636363637
195.1,-532718.181818182
200.0,-531982.2363636366
204.4,-531604.3696969697
211.4,-531037.5696969698
214.5,-530642.5272727272
220.7,-530128.7575757573
220.3,-529251.3818181816
221.2,-528340.5090909093
222.7,-527453.4303030304
224.7,-526566.6909090912
227.8,-525748.6909090909
230.3,-524945.806060606
233.7,-524156.9999999999
235.8,-523387.0
236.8,-522620.8666666667
241.9,-521851.8242424243
243.5,-519624.4727272729
245.5,-518871.80606060615
247.7,-518123.3575757573
245.3,-517379.1272727272
245.5,-516650.4606060606
246.2,-515926.0121212122
247.2,-515204.981818182
243.0,-514470.9818181818
241.5,-513700.7757575757
239.2,-512897.7818181817
238.2,-512083.1151515151
242.0,-511254.7393939395
235.2,-510413.7818181817
236.4,-509562.4484848484
233.4,-508702.3272727273
240.3,-507834.981818182
237.0,-506990.9818181818
238.2,-506167.72121212096
236.0,-505362.3999999999
235.5,-504533.7333333333
233.9,-503734.2424242425
234.1,-502961.781818182
232.2,-502227.187878788
232.0,-501468.92727272736
231.2,-500687.6363636362
230.8,-499911.424242424
228.2,-499133.9636363636
230.8,-498354.7818181817
230.6,-497576.7818181818
232.8,-496787.4181818184
236.5,-496015.97575757577
236.4,-495237.6303030304
237.6,-494494.0666666664
238.5,-493775.6909090908
238.3,-493074.1272727274
239.1,-492350.39393939386
239.7,-491643.1090909093
243.7,-490913.7757575757
246.7,-490204.5454545456
243.3,-489501.0787878788
242.6,-488783.9515151515
249.3,-488544.9090909091
252.8,-488076.2909090909
240.9,-487769.793939394
242.0,-487352.0909090908
237.1,-486615.45454545465
231.3,-485898.0666666667
232.9,-485179.2545454547
233.0,-484448.6727272727
231.2,-483717.5212121211
231.4,-482986.1818181817
231.4,-482229.787878788
227.3,-481445.3818181817
223.4,-480630.9636363639
223.8,-479712.9636363636
218.8,-478776.6848484848
220.8,-478378.2969696968
231.3,-477825.69090909074
236.5,-477452.95151515136
239.1,-476942.4606060604
236.6,-475991.0000000001
232.8,-474999.7999999998
233.1,-473975.2000000002
241.2,-473024.10909090936
245.6,-472142.3636363638
243.9,-471850.8484848487
243.7,-471267.81818181806
232.7,-470913.2727272727
229.2,-470313.0666666664
218.7,-469874.53333333344
215.5,-469250.793939394
206.5,-468775.97575757554
205.5,-468090.1272727275
203.4,-466927.7090909092
204.4,-465756.64242424245
208.1,-464682.29696969694
210.0,-463651.7272727272
205.2,-463315.3636363636
199.9,-462649.4727272725
194.4,-461576.6484848482
190.7,-460464.1030303032
195.5,-459336.0606060607
202.4,-458302.2121212121
208.3,-457261.5515151518
203.3,-456844.00606060616
204.3,-456258.2909090909
199.1,-455795.1272727274
192.5,-455164.43636363646
193.3,-454051.6121212118
198.4,-452914.3090909089
201.9,-451825.6424242424
204.9,-450785.8363636365
201.2,-449797.2787878788
201.7,-448692.8909090911
208.1,-447621.03636363655
203.5,-446509.1818181816
201.1,-445269.18181818177
199.1,-443381.72727272735
202.0,-441894.6484848488
201.3,-440280.775757576
201.7,-438709.5818181819
200.3,-437113.418181818
207.5,-435535.4181818178
209.8,-433989.69090909103
207.6,-432429.0727272728
211.5,-431900.2969696969
227.2,-430229.3090909094
219.7,-429073.76363636367
242.5,-427228.3636363638
248.2,-426890.2000000002
252.1,-425991.3999999999
255.3,-425204.9636363636
265.4,-424671.5636363636
270.0,-424287.2727272728
270.8,-423790.9090909091
268.3,-423182.26060606056
267.7,-422557.74545454566
270.6,-421275.496969697
266.4,-420582.6545454545
268.6,-419962.1454545455
273.8,-418751.7636363636
271.2,-418183.7636363636
273.7,-417625.7818181819
274.6,-416555.3030303029
271.8,-416006.7818181817
273.4,-415490.4424242424
271.7,-414475.3151515151
276.4,-413995.6060606061
271.6,-413229.5939393941
264.9,-412260.8606060605
274.9,-411308.65454545454
283.5,-409397.96969696967
282.6,-408503.8
274.7,-407648.2363636363
284.5,-406868.7151515152
285.6,-405332.4969696969
279.6,-404592.8000000001
280.5,-403112.6303030303
276.5,-402363.296969697
275.7,-400909.8363636364
283.1,-400190.91515151504
283.2,-398760.08484848496
277.1,-397976.1636363636
276.3,-396325.1272727272
260.7,-392956.1030303031
273.6,-392053.6909090909
259.5,-391027.1515151514
258.1,-390337.25
245.8,-387460.2050000001
246.8,-385874.8150000001
239.1,-384333.71000000014
240.0,-382607.4450000001
227.0,-380981.4849999999
229.6,-376810.2400000001
224.6,-375084.8800000001
214.7,-373254.5999999999
199.9,-371507.6150000001
201.9,-369435.8700000001
206.3,-366115.9
201.2,-363240.23000000016
185.8,-360617.6
186.1,-358733.84000000014
193.0,-357060.3800000001
209.2,-353867.7699999999
209.4,-352462.9750000001
216.2,-351224.595
221.1,-349726.3450000001
220.3,-347189.0850000001
211.9,-345594.8050000001
204.8,-344370.905
205.2,-343050.8500000001
200.7,-341973.5850000001
250.1,-340841.56000000006
234.2,-338785.0800000001
239.6,-338033.8900000001
241.9,-337041.43500000006
255.7,-336263.50000000006
270.5,-335566.67000000004
278.6,-334917.81999999995
285.8,-334427.54
278.1,-333757.51000000007
298.6,-333152.30500000005
288.4,-332593.885
289.1,-332399.49500000005
282.4,-332047.55500000005
273.1,-331550.09
272.6,-330848.62000000005
271.7,-330194.11500000005
265.0,-329343.55000000005
275.1,-328103.32500000007
271.9,-327464.29
270.1,-326820.75000000006
266.1,-326136.81000000006
264.0,-325485.835
266.2,-324641.0900000001
260.5,-323873.0
260.3,-323057.4050000001
260.4,-322216.915
257.2,-321433.34500000003
249.2,-319867.44500000007
255.8,-318966.3350000001
233.4,-317879.6600000001
245.2,-316902.59500000003
251.6,-315982.54500000004
272.6,-315199.87000000005
246.8,-314500.72
257.1,-313707.5150000001
256.7,-312886.2100000001
251.6,-312101.85000000003
241.9,-311393.12500000006
239.0,-310643.43000000005
237.8,-309720.025
233.2,-308826.1000000001
226.2,-308060.975
227.8,-307473.73
225.8,-306375.70000000007
244.8,-305513.2650000001
248.6,-304631.11500000005
250.2,-303828.1500000001
240.7,-303149.81000000006
240.2,-302150.92000000004
236.0,-301166.00000000006
239.0,-300134.19000000006
236.1,-299075.61500000005
231.0,-298165.86500000005
224.4,-297426.28
217.1,-296754.61500000005
213.1,-294878.86500000005
212.7,-293414.225
206.7,-292505.29000000004
206.0,-291700.74000000005
207.6,-290868.31000000006
217.1,-289612.87000000005
220.4,-288913.79000000004
234.9,-288234.5
231.0,-286336.42500000005
230.4,-285870.05000000005
231.4,-285493.86
226.4,-284659.9550000001
228.0,-283981.32000000007
231.3,-282484.68000000005
223.7,-280642.89
215.3,-279450.74000000005
211.0,-278608.95
204.5,-277669.0450000001
202.2,-276640.9050000001
193.2,-275493.0000000001
198.4,-274307.7150000001
194.1,-273204.63500000007
193.9,-272214.07500000007
190.4,-271215.8300000001
184.7,-270199.6400000001
198.8,-269086.0350000001
194.2,-267990.47000000003
187.2,-267045.5
188.7,-266307.83
211.7,-265057.0
199.9,-264184.45000000007
228.1,-262633.76000000007
214.6,-260867.0950000001
208.9,-260104.57500000004
205.7,-259343.92000000004
209.6,-258944.24000000005
203.9,-257446.89500000005
204.0,-255958.0650000001
201.9,-255110.58500000005
199.0,-254348.66
195.4,-252637.10500000007
196.7,-251806.68000000005
195.4,-251003.7200000001
213.9,-250182.25500000003
200.2,-249440.57000000004
214.7,-247149.87000000005
219.4,-244920.48500000004
230.4,-244238.81000000008
236.7,-243614.0
249.9,-243107.01000000004
252.3,-242632.335
263.7,-242171.765
280.2,-241188.52
279.0,-240735.46
263.2,-239905.4
259.7,-239383.045
252.8,-238240.365
247.4,-237788.66
245.8,-237437.03500000003
245.6,-237058.26
239.1,-236475.335
243.1,-235955.53000000003
247.4,-235441.655
241.4,-234900.8
252.1,-234476.005
245.2,-234040.855
241.6,-230906.06
233.9,-230241.77
232.4,-229179.66
224.5,-227622.04500000004
233.1,-226816.99
234.5,-226489.415
235.5,-225769.97500000003
215.7,-224899.835
203.3,-224309.82500000004
205.6,-222321.50500000003
208.8,-221179.035
207.1,-220589.57500000004
216.1,-219747.46
214.1,-218985.615
240.5,-217117.605
245.3,-216250.785
251.1,-215744.96
251.7,-215465.635
247.5,-214914.965
242.6,-214356.15
240.3,-213962.34
241.4,-213130.745
251.2,-212208.81
243.4,-211380.35
257.4,-210583.075
239.5,-210128.745
246.9,-209627.835
252.0,-209108.465
247.2,-208882.06500000003
243.9,-208225.17
244.6,-208016.085
242.2,-207495.04
240.5,-207132.255
230.0,-206871.57
237.2,-206324.525
238.1,-206158.775
231.4,-205672.89
229.4,-205290.3
226.3,-204946.85
228.6,-204409.935
232.2,-203994.575
231.9,-203625.755
244.4,-203253.275
247.6,-201892.0
239.1,-200794.5
250.9,-199802.0
242.6,-196988.0
241.2,-196377.45
226.4,-195637.35000000003
220.0,-193849.5
226.5,-193176.50000000003
218.0,-191124.5
220.3,-190014.075
231.4,-189304.5
231.3,-187856.5
210.7,-186487.0
203.4,-184461.0
199.7,-182421.0
198.1,-181308.0
217.7,-180246.0
213.2,-179352.0
207.7,-177923.0
190.1,-175779.5
189.4,-175583.92500000002
190.3,-174903.0
196.0,-173883.35
197.7,-172492.0
197.8,-169989.0
196.6,-167564.40000000002
183.8,-166795.5
186.7,-165964.1
190.1,-164834.00000000003
191.6,-164193.0
196.5,-162384.65000000002
204.3,-161908.0
187.5,-158204.99999999997
185.5,-157766.0
189.0,-156716.0
189.38,-154356.8181818182
196.3,-152939.1272727273
198.78,-151824.6575757576
202.35,-149494.85454545452
202.51,-148644.8848484849
201.78,-147516.14545454548
195.81,-146283.46545454545
193.59,-144158.24363636365
196.02,-142849.59090909088
194.59,-141701.30000000002
196.51,-140410.5618181818
192.75,-137999.96969696967
198.55,-136884.296969697
199.18,-135813.42424242423
203.74,-134615.54545454544
212.43,-132572.2787878788
222.74,-131825.80606060606
224.63,-130981.95757575758
228.0,-130759.87878787878
232.28,-130026.24242424243
241.13,-129372.19999999998
250.84,-128868.36363636365
251.84,-128423.0303030303
260.61,-127705.63636363635
268.44,-127128.03636363636
271.08,-126928.0
285.76,-126516.72727272726
280.72,-126222.66666666669
276.03,-126074.47636363636
276.88,-125553.5496969697
275.78,-125363.8303030303
274.93,-125012.0303030303
273.02,-124749.90909090907
275.15,-124063.70303030303
276.81,-123342.63333333336
275.52,-122867.45454545454
281.54,-122454.51515151517
275.87,-122009.48484848483
274.6,-121680.90909090907
279.16,-121063.95454545454
279.0,-120342.36363636365
278.25,-120150.00181818182
276.61,-119891.9696969697
279.48,-119476.01515151517
276.82,-118592.90909090907
268.73,-118194.12121212122
274.59,-117765.5
267.74,-117292.51515151517
277.72,-116708.26969696968
274.98,-115669.36363636365
274.03,-115235.55454545454
273.63,-114525.57575757576
273.16,-113958.57575757576
276.96,-113496.67272727271
275.07,-112865.39393939394
267.9,-112300.0
260.58,-111728.63636363635
264.75,-111169.2696969697
263.12,-110991.72727272728
256.79,-110686.06060606062
257.93,-109926.80000000002
246.69,-108605.36363636365
244.13,-107889.9696969697
244.44,-107179.41818181818
236.43,-106451.90909090907
240.34,-105024.81818181818
244.83,-104418.25454545456
241.4,-104306.37575757576
257.58,-104039.87272727274
248.78,-103557.14848484848
242.36,-103016.44545454546
238.88,-102381.2290909091
247.76162928794557,-102324.33333333334
240.68407213384208,-101358.74000000002
237.07327561500705,-100814.77666666664
240.0715355271941,-100021.885
244.762424566832,-99375.67500000002
247.872113110669,-98593.17833333334
245.62557787811392,-98126.84966666665
242.98971287919505,-97411.42233333336
243.179887786166,-96633.724
239.85849997327503,-95977.46450000002
242.35406601147716,-95320.891
245.7647295013877,-94524.88033333336
246.19646528867355,-93971.48316666664
242.9141171772084,-93284.11400000002
242.40636016295772,-92618.54833333332
238.2070953273144,-91873.21366666668
235.1600042216258,-91474.7096
232.45568865935812,-90717.81750000002
233.7418402936756,-89999.738
231.12075636405777,-89495.03066666667
231.55865048827812,-88884.015
229.73738145870652,-88367.294
228.87834564758057,-87746.25753333332
227.3783735355835,-87294.71600000001
223.98941409211108,-86751.04959999997
217.8009629500103,-86186.18
223.62974404078184,-85631.18
221.05561058442584,-85077.63600000001
223.3774166240217,-84548.32453333335
228.7630419503089,-83940.6938333333
234.68610329976863,-83417.46933333334
238.42310352799865,-82986.76899999997
243.16072770547603,-82407.43850000002
250.78745315401204,-81990.89999999997
247.1003682352176,-81604.11216666667
246.32246412221588,-81038.26099999998
240.87295493897983,-80576.7192
238.88896579028287,-80118.79049999997
234.13416436720672,-79761.43100000001
230.32953997112173,-79256.94249999998
233.92301778529907,-78771.78550000001
230.6005847869417,-78380.36249999997
234.7426828516585,-77927.75800000002
229.25533496544975,-77460.36299999998
227.2993454606292,-77019.54013333334
224.1427524434798,-76557.94999999998
226.64717080896844,-76130.753
224.91795384960736,-75665.91499999998
231.68344444807624,-75106.4805
238.01317290414423,-74746.73599999998
239.34140543854343,-74297.47216666667
249.9395723649484,-73900.65049999999
249.52367746086176,-73595.13366666668
243.2700059361268,-73117.95149999997
241.2403946279206,-72575.645
231.3339802376306,-72271.48233333335
232.73507960739272,-71800.95566666668
230.89095840633556,-71269.31633333334
232.33476105332247,-70916.04366666666
232.7908655423784,-70540.14999999998
239.45635365708617,-70142.81486666668
237.5634446299485,-69743.65023333335
235.01577011604036,-69329.16903333334
225.17215906542415,-68978.87216666664
220.32661122546068,-68477.26266666668
215.55081317503783,-68102.1648
211.2583877926514,-67642.01713333334
205.42035908699597,-67131.5285
203.42547248921588,-66669.99346666667
200.17043811242027,-66196.18849999999
203.758804582249,-65779.6785
201.14189964947187,-65364.587499999994
207.20522458616009,-65009.710666666666
204.3859977224767,-64489.3055
200.59108353507256,-63987.23266666668
198.17360428453375,-63814.51269999999
208.9757824141881,-63596.44649999999
199.17080568979725,-63096.72066666667
201.6702793802828,-62917.4226
203.6954666984904,-62707.29413333334
199.7280299125443,-62163.77896666667
197.242366435254,-61946.87993333334
197.40343593339367,-61605.79266666668
200.14813320360096,-61010.89566666668
202.7086782342372,-60824.57333333335
202.5567478249938,-60602.00602222222
206.3768851547348,-59950.7233
210.90340290966515,-59604.1108
210.56770709704924,-59284.84403333334
207.954258455404,-59110.877466666665
213.77895408048403,-58867.61723333333
217.25313232793505,-58566.6315
212.87091028761077,-58423.05923333333
216.6606807562948,-58159.88306666667
223.45481611599996,-57783.46935
226.3532918442512,-57430.40500000001
231.2935761342168,-57155.06914999999
223.14855036746204,-56483.31999999999
224.3533976707648,-56267.01230000002
223.71829246142204,-55893.72470000001
217.3763243825505,-55526.26499999999
215.69652704379405,-55260.94264999999
212.4366913146648,-54553.58249999998
207.67411308560085,-54287.12940000001
210.2748744860088,-53959.53739999998
214.7766439566713,-53603.13
208.19350573591464,-53343.45915
216.8579026931373,-53064.48765000002
213.88701388029443,-52744.61249999999
217.95673832028172,-52437.125000000015
220.3743647767866,-52206.60319999998
221.13790909272413,-51856.25204999999
223.261990272584,-51450.45315000001
223.71721395019227,-51158.25250000001
221.1479059817251,-50850.742500000015
220.7236106732058,-50623.676
219.08254103386616,-50434.780900000005
213.81781717736385,-50136.81984999999
215.07712976760632,-49829.530000000006
211.57084710504336,-49481.4466
207.63643592103045,-49079.17010000002
207.40999031146947,-48577.41474999999
206.744026938688,-48270.5469
204.37676012041777,-48056.51000000001
203.8713291389937,-47778.31500000001
204.0580378539165,-47512.65525
200.12004323663527,-47352.98039999999
201.57862918592315,-47037.95264999999
200.97514386943084,-46477.85999999999
206.18208295015896,-46273.18175000001
205.65965094423697,-45993.7511
203.7878948817506,-45760.390000000014
204.2599351400208,-45574.35689999999
207.5966069009341,-45364.97619999998
210.2720270577908,-45136.27499999999
210.83763232817876,-44937.935000000005
214.1828461994789,-44796.4378
216.41663219437743,-44685.902
218.34888238109227,-44358.5475
219.24687294689664,-44231.255
221.7721744693644,-44107.33380000001
222.71746789063323,-43927.10855000001
217.51186974587569,-43746.05500000001
214.5013713408328,-43510.322400000005
213.9182293789752,-43330.38750000001
207.9533487146811,-43192.015
211.4870756888481,-43046.15699999999
210.4383494018988,-42866.0105
212.28537276723185,-42705.53499999998
204.82615482707928,-42540.50250000001
206.22156348649372,-42400.46499999999
201.99679013111552,-42254.44639999999
204.30591912829976,-42145.19614999999
201.68967291161368,-41859.01
203.18091908152516,-41711.15755
204.2219503591491,-41565.82055000001
201.66462398159248,-41400.662500000006
203.1620719019197,-41221.885
204.26047843855287,-41018.0782
206.35415471090323,-40899.867
204.82674347655345,-40678.3001
200.8960917386434,-40365.817500000005
199.89056576724948,-39950.68680000001
201.12434903906265,-39809.2075
205.4900663672548,-39655.9736
204.18539759772148,-39353.5942
201.5320304267976,-39217.90404000001
200.96619797440223,-38957.388600000006
200.46615960740988,-38804.3
201.48445246633037,-38603.43999999997
201.32268604261677,-38535.94648
197.90454896091208,-38358.4
193.690311850125,-38195.3
193.08131430805,-38162.1
192.5956555545,-38092.7
197.55250733926664,-37950.5
193.873098888,-37934.99999999999
193.581354240625,-37807.100000000006
196.6742707386,-37759.2
195.70159247466665,-37671.00000000001
200.402973875925,-37565.4
198.138503631,-37504.4
191.53156337775,-37452.9
204.77737582488,-37429.4
207.868080375675,-37389.8
209.326456305,-37369.9
209.495641888,-37353.2
208.685091262475,-37315.7
207.323585223,-37170.50000000001
204.2829889158,-37103.6
202.3448524395,-37026.8
205.98808959113333,-37005.6
205.650989878,-36924.7
206.085787558,-36862.6
206.543994036,-36773.4
204.455553872625,-36720.8
204.7919056404,-36671.8
208.23327262075,-36623.6
210.07869060075,-36583.2
207.2301825856,-36522.9
210.7947524055,-36462.8
207.99977968,-36409.2
207.411157001,-36334.2
206.5229252229,-36242.4
208.335059710425,-36215.59999999999
214.3603925775,-36138.5
211.213425214,-36050.3
214.2064208262,-35945.0
212.09241359079,-35827.2
212.135905967,-35697.5
214.2958990008333,-35668.600000000006
209.8366778265,-35511.3
212.5055286975,-35481.0
206.586570978,-35388.1
209.65639176,-35352.0
208.25190909,-35346.5
207.34584681975,-35193.2
210.157174784,-35168.600000000006
206.3568576216,-35073.4
203.514345808,-34989.8
202.76033458287495,-34870.2
203.7543230524,-34762.8
203.76951759,-34719.6
205.10239260525,-34641.8
198.9617645275,-34556.3
200.09164615275,-34311.8
201.7797825328,-34223.100000000006
204.123014498,-34136.5
198.799944457875,-33998.3
203.2886587452,-33904.6
200.5019756069,-33751.600000000006
201.81310262977505,-33722.50000000001
201.8276293501,-33617.99999999999
201.88660042935,-33580.7
202.041266727,-33558.5
201.06305549865,-33547.09999999999
200.29875552115,-33495.8
201.35769286432503,-33433.0
203.6185257355,-33409.4
204.46706210535,-33387.0
205.3761847385,-33331.7
203.60050857025,-33215.8
198.7828307793,-33139.6
203.0917776366,-32916.8
202.795646976,-32875.6
197.16130487225,-32760.6
198.89171239745,-32697.800000000003
200.2924224414,-32670.0
199.48892964,-32652.6
199.6474818549,-32606.9
196.201852015,-32384.4
196.266613322,-32362.800000000003
195.7913334535,-32300.800000000003
194.8874767012333,-32240.300000000003
195.93175875275,-32114.200000000004
195.41091567172495,-32041.5
196.47191999325,-32007.0
194.47027317217496,-31975.899999999994
194.46060405395,-31957.499999999993
195.2662323655,-31935.699999999997
195.627148340675,-31891.000000000007
200.03106638475,-31808.100000000006
197.79975641045,-31605.300000000003
197.12526326695,-31541.399999999994
196.89622890765,-31467.5
197.646004846875,-31198.300000000003
196.32609642975,-31059.0
196.70181603277496,-30930.9
199.302319209275,-30863.100000000006
195.93861278715,-30764.1
195.08012700165003,-30727.8
194.4295742917,-30644.6
194.606829741,-30561.1
194.110429478875,-30484.8
195.247244775875,-30411.2
192.46518778166669,-30357.9
196.9080549903,-30200.6
196.4166558834,-30197.5
193.90502757875,-30129.599999999995
193.3257604058,-30076.9
192.507154839675,-29983.9
192.9276430365,-29868.4
193.71283854975,-29842.1
189.946864958,-29574.1
188.4753253155,-29406.4
187.999563507075,-29155.2
190.3322228457,-28825.7
187.1432812245,-28763.0
182.936081584225,-28578.800000000003
184.2981804458,-28450.5
185.9886464213,-28362.7
186.5173876995,-28327.9
188.475316491,-28231.7
188.2467783878,-28151.5
191.5673410079,-28049.0
191.375496743275,-28002.1
190.9669244527,-27887.800000000003
191.28441196185,-27792.8
189.77280474485,-27731.2
189.24251845,-27659.2
189.2132558424,-27460.2
189.82870639425,-27416.1
191.0119519104,-27373.9
192.39141674277,-27299.6
188.0966829643,-27255.3
192.26433856792505,-27200.7
192.8724796734,-27058.9
193.2594032754,-26998.6
192.68758991725,-26952.7
193.8897968002,-26891.9
193.80250764615,-26774.3
192.8154242622,-26676.4
193.1001041801,-26627.4
189.6458701976,-26476.9
189.156744422,-26463.9
192.63389865615,-26419.7
191.5941937651,-26321.6
191.816137593,-26264.1
189.95757968037495,-26147.3
189.286787345625,-26023.2
188.98634898427505,-25977.1
189.27849064935,-25935.0
190.5849616488,-25916.4
187.586392521325,-25870.7
189.304523923175,-25768.6
190.6078690615,-25764.1
192.712370759625,-25737.0
191.46001174245,-25711.3
191.95350057715,-25636.4
191.5337587855875,-25599.7
191.23379793375,-25552.800000000003
191.953133708875,-25491.9
190.0614572262,-25330.1
194.928153007,-25220.2
186.271358966325,-25134.800000000003
187.3935686286,-25092.0
188.0846282088,-25004.9
186.43114764435,-24907.8
185.43660435787496,-24753.7
185.5131813934,-24587.1
186.0128248,-24510.7
183.7673068405,-24365.000000000004
184.5716823558,-24304.5
184.51815170625,-24066.000000000004
186.541161542,-23836.0
183.378918299,-23593.6
182.66041686875,-23401.1
180.69369987575,-23213.6
180.565516782075,-22693.6
186.726894870075,-22319.8
184.6823772,-22127.7
183.12944747075,-21923.8
187.985359152,-21650.5
186.77935625475,-21495.2
193.532820435975,-21408.4
197.67188495835,-21326.7
188.6041093398,-21235.0
190.08050149462505,-21157.3
190.53007546182505,-21063.8
189.397339585125,-21044.0
186.13368892427505,-20883.6
190.0135889095,-20799.300000000003
188.4866056205,-20700.8
185.207494535,-20654.1
184.67921815,-20600.1
187.0216472475,-20397.6
187.2242115241,-20342.2
191.2705275530216,-20280.886
187.38113959770783,-20105.594
190.7825043804128,-19963.629
187.9571766507431,-19840.593
185.22605259203291,-19612.853
187.24278170075527,-19395.184
190.05178294941015,-19262.702
188.40117180397905,-19117.69
190.87078412905063,-19014.428
192.65750201107116,-18878.392
187.76130879373025,-18716.489
193.92595404672443,-18586.804
189.9902249511881,-18457.601
190.47301770392272,-18263.307
193.72302093582547,-18068.696
196.05515178135056,-17933.882
193.60063929670704,-17841.188
191.41876528996983,-17679.493
188.95303905155183,-17618.151
191.51661846127155,-17492.725
191.584282023408,-17332.155
191.0855048576497,-17202.786
192.7099140092297,-17043.816
188.49917580509657,-16916.913
188.43646889385016,-16885.152
192.9746062473733,-16853.635
191.2709926696737,-16797.045
193.90294365325792,-16727.396
188.57060817148655,-16632.943
187.6657005045612,-16569.994
187.0879474951784,-16536.591
187.44688100668245,-16507.829
188.46984987600771,-16472.425
188.2127161368506,-16441.159
188.73157502184156,-16410.352
187.1210722823276,-16374.393
189.03208526365853,-16345.805
188.52153443206024,-16314.682
188.87750852438725,-16282.181
185.64837724764448,-16251.792000000001
189.0114574096496,-16223.163
184.87510819689115,-16189.755000000001
188.59044595252615,-16160.627
188.64072093684447,-16131.597000000002
187.7267726989902,-16100.092
187.78531136917945,-16074.45
188.9556833468375,-16042.042000000001
188.6564989836098,-16015.825
188.54215704394005,-15985.988000000001
191.7237910053392,-15957.158
190.2606131810841,-15930.994999999999
189.51763426245728,-15904.603
191.20739896471937,-15875.432
187.25256339861124,-15847.574
191.7049630706334,-15819.713
190.411456374954,-15793.75
189.5231390515472,-15767.048999999999
191.5189594499656,-15741.214
194.3760035369042,-15715.057
193.21020619774924,-15687.878
195.79039289658348,-15662.004
196.9632882286796,-15636.251
192.6236483930915,-15611.458999999999
192.37047527166976,-15584.589
191.5857343990861,-15560.867999999999
191.4761142959414,-15535.291000000001
193.00049226913703,-15510.991000000002
190.75739808941375,-15484.971000000001
191.8856673685563,-15460.026000000002
193.02021337722056,-15435.298999999999
190.50284337603904,-15410.496
194.651413175494,-15361.873
195.87573909141443,-15337.896
198.29417538469403,-15286.244999999999
198.631089252931,-15213.698
202.1012164231453,-15141.847000000002
204.3247383426767,-15044.774000000001
202.9290476816134,-14978.830999999998
205.18509194320177,-14919.314999999999
205.5254887694144,-14847.544999999998
210.24939480334604,-14783.527999999998
213.15469236971649,-14705.879
208.4614276166706,-14640.011999999999
208.65010901966775,-14603.508999999998
207.9470733853761,-14559.932
213.9380167825644,-14522.034
217.18722610003744,-14508.381000000001
211.7934498012063,-14481.323
212.94888538923,-14460.705999999998
209.50810411665643,-14441.885999999999
211.2133503062316,-14424.888
214.8309479320241,-14404.228
212.4297076897044,-14387.251
214.5978424508933,-14367.429
212.84367513227136,-14346.958
214.2212288682848,-14328.743
218.56382460975144,-14310.727
220.48517092637948,-14290.564
223.2363153157684,-14272.957
227.3244742360862,-14258.708
221.48984625503215,-14237.461
226.1908800011438,-14216.707
224.8625784974834,-14201.209
222.4115117516632,-14164.135
224.242360124708,-14133.0
224.4802221411913,-14083.783
222.39327867419095,-14064.67
224.4079901815647,-14048.978
223.7224506956352,-14045.492
223.7681909549173,-13986.522
223.5107392974745,-13970.254
222.36468715588023,-13894.953
224.8571801594681,-13817.681
222.1576434042996,-13754.787
222.75834505097237,-13699.43
223.5305343345643,-13596.395
223.2710402890986,-13512.934
224.74311624898783,-13460.078
225.38795165189697,-13432.846
228.9165200283857,-13395.237
227.64306095288396,-13370.944
225.77162913978188,-13330.741
228.26585961041695,-13293.443
230.18339813242304,-13268.875
227.84358475209112,-13231.113
228.8057322422929,-13206.516
229.6716065699829,-13183.528
234.47446894840783,-13145.81
228.9948074515769,-13122.534
225.38083520649624,-13084.777
228.3650655244248,-13061.48
227.65098593922204,-13037.256
229.78672581367329,-13026.478
228.890295544307,-13003.662
228.46979297537328,-12979.02
228.3587950722309,-12965.908
228.71528957073207,-12954.212
230.6301423785333,-12942.457
227.85150672131329,-12930.662
232.22123314488175,-12919.177
233.1674385645637,-12907.525
227.87363187172843,-12894.772
228.4041873231957,-12884.75
226.50690563613685,-12872.391
227.5760816830967,-12860.614
228.50250206425628,-12849.135
227.78536212593403,-12837.831
227.3927296719852,-12826.283
224.64412988292017,-12813.412
227.9025821178081,-12808.515
231.47501430697423,-12793.189
234.53668908061692,-12780.883
230.5296191365043,-12768.124
228.1794674192821,-12756.958
228.9069484734525,-12746.689
237.4924390193572,-12736.374
234.33541847308945,-12725.119
233.41678590018037,-12714.087
234.62208303328032,-12702.256
238.11592408247537,-12695.202
240.102021264826,-12679.987
237.970723841254,-12669.389
237.58632963935628,-12656.209
235.30951417343596,-12645.468
237.9659544143376,-12636.185
239.76503812675872,-12625.933
239.85999766133676,-12613.518
241.729807649943,-12602.933
235.8323421305916,-12591.662
243.17377294839463,-12581.297
241.1441164192452,-12570.852
242.05538663336657,-12547.209
238.61345734214723,-12513.583
240.9489026098227,-12493.283
242.6046029893104,-12472.234
242.5463915992586,-12460.597
240.3252352260465,-12424.989
238.39005888170095,-12404.483
242.07891889663432,-12393.156
235.8013722168602,-12358.608
239.03677680876376,-12348.717
240.21229536304708,-12323.024
236.59503531115416,-12287.445
238.3613364190683,-12255.559
239.36064776017065,-12229.551
239.23818680138612,-12206.604
236.39805979670948,-12170.057
232.88000615516705,-12134.472
241.26916500368532,-12110.093
237.8687866200197,-12072.859
235.91958262522573,-12051.788
240.5703386445421,-11990.228
237.9515851667121,-11921.566
239.08435072354877,-11877.204
241.11490412197253,-11808.73
241.59139134507328,-11762.826
238.54747522687632,-11695.346
243.85979844717,-11650.809
235.8255291423037,-11581.749
240.25427358439865,-11536.737
237.82629259075324,-11468.103
236.8602209016533,-11354.149
240.4197733780046,-11316.965
239.4098936541896,-11266.195
236.9100647065016,-11222.67
234.8172845805215,-11178.448
241.5552999030114,-11138.223
237.9090254487845,-11116.591
238.86480110696388,-11093.693
234.67711437690164,-11071.916
239.41877622767905,-11051.057
237.14801820813656,-11030.883
240.7072616624785,-11009.751
238.17670710529904,-10989.228
238.7942418996904,-10967.105
239.43542944264075,-10943.384
241.2383063619222,-10923.977
239.34501708789696,-10902.706
242.14661205332536,-10880.152
242.23335017876877,-10859.27
241.4960201489729,-10835.627
240.0194403921716,-10812.577
247.29878007926465,-10789.914
241.5919394471499,-10769.8
244.24252191664183,-10747.141
242.52904430354567,-10723.897
243.94829999483665,-10703.637
246.94327763185444,-10679.853
248.09151906637945,-10657.644
247.01866418752644,-10636.604
244.27496932125192,-10614.615
249.9226267174943,-10593.717
246.7361603977909,-10571.35
244.42282246806465,-10545.838
246.1791753476704,-10525.39
245.828192028346,-10504.817
247.67023851530325,-10481.925
246.4034368607132,-10459.378
243.00399847303908,-10438.308
244.30941964788175,-10415.281
246.9665079337188,-10393.121
250.7315436936512,-10371.276
248.9240190698803,-10351.036
249.37721064234103,-10330.774
248.95174624217293,-10306.477
249.2318205544177,-10282.921
249.6533400802813,-10261.34
250.96816256782247,-10240.414
251.42428040746907,-10218.481
251.13879991205624,-10196.495
253.01913649818056,-10174.583
255.6570401748525,-10155.248
251.03138662276533,-10129.849
253.0980369479649,-10108.796
248.4071332197136,-10087.316
247.85064164274337,-10065.895
255.3912977602452,-10040.691
253.9931437879996,-10019.551
248.91570205793047,-9998.086
258.57498699245264,-9976.956
255.8965753132392,-9954.912
251.56174454316204,-9933.166
253.6295799831633,-9913.118
254.31017470730887,-9893.327
257.16871076552565,-9870.5
258.53058047537485,-9852.789
258.24947010276907,-9830.723
258.7419682040664,-9809.212
255.89086904448925,-9790.65
256.0430608603061,-9769.717
253.99089690085395,-9751.438
254.6155973344712,-9732.818
247.5528586529488,-9714.542
257.13429330946656,-9697.924
266.2202091929294,-9678.966
261.3035570908851,-9661.307
260.7019637596007,-9642.243
267.0926460402798,-9626.406
262.7402713424808,-9609.612
266.8975316078414,-9593.596
269.5087267559184,-9573.934
267.66344435702626,-9557.225
267.1659882944808,-9540.446
269.09658248435426,-9522.799
268.86948241809176,-9503.064
270.14345909208504,-9485.931
264.4831386910426,-9467.453
268.1638827775123,-9449.861
264.8396344162771,-9433.156
264.8062514925239,-9389.371
264.1,-9366.978787878788
264.4,-9306.56787878788
265.3,-9250.576363636364
265.0,-9235.87090909091
264.8,-9211.063636363637
264.8,-9139.615757575755
267.6,-9004.478787878788
265.1,-8885.743636363635
266.0,-8851.809090909092
266.9,-8730.480000000003
267.5,-8555.551515151516
264.9,-8416.55575757576
265.7,-8349.554545454546
263.4,-8242.954545454544
264.0,-8184.503030303031
264.2,-8042.609575757577
264.4,-7951.037878787878
263.8,-7623.266606060606
263.0,-7605.863939393939
260.9,-7574.439454545454
260.6,-7568.059030303029
265.2,-7486.703454545452
263.8,-7411.11696969697
263.7,-7345.308848484849
262.0,-7193.01284848485
259.3,-7110.173939393941
260.4,-7042.985757575756
260.9,-6961.853878787877
259.0,-6831.282363636365
261.8,-6760.678181818183
260.7,-6596.579090909092
261.3,-6509.6757575757565
258.3,-6401.876727272727
259.3,-6244.798787878788
259.6,-6166.284242424243
260.8,-6025.853939393939
259.2,-5976.3653939393935
259.7,-5910.1816363636335
260.4,-5769.5915151515155
260.1,-5711.3663636363635
258.4,-5547.865393939395
260.7,-5455.323818181818
263.0,-5324.009999999999
262.3,-5238.070303030302
257.6,-5088.269878787879
258.1,-5020.077393939396
262.9,-4930.308666666668
262.1,-4819.652545454545
259.4,-4732.545393939393
261.1,-4622.291575757575
261.2,-4451.244848484847
262.7,-4387.206909090909
263.2,-4351.963333333333
265.5,-4139.807878787879
266.7,-4049.3760606060605
260.7,-3984.0914545454543
265.5,-3902.2596363636358
265.9,-3807.6063636363633
267.6,-3631.297333333333
265.2,-3583.289575757576
265.3,-3407.548545454545
267.6,-3361.1757575757574
269.8,-3268.5661818181834
268.6,-3136.7899393939388
269.3,-3031.5798787878784
270.7,-2971.2018181818185
271.5,-2823.0015151515154
269.8,-2697.4629090909093
269.1,-2642.8192727272726
271.1,-2544.362424242425
271.5,-2392.822424242424
272.8,-2325.076666666667
271.6,-2255.842363636364
271.7,-2158.6667272727273
274.9,-2018.950606060605
275.4,-1906.1663636363642
271.5,-1856.856969696969
273.0,-1743.407696969697
273.4,-1694.462727272728
275.0,-1578.2878787878785
274.0,-1481.1192727272728
273.1,-1333.661575757576
276.3,-1305.7281818181818
274.6,-1106.6042424242419
276.3,-998.8163030303031
274.7,-954.5469090909087
275.3,-851.7606666666657
278.9,-758.4754545454548
273.9,-678.0157575757571
277.9,-576.1249696969699
277.6,-464.3166666666666
276.7,-315.5493333333334
276.7,-284.23527272727233
276.9,-143.35909090909172
278.0,-49.70909090909004
276.7,1.0
277.9,30.0
277.4,56.0
277.5,104.0
278.1,136.0
278.0719954240161,153.5307600000001
277.55589209790946,174.53361999999993
280.2490871903012,240.6014
278.31439989271746,266.09531000000015
280.2444922059889,274.44391999999993
280.9089598541969,295.60456999999997
281.692138914424,317.5457899999999
277.79537780888165,357.33356000000003
277.24691789826335,384.22687999999994
279.12520908544417,406.36455
279.9999146746923,436.9383399999999
277.1056915049757,488.13194
276.789519068584,517.9561100000001
276.5590465243607,551.6216199999999
278.4608975547629,557.4683299999999
276.19603745957005,582.40769
277.86971612986054,614.5245599999998
279.58805021854124,636.9992299999999
278.45496800258206,669.1763599999999
277.098940914164,701.24993
279.9902637416671,730.4335000000001
279.29371083930937,762.29546
279.72469920818,793.1049599999999
278.62300321449914,822.3277800000001
279.42044060983585,875.4102
280.10552589040225,914.12816
277.4071684030988,957.65264
278.7402401551619,982.65417
279.7987034131486,1017.57791
280.06452973881244,1019.27216
280.9161701585891,1040.07917
280.9667443357615,1049.17706
282.8444160166049,1070.2027
283.0944582572788,1099.4098
282.8416314024614,1115.6089
284.510584449478,1146.2869
283.9659747066713,1165.9816
284.54004420226613,1199.8114
283.68828915610504,1210.955
282.41311047504325,1251.2694
282.199286054067,1259.5071
278.4312489162189,1278.1968
281.5784089788515,1307.4472
284.0676432722511,1330.12
278.3621212274177,1348.8499
280.9115788303861,1390.3321
279.6965499485699,1410.8606
279.7256958832981,1428.8044
282.22658040584827,1449.1638
280.3125047226672,1469.3968
283.1247803916497,1501.5286
283.94789036843633,1529.6757
283.5296825674026,1549.6475
281.82904146165555,1559.8629
282.5698274885973,1573.0129
281.10892823134105,1588.1767
279.3568610690018,1590.9906
275.066577843599,1603.4186
271.1090304670288,1609.4608
273.7807623120456,1628.5993
276.6872122505445,1639.8145
278.0152295252318,1649.0969
276.6596678045921,1681.8943
276.3246167739362,1689.7414
277.35805088594464,1694.0664
278.27011023020174,1722.8644
277.01330979867544,1723.0074
278.3109424912346,1733.872
276.8090000432731,1741.2572
277.6000738939942,1749.1199
276.4573287163011,1751.9316
278.00200109884094,1752.1294
277.15568662096365,1762.8782
276.3961020284933,1763.6968
277.8559524780317,1773.4555
280.2362981843688,1779.4891
273.07371696468044,1780.2999
281.6171179507893,1794.0965
282.3047106620081,1795.9435
280.4044366600032,1796.4715
282.7995518984052,1799.3364
284.43128758236145,1813.6597
281.3603652847592,1824.745
285.90893992625405,1826.9223
285.0861666968484,1832.87377618
283.82039231033946,1833.1772
284.151983964357,1836.7002
283.6545457229947,1840.82815717
281.58148260537183,1843.29321289
283.5311237194569,1844.46111002
283.1828720355646,1844.65465393
283.6198856894272,1845.90489061
286.839237474432,1847.3218
284.00163402345765,1850.2623816
288.7903954001126,1850.827
285.4658308627274,1851.10564731
288.05443747992655,1853.70827504
285.56557722684016,1854.71838118
283.16210074754474,1856.62032773
286.6330756116753,1858.84404142
287.17456217295097,1861.83448069
285.3533187571561,1862.97855574
286.654158160582,1864.12838177
285.05229227816864,1866.74388795
287.9922513016967,1867.7304
289.53614491302415,1868.41491309
287.9864944292303,1869.65612172
286.32578146070443,1870.0446858
286.6550967370638,1872.82637783
291.5581974658393,1873.73798032
289.3281310647417,1876.90521677
287.7707291897673,1879.95058398
292.46393479402104,1882.92235372
289.7624132149648,1883.79147243
289.2265988139854,1884.1799
288.1157636999787,1885.60012903
294.34178746728605,1887.39446673
292.3423879392772,1889.00748053
290.9175394046256,1889.86894219
295.17192926023625,1892.39051854
294.8594308441452,1892.87839551
295.3164626735822,1893.0603
293.16654166689625,1893.65882106
293.80883068272027,1893.75632496
295.2814574829282,1898.65716031
297.0473645165553,1898.9424049899999
294.2207216000332,1900.17835076
295.6106368299745,1901.70187471
295.9913578166476,1903.90652534
299.0235966178361,1905.35080414
297.32821856127947,1905.54356331
299.62686294971274,1905.7742
301.5041354046444,1908.52390789
297.86910679162327,1909.76476931
298.10624698316605,1910.71585085
297.7268153632511,1911.09538844
299.25727749401767,1911.28501404
301.29772622272134,1912.51514031
300.7000886560916,1914.39299596
301.9151507114715,1915.78603087
303.85222132002366,1917.87458812
304.61320734820134,1918.6683988
301.8758603769565,1919.7077812
303.1815383191544,1922.50504221
306.1986242999216,1922.83688341
304.7159146968185,1924.74838102
304.96915678718324,1925.31304291
308.01874186181465,1927.79645963
305.66786848134046,1928.1568
305.7053721667773,1928.53930677
305.78294147245686,1928.7436
305.3808267142061,1929.38632573
305.7409186942765,1930.82969384
308.25556223436706,1932.2936042
308.27919921307927,1932.53729929
305.94402817135216,1932.78092443
307.0755443187391,1933.59304922
309.6306260790445,1933.8764246
306.3197983876916,1935.05630111
307.25859856593024,1935.70945667
309.3446868650601,1935.87335809
307.4076931745866,1936.8632143
312.3293254879136,1937.76669305
311.52050972739016,1937.86788013
311.94102882822733,1938.12985249
308.47982780846024,1938.1616
310.4566675193962,1938.96772264
311.21179432912515,1939.22248508
310.9510867188181,1939.59182732
309.80091502114107,1939.969
307.7386635857962,1940.75400876
311.80226771747726,1940.83941537
312.393938618938,1941.77969825
312.8437329659678,1942.03541285
311.878053578341,1942.20734108
312.36164019507424,1943.57364794
310.224309572614,1944.50904266
311.2775834649954,1944.76432292
310.440204448011,1944.96280981
311.8114965345337,1945.38738873
311.9671347125998,1945.55722017
312.5596867804179,1945.61583916
312.8663621464335,1946.62686004
310.36290017732523,1946.66339683
311.57094999761165,1947.7064869
309.6939936066409,1948.77405468
313.6602846482332,1949.66847174
312.0017776102837,1950.2509
312.1844627182946,1952.38391817
312.22274083278216,1953.55856136
312.8003637775662,1953.71393737
313.1710570119369,1953.79154436
314.7139613439055,1954.79596465
315.342073915026,1956.1572
314.4370577968855,1957.1037471
316.3253801823537,1957.20337364
315.2703546298443,1957.25753884
314.57216625352925,1957.87242429
316.1014028920352,1958.10278585
316.3340200101121,1958.56297112
311.98389241638387,1959.09269585
313.0933880516286,1960.3140448
318.20658038167187,1960.56866172
316.59261011941027,1961.7159
317.5216280215933,1962.3219164
319.1381732232432,1962.39534109
317.4481354802273,1962.54209154
318.61106261456985,1962.61527986
319.06606441856763,1963.20001828
319.12347301713646,1963.56449559
319.8929363220089,1965.22634923
319.1950596158425,1965.29787811
320.98156635342656,1965.86601157
322.1747797142201,1966.54523533
320.4923553617883,1966.78904408
320.38065078205506,1968.53874856
324.08551736938495,1968.81386949
325.07717594979096,1968.98437083
324.70605757685405,1969.42321802
324.5570616692709,1970.22168348
324.9059936630005,1970.63715024
326.6491948420144,1970.65630201
326.3093257445175,1970.87268198
330.3504422217994,1972.04101781
328.4158880123276,1972.08833438
331.54980566810485,1974.13341332
332.3656863259178,1975.57092123
332.3689555204767,1976.67036968
335.5469534579232,1976.79675037
334.84855553252345,1979.14258988
339.4604885213476,1983.02591866
341.3292967441024,1983.07684987
342.0519764062061,1984.91675295
343.1107520502481,1985.76218002
343.9736767615952,1986.14322834
344.71776861346984,1986.6160162
345.44120600376243,1987.2085916
347.59740561133145,1988.06951193
349.27841464963046,1988.96633494
349.8002703595191,1989.40796781
350.8086522409729,1989.97139973
352.41630841973364,1991.13481671
353.72423581425323,1992.31351706
353.94668533391206,1993.08
357.10673969933646,1994.40564212
359.6477931830841,1996.27927213
361.78073658846415,1998.0
368.02248790241714,2001.03
373.45,2002
375.98,2003
377.7,2004
379.98,2005
382.09,2006
384.02,2007
385.83,2008
387.64,2009
390.1,2010
391.85,2011
394.06,2012
396.74,2013
398.81,2014
401.01,2015
404.41,2016
406.76,2017
408.72,2018
411.65,2019
414.21,2020
416.41,2021
418.53,2022
