EDC3b√©ta,temp
-50.0,218.3
-43.55977,218.3
-37.44019,218.3
-31.64156,218.3
-24.55278,218.3
-17.78422,218.3
-11.01305,218.3
-3.2703,218.3
5.447842,218.3
13.52999,218.3
22.27284,218.3
30.70987,218.3
38.51757,218.3
47.00211,219.2
55.20552,220.4
64.43646,217.7
73.05573,217.0
81.72349,217.4
90.43857,217.4
99.70485,216.9
109.8195,218.2
119.2176,216.8
129.3916,216.3
139.9534,217.8
150.1377,217.0
160.6797,218.4
171.2088,217.7
181.7194,216.7
191.8325,216.2
202.293,217.9
212.5394,215.0
223.471,217.8
233.9967,218.2
244.8395,218.1
255.6953,217.4
266.864,217.3
277.9812,216.0
289.4143,217.1
301.1585,217.6
312.545,216.2
323.9099,217.0
335.5896,216.8
346.8579,217.4
358.6178,216.7
370.9679,216.5
382.9111,215.9
395.2021,216.9
407.2843,217.3
418.6733,217.6
430.4257,215.7
442.5554,217.6
454.3007,217.5
466.2551,216.8
478.2794,216.6
490.3924,217.8
503.0865,215.0
516.0368,216.5
529.475,217.0
542.6268,218.7
555.8396,218.1
568.3494,216.6
580.9313,218.8
593.5725,216.5
606.2219,216.6
619.1082,218.9
631.65,218.4
644.5452,217.7
657.9103,216.4
672.1189,216.8
686.6481,216.8
700.6882,216.9
715.2436,216.4
729.5808,216.0
744.6373,216.5
759.2383,217.3
772.3893,217.2
785.8553,217.7
798.9567,217.4
812.1401,218.0
824.3588,218.3
836.5675,218.6
848.7663,218.9
861.5453,216.4
875.4421,218.0
889.3285,216.0
903.5693,218.3
917.8998,216.4
932.2836,216.7
947.0249,216.9
960.9822,216.7
975.4282,217.8
989.8635,217.0
1004.288,217.0
1018.508,216.5
1032.268,217.6
1046.723,218.4
1060.862,217.8
1075.176,216.7
1089.481,216.6
1104.135,218.1
1118.228,216.9
1132.48,219.0
1146.385,216.5
1160.21,217.1
1173.811,218.3
1187.738,218.4
1201.327,218.3
1215.092,216.9
1229.273,218.0
1243.449,217.8
1258.053,217.7
1272.603,217.3
1287.152,217.1
1302.045,218.6
1315.817,217.6
1330.151,218.3
1344.162,217.3
1357.836,219.0
1371.821,218.3
1385.811,217.3
1399.806,217.4
1415.617,216.9
1431.53,216.7
1447.451,217.0
1462.64,218.5
1478.122,216.5
1493.617,217.1
1509.198,216.9
1524.834,217.2
1540.486,218.3
1556.402,216.5
1571.892,217.5
1587.755,217.7
1603.929,216.3
1620.539,216.6
1637.175,218.2
1653.893,216.2
1669.896,217.8
1685.574,217.8
1701.843,216.6
1719.291,216.9
1736.397,217.3
1753.243,217.5
1769.379,218.0
1785.877,216.0
1802.735,217.7
1820.513,216.4
1837.917,216.4
1854.906,217.8
1871.526,216.4
1888.512,219.2
1905.122,217.4
1921.089,217.4
1936.711,217.0
1953.737,217.6
1970.831,217.1
1987.929,216.7
2005.404,216.4
2023.194,217.4
2041.366,216.5
2058.349,219.1
2075.403,216.7
2092.459,216.7
2109.946,217.9
2127.17,216.8
2144.764,217.1
2162.928,216.4
2181.506,217.0
2199.454,217.0
2216.423,217.6
2233.749,218.3
2250.719,217.7
2268.024,217.1
2285.687,217.6
2304.155,215.4
2324.155,216.0
2344.158,216.8
2363.171,216.6
2381.69,216.5
2400.787,215.5
2420.419,216.7
2440.054,217.4
2459.158,216.8
2477.49,216.8
2496.178,217.6
2513.759,217.0
2530.991,218.4
2548.615,217.3
2566.453,218.0
2584.294,216.7
2601.936,217.8
2619.218,218.3
2636.503,217.5
2654.309,217.3
2673.049,216.9
2691.426,217.3
2709.281,216.6
2727.333,218.7
2745.035,218.4
2761.538,218.3
2777.985,218.4
2794.765,217.5
2811.569,218.8
2828.377,218.6
2845.188,218.6
2863.372,217.5
2880.88,216.8
2898.493,216.5
2916.62,218.0
2935.475,217.8
2954.216,217.1
2973.25,216.6
2992.287,217.5
3010.929,217.0
3029.481,217.6
3047.953,217.6
3065.873,217.4
3083.797,218.1
3101.805,218.4
3119.333,218.7
3136.864,216.0
3156.241,216.6
3177.139,216.2
3198.229,218.1
3217.67,216.7
3237.115,215.7
3257.018,217.9
3276.601,216.7
3296.536,216.4
3315.728,218.2
3335.292,216.8
3355.269,216.0
3375.293,217.5
3395.691,217.2
3415.309,217.0
3434.932,217.3
3454.226,217.5
3472.768,217.9
3491.67,216.4
3510.318,218.8
3528.914,217.6
3547.602,217.2
3566.928,217.6
3586.616,216.8
3605.297,218.4
3623.431,218.3
3641.569,217.7
3659.503,218.1
3677.719,218.5
3695.606,216.5
3713.807,218.9
3732.356,218.8
3750.828,215.9
3770.297,218.6
3789.41,217.6
3808.621,217.8
3828.24,216.8
3847.506,216.6
3867.16,218.2
3886.813,217.4
3906.291,217.0
3926.29,217.3
3946.279,217.1
3965.551,217.9
3985.184,216.9
4004.712,216.9
4023.769,218.3
4043.189,218.3
4062.473,216.4
4081.742,218.4
4100.982,218.3
4119.779,216.9
4138.935,217.1
4158.16,217.6
4177.41,218.0
4196.69,216.0
4216.299,218.2
4235.912,218.8
4254.808,217.3
4273.049,218.9
4291.295,217.0
4311.389,216.5
4331.952,217.5
4352.055,217.8
4371.293,217.6
4390.536,217.2
4410.467,216.6
4430.602,217.9
4450.283,218.9
4468.793,217.1
4487.643,218.3
4506.99,216.8
4526.883,217.1
4546.795,216.7
4566.824,217.6
4586.851,217.7
4606.959,217.8
4626.514,217.0
4646.086,217.5
4665.821,217.4
4685.918,217.2
4705.503,218.5
4724.971,216.8
4744.443,216.3
4765.613,217.3
4786.405,217.2
4807.201,216.4
4828.386,217.2
4848.799,218.2
4867.695,217.8
4886.938,217.4
4906.053,217.5
4925.329,217.9
4944.966,218.5
4964.337,217.1
4983.706,216.9
5003.803,217.2
5023.971,217.3
5044.142,217.9
5064.538,216.6
5084.561,217.3
5104.659,217.4
5124.103,217.8
5143.911,218.1
5162.511,218.2
5181.065,217.8
5200.425,217.1
5220.527,217.4
5241.007,216.2
5261.212,217.3
5281.809,218.3
5301.296,217.4
5320.341,218.3
5339.041,217.3
5358.3,217.6
5377.271,218.1
5397.244,215.5
5419.297,216.5
5441.759,216.3
5462.486,217.5
5483.554,216.3
5505.312,215.4
5528.154,216.8
5548.994,217.6
5567.914,218.8
5586.492,217.3
5606.294,217.7
5625.928,216.9
5645.956,217.5
5665.678,217.4
5685.76,216.6
5705.844,218.2
5725.564,216.8
5745.263,219.0
5764.035,216.9
5783.149,218.5
5801.663,218.6
5820.458,216.6
5839.274,217.9
5857.825,218.2
5876.713,217.9
5896.115,217.1
5916.514,216.7
5936.72,216.9
5958.378,216.1
5980.031,217.1
5999.476,218.1
6018.945,217.6
6038.733,217.2
6058.818,216.8
6079.269,217.7
6098.723,218.1
6118.461,216.1
6138.343,218.4
6158.061,216.7
6178.139,217.1
6198.542,216.9
6218.59,217.7
6239.261,217.0
6259.763,216.4
6280.476,217.9
6300.342,217.4
6319.849,216.3
6341.096,216.1
6362.943,217.3
6384.196,216.3
6405.572,216.9
6426.706,217.2
6445.656,218.4
6464.951,217.5
6485.799,215.9
6507.348,216.3
6528.572,218.5
6548.256,217.2
6567.575,216.4
6589.1,216.9
6610.998,215.4
6632.398,217.4
6654.114,216.2
6675.613,215.7
6696.223,218.3
6717.217,217.9
6737.232,217.4
6756.85,216.2
6777.976,216.4
6800.074,216.5
6821.476,216.6
6842.567,217.1
6863.65,218.4
6882.303,217.4
6900.514,218.7
6919.705,217.0
6940.131,216.9
6960.178,216.5
6981.003,217.2
7001.862,217.4
7022.629,216.3
7043.986,216.7
7065.288,217.0
7086.444,216.6
7107.219,216.5
7128.452,217.3
7149.687,215.8
7172.653,214.7
7197.088,216.4
7219.957,216.8
7241.901,215.9
7263.706,216.1
7286.294,216.3
7308.123,217.3
7327.17,218.6
7346.564,216.9
7368.109,215.6
7390.416,216.7
7412.495,215.9
7435.148,216.0
7457.3,217.5
7478.614,216.2
7499.581,215.9
7521.442,216.8
7543.294,217.7
7563.298,216.8
7582.571,218.4
7602.029,217.0
7621.172,218.6
7640.308,216.6
7661.42,216.0
7683.428,216.9
7704.087,217.3
7723.785,218.2
7743.395,215.9
7765.226,216.6
7787.057,218.5
7806.7,218.2
7825.636,215.7
7846.01,216.7
7868.053,216.3
7889.915,216.3
7910.917,217.4
7931.912,218.0
7951.993,217.2
7971.929,216.7
7992.713,216.5
8014.495,216.3
8036.476,216.5
8059.149,215.6
8081.878,216.9
8105.279,214.7
8128.643,216.6
8149.741,217.1
8170.839,216.4
8193.481,215.7
8216.665,215.2
8240.224,215.5
8263.984,216.5
8286.65,216.1
8308.546,217.0
8330.382,216.4
8352.133,216.3
8373.885,216.5
8395.654,216.5
8417.416,215.4
8440.775,216.1
8464.215,215.9
8486.604,216.4
8508.848,217.0
8529.921,217.1
8550.515,216.9
8571.916,215.0
8594.592,217.1
8616.572,218.2
8636.364,217.0
8656.156,216.3
8676.666,217.8
8697.32,216.6
8718.178,216.7
8739.234,217.1
8760.521,216.2
8782.645,216.3
8804.723,217.0
8825.771,216.5
8846.82,217.4
8868.483,215.8
8890.352,216.2
8911.578,216.9
8932.276,217.6
8952.951,216.9
8973.557,217.0
8994.151,217.0
9014.738,216.7
9035.325,217.9
9055.576,217.7
9075.583,216.3
9095.704,217.2
9116.334,216.9
9136.964,217.2
9157.478,216.7
9177.966,217.4
9198.86,217.4
9220.104,215.3
9241.38,215.9
9262.73,217.8
9283.995,216.4
9303.779,218.0
9323.562,218.4
9343.245,217.3
9362.87,216.9
9382.67,216.3
9403.109,217.8
9423.548,217.6
9443.281,217.4
9462.91,217.3
9482.432,217.7
9501.828,217.5
9521.216,218.1
9539.378,218.2
9557.529,218.4
9576.697,217.4
9597.31,215.9
9617.873,217.6
9638.001,216.8
9658.117,217.9
9677.29,217.1
9696.102,218.7
9715.084,217.8
9734.715,216.7
9754.333,217.8
9772.984,217.5
9791.381,219.0
9809.781,217.9
9828.199,217.9
9846.604,218.4
9864.468,217.8
9882.042,219.3
9899.614,218.5
9919.782,215.5
9939.991,217.8
9959.943,217.7
9979.749,216.4
9999.3,218.6
10018.16,217.3
10037.01,218.1
10056.38,217.3
10075.91,217.0
10095.23,218.3
10114.15,217.6
10133.06,217.2
10151.77,218.2
10170.45,218.3
10189.08,217.8
10207.63,218.3
10226.17,216.8
10244.61,218.0
10263.03,219.4
10281.36,218.4
10299.41,217.9
10317.44,217.5
10335.81,218.4
10354.35,217.8
10373.17,216.9
10393.66,216.6
10414.13,218.6
10432.72,217.9
10450.89,217.8
10469.49,218.1
10489.25,216.2
10508.99,218.3
10528.44,216.7
10547.85,217.5
10567.66,217.3
10587.91,216.5
10607.69,218.3
10625.24,218.5
10642.79,219.2
10660.25,218.4
10677.63,218.0
10695.0,220.1
10712.87,216.8
10730.86,217.9
10749.26,217.5
10768.78,217.1
10788.29,217.4
10807.53,217.5
10826.74,217.8
10845.53,218.9
10863.82,217.3
10882.1,217.2
10902.03,217.0
10922.1,217.0
10941.96,217.1
10961.68,217.7
10981.06,217.8
10999.35,218.3
11017.64,217.5
11037.14,216.7
11057.12,217.3
11076.54,217.7
11094.99,218.4
11113.43,217.1
11133.8,216.3
11154.43,217.4
11173.84,218.0
11192.46,217.8
11211.04,218.4
11229.33,218.0
11247.62,216.6
11266.98,217.0
11286.99,217.6
11307.21,216.7
11327.94,216.5
11348.46,217.2
11366.75,218.5
11385.03,218.6
11403.05,218.3
11420.86,217.8
11438.66,216.0
11458.97,217.5
11479.32,217.8
11497.97,217.2
11515.88,219.4
11533.87,219.2
11552.26,216.4
11570.64,217.4
11590.17,216.5
11610.21,217.4
11629.47,217.8
11647.41,218.6
11665.35,218.3
11682.49,218.9
11699.46,218.4
11716.89,217.4
11736.43,216.8
11755.96,217.2
11775.73,217.0
11795.52,217.0
11814.94,218.0
11834.0,217.1
11853.0,218.2
11871.56,217.1
11890.1,218.2
11908.9,216.9
11927.82,217.7
11946.65,217.3
11965.2,218.3
11983.74,216.9
12004.76,215.7
12026.32,216.3
12047.92,216.1
12069.53,216.3
12091.15,216.1
12112.76,216.4
12134.95,215.4
12157.84,215.6
12180.18,216.5
12201.78,216.2
12223.64,216.3
12246.06,215.2
12268.74,215.6
12292.12,215.3
12316.33,213.8
12342.4,215.2
12367.59,215.3
12391.95,214.4
12415.97,215.6
12439.79,216.1
12463.55,214.6
12487.29,216.0
12511.99,214.0
12536.99,213.8
12563.36,214.8
12589.96,213.3
12617.15,215.1
12643.06,215.5
12667.44,214.2
12693.26,214.1
12720.11,214.4
12748.27,212.8
12776.93,213.4
12806.51,213.1
12835.74,213.6
12864.74,213.1
12893.23,214.4
12921.18,213.9
12948.35,214.1
12976.72,213.0
13005.67,212.7
13035.36,214.2
13064.09,213.5
13091.92,214.7
13118.71,213.9
13145.6,213.5
13174.67,213.2
13203.45,213.7
13231.96,214.4
13258.74,214.2
13285.52,213.7
13314.27,213.1
13343.15,213.6
13372.14,214.0
13398.8,214.8
13425.26,214.4
13452.33,213.7
13479.07,214.7
13505.31,214.7
13531.74,214.2
13558.31,214.0
13586.92,213.0
13615.99,213.2
13645.57,213.8
13674.7,213.4
13703.44,214.3
13728.88,215.6
13754.68,213.9
13781.72,214.4
13809.46,213.5
13837.9,213.3
13867.48,213.3
13897.16,213.3
13926.49,214.1
13955.25,213.6
13983.71,213.9
14010.23,215.3
14037.02,213.3
14064.75,215.2
14092.36,213.7
14119.86,213.7
14148.01,214.1
14175.93,214.9
14201.13,215.5
14226.09,215.7
14250.33,215.1
14275.41,214.4
14302.23,214.3
14329.59,213.9
14357.42,215.1
14382.58,215.6
14407.18,215.4
14432.36,214.9
14457.61,214.2
14481.38,217.4
14505.15,216.4
14527.75,216.2
14550.38,215.7
14574.16,215.9
14598.07,215.4
14622.47,215.9
14646.96,213.1
14676.0,214.6
14704.38,215.7
14730.19,214.2
14756.86,214.2
14784.63,214.9
14812.63,213.8
14840.77,214.2
14870.37,213.0
14900.26,213.5
14930.62,214.2
14960.48,213.4
14990.06,214.0
15018.36,214.8
15046.54,214.4
15074.44,214.1
15102.19,214.8
15129.83,214.4
15158.07,214.2
15186.5,212.9
15215.44,216.1
15244.15,213.9
15272.49,213.3
15302.84,213.3
15333.82,214.4
15362.43,214.3
15391.33,213.9
15420.67,214.1
15450.4,213.7
15480.43,213.3
15512.55,212.7
15545.07,213.0
15577.98,212.8
15611.07,212.9
15644.29,212.7
15677.61,212.8
15710.08,213.7
15742.04,213.3
15773.44,213.1
15806.53,212.5
15839.68,213.3
15872.64,212.1
15906.34,213.7
15939.49,213.1
15971.69,213.2
16004.4,212.9
16037.26,213.2
16070.16,212.9
16103.8,212.7
16138.01,212.3
16172.96,213.1
16207.54,211.8
16242.43,212.6
16277.79,212.5
16313.09,212.0
16349.64,211.6
16387.08,211.7
16424.58,212.6
16459.91,212.4
16495.13,212.4
16530.58,212.3
16567.49,211.1
16605.38,212.1
16642.97,212.4
16678.96,211.7
16716.73,211.7
16754.66,211.8
16792.74,211.6
16831.21,210.4
16873.32,211.5
16913.68,211.1
16953.46,211.4
16993.2,211.7
17032.33,209.7
17076.79,211.1
17119.2,210.3
17161.89,210.4
17205.5,210.3
17249.87,209.5
17295.87,210.8
17338.46,210.7
17381.22,210.1
17424.3,211.1
17467.55,209.9
17510.53,211.1
17554.0,209.1
17601.29,210.0
17647.04,210.1
17692.32,209.4
17739.56,210.1
17785.68,209.4
17833.5,209.0
17883.11,209.0
17933.08,209.0
17983.29,208.8
18032.2,210.4
18079.06,209.6
18126.67,208.8
18176.12,209.6
18224.53,209.7
18272.6,209.0
18322.73,208.7
18374.23,208.9
18425.09,209.3
18474.59,209.3
18523.66,209.6
18571.87,209.3
18620.91,209.1
18671.15,209.1
18721.36,209.2
18771.38,209.0
18822.08,209.1
18872.55,208.2
18927.18,209.8
18974.5,209.3
19023.72,210.0
19071.69,208.6
19123.08,209.3
19173.54,208.9
19224.53,209.2
19274.81,209.5
19324.6,208.8
19375.06,209.7
19425.37,208.4
19477.28,209.2
19527.59,210.1
19577.27,208.1
19630.14,208.6
19682.4,210.0
19731.97,209.0
19782.12,209.2
19831.18,210.7
19878.93,209.0
19927.88,209.6
19978.42,208.6
20030.29,209.4
20081.68,208.8
20133.78,208.9
20186.7,208.3
20240.29,209.1
20293.16,208.3
20347.11,208.6
20400.13,209.6
20450.41,209.7
20499.04,210.0
20547.7,209.0
20599.62,208.1
20654.81,208.7
20708.48,209.1
20760.07,209.5
20810.76,209.1
20861.58,209.8
20911.56,208.7
20963.82,209.3
21015.33,209.0
21067.57,208.8
21120.63,208.8
21174.34,208.3
21228.45,209.6
21279.14,209.7
21328.79,209.2
21380.06,209.0
21432.43,208.9
21485.53,208.9
21538.3,209.5
21589.17,209.2
21640.87,209.1
21692.99,209.0
21745.4,209.1
21797.84,208.4
21852.85,209.3
21905.04,209.0
21957.29,209.8
22007.0,209.5
22057.73,208.5
22112.96,208.5
22168.0,209.3
22219.58,209.9
22268.46,210.6
22315.23,208.4
22370.11,208.8
22424.06,209.6
22474.54,208.9
22528.09,208.4
22584.03,208.9
22637.38,209.5
22687.95,209.8
22737.29,210.0
22786.38,209.1
22838.3,209.4
22890.31,208.9
22943.51,209.1
22996.85,208.7
23051.48,208.5
23106.9,208.8
23160.82,209.7
23211.74,208.5
23267.09,208.6
23322.37,210.1
23370.9,209.4
23422.32,209.1
23474.73,209.8
23525.28,209.3
23577.54,208.6
23631.87,209.5
23684.28,208.5
23739.11,209.1
23792.44,208.9
23846.27,209.1
23899.51,208.8
23953.99,209.0
24007.74,209.4
24059.27,210.1
24108.39,209.7
24158.06,210.3
24207.11,209.5
24257.7,209.3
24309.14,209.7
24361.53,208.2
24416.28,209.1
24469.82,209.5
24521.67,209.2
24573.24,209.8
24624.01,209.6
24674.71,209.5
24725.54,209.9
24776.05,209.6
24827.18,209.2
24879.57,209.1
24933.76,208.1
24990.36,208.6
25046.53,208.9
25101.2,209.0
25156.38,207.9
25213.75,208.8
25269.07,209.1
25322.35,209.4
25374.23,209.5
25426.39,208.7
25480.47,209.2
25534.4,208.4
25590.59,208.4
25647.04,210.5
25694.95,209.5
25746.37,208.6
25801.77,208.3
25859.16,208.4
25915.9,208.5
25972.1,208.6
26027.78,208.9
26082.39,208.6
26137.34,209.1
26191.61,208.6
26246.9,208.5
26302.84,208.7
26357.99,209.1
26411.77,209.1
26465.99,208.3
26522.86,208.0
26581.49,208.2
26639.38,208.9
26694.14,208.6
26749.79,208.6
26805.4,208.8
26860.13,208.9
26914.15,209.2
26967.71,208.3
27024.55,208.4
27080.78,208.9
27136.39,208.0
27192.38,209.5
27246.1,208.9
27300.43,208.3
27355.73,209.5
27409.45,208.6
27464.21,208.5
27519.57,209.3
27573.59,208.1
27630.88,208.5
27687.13,209.4
27738.95,208.5
27794.73,209.1
27847.86,208.9
27902.21,208.5
27958.39,208.3
28015.52,208.3
28071.32,209.4
28124.51,209.0
28177.9,208.7
28232.96,208.3
28288.81,208.9
28343.76,208.7
28398.46,208.8
28453.35,208.5
28508.58,209.2
28560.96,209.7
28610.96,210.2
28659.43,209.6
28707.29,211.5
28753.49,209.2
28802.66,209.4
28853.61,209.8
28905.52,207.9
28960.6,209.3
29012.3,210.6
29059.07,210.7
29105.24,209.8
29153.47,209.5
29204.08,209.0
29254.96,210.1
29304.43,209.6
29354.92,208.6
29409.14,208.2
29464.33,209.3
29517.21,209.0
29570.09,208.5
29624.32,209.0
29676.76,209.7
29726.57,209.5
29775.6,210.2
29822.45,210.6
29868.77,209.7
29916.42,209.8
29964.86,209.8
30013.43,209.6
30063.33,209.0
30114.65,209.3
30165.61,209.5
30216.07,209.2
30266.02,210.1
30314.85,209.6
30363.06,210.1
30411.11,209.7
30458.95,210.2
30506.05,210.3
30552.36,210.2
30598.31,211.0
30642.05,209.8
30690.21,210.9
30734.07,210.5
30780.35,209.0
30831.27,209.5
30881.12,210.0
30928.98,210.1
30976.38,210.0
31023.83,210.1
31070.55,210.6
31116.73,210.1
31164.15,209.5
31214.63,208.6
31267.78,209.0
31320.94,209.0
31373.95,208.6
31427.01,210.0
31477.49,208.4
31531.41,209.2
31583.81,209.2
31635.04,210.1
31683.65,208.5
31738.08,209.8
31787.19,209.4
31838.14,209.2
31889.8,209.2
31941.53,209.1
31993.59,209.5
32043.89,209.5
32094.1,209.5
32144.31,209.5
32194.54,209.5
32244.26,210.8
32289.05,209.7
32338.36,209.6
32388.08,209.9
32437.02,208.9
32490.28,208.5
32545.79,209.1
32598.71,208.9
32652.54,208.4
32707.82,209.0
32761.08,209.5
32812.5,209.3
32863.55,209.5
32915.58,208.5
32968.91,209.5
33022.34,208.0
33078.15,209.2
33130.07,210.9
33176.31,210.1
33223.99,209.5
33273.59,209.9
33321.15,211.3
33366.41,210.3
33410.66,211.5
33455.36,210.0
33502.38,209.7
33551.44,210.1
33600.17,209.6
33649.7,210.2
33697.78,210.0
33745.71,210.6
33791.95,209.4
33842.91,210.4
33889.63,210.3
33937.04,209.2
33989.1,208.6
34044.5,208.9
34098.4,209.1
34152.14,208.5
34207.13,209.1
34259.89,209.8
34311.02,209.1
34362.51,209.6
34412.82,210.2
34461.01,210.3
34508.07,210.4
34554.36,210.8
34599.98,210.3
34646.59,210.6
34692.54,210.9
34737.43,210.1
34785.54,210.3
34833.13,209.9
34881.87,210.2
34929.71,210.3
34976.94,210.6
35024.68,209.1
35075.31,210.3
35124.73,209.6
35175.57,208.8
35229.53,208.8
35284.29,208.8
35339.03,208.8
35393.79,208.8
35448.29,209.2
35500.9,209.8
35551.7,209.2
35603.74,209.4
35656.56,208.8
35710.49,209.3
35762.61,210.2
35811.72,210.3
35860.0,209.8
35907.99,211.0
35954.86,210.0
36002.27,210.6
36049.01,210.7
36095.44,209.9
36144.25,211.0
36189.26,211.0
36234.43,210.0
36283.04,210.3
36330.64,210.7
36376.37,211.3
36420.93,210.7
36467.18,209.9
36514.93,210.6
36561.3,211.3
36606.04,210.8
36651.59,210.2
36699.5,210.1
36748.11,210.3
36795.52,211.5
36838.64,209.8
36888.76,209.7
36939.64,210.5
36986.41,210.7
37032.57,210.5
37080.23,209.7
37130.3,210.2
37180.07,209.1
37232.45,210.4
37280.87,210.3
37328.79,210.3
37376.93,210.3
37426.02,209.3
37477.84,209.7
37529.24,209.8
37579.68,210.0
37628.89,210.5
37676.48,210.5
37723.95,210.3
37772.2,210.1
37820.84,210.3
37868.92,210.6
37917.01,209.9
37965.91,210.3
38014.64,210.4
38063.5,209.7
38114.12,209.5
38165.76,209.8
38216.42,210.2
38264.41,211.3
38309.07,211.7
38352.83,210.4
38399.3,210.5
38446.93,210.4
38494.13,211.7
38537.04,210.5
38583.58,211.5
38628.04,210.4
38673.77,211.5
38719.43,210.2
38765.19,211.5
38810.27,211.2
38853.3,212.3
38894.37,212.2
38934.78,212.1
38974.4,213.2
39013.54,211.9
39052.15,213.1
39090.09,213.7
39126.34,212.2
39166.6,211.2
39210.05,211.1
39255.55,210.5
39300.89,212.4
39342.2,212.8
39381.23,211.2
39424.8,211.1
39470.16,210.7
39514.19,212.5
39557.07,211.1
39599.72,212.0
39641.65,211.8
39683.96,211.3
39727.55,211.7
39770.06,211.9
39811.84,211.9
39853.3,212.0
39894.93,211.5
39937.98,211.2
39983.01,210.8
40028.13,212.2
40070.61,211.5
40113.0,211.8
40155.59,211.9
40198.59,210.6
40244.67,211.5
40288.73,212.4
40330.07,210.3
40377.23,210.6
40425.42,210.1
40474.54,210.3
40523.64,210.4
40572.62,210.1
40621.89,210.4
40670.9,210.3
40720.94,209.3
40774.01,209.1
40828.71,209.2
40882.8,210.2
40933.57,209.1
40988.28,210.5
41036.64,209.8
41087.78,210.6
41135.74,210.2
41184.94,211.1
41231.25,210.1
41280.5,210.6
41328.59,210.7
41376.79,209.7
41428.01,209.8
41479.73,209.9
41530.12,211.1
41576.72,210.8
41623.11,211.1
41670.59,209.8
41721.42,209.4
41774.57,209.6
41827.58,209.6
41880.45,209.5
41933.61,209.9
41985.08,210.2
42035.56,208.9
42091.43,210.2
42141.84,210.3
42191.3,210.5
42239.66,210.7
42287.24,209.7
42339.34,211.0
42385.37,211.9
42429.02,210.8
42475.59,210.7
42523.38,210.5
42572.65,209.7
42622.15,211.6
42669.92,209.5
42719.98,210.5
42770.77,209.6
42822.2,210.4
42872.74,210.1
42923.95,209.3
42977.34,209.9
43029.64,209.5
43083.15,209.6
43136.67,209.5
43190.34,209.2
43245.52,209.3
43300.0,210.1
43352.32,209.4
43404.54,210.8
43454.32,210.1
43504.62,209.9
43555.25,210.8
43603.91,210.7
43651.94,210.5
43701.25,209.8
43751.54,211.2
43799.93,209.8
43850.46,210.7
43899.79,210.3
43948.86,210.9
43996.14,211.5
44041.03,211.2
44086.7,211.3
44132.33,211.1
44178.16,211.7
44222.64,211.5
44267.99,210.8
44314.2,211.5
44361.22,210.2
44410.03,210.3
44458.32,211.8
44503.77,211.4
44548.91,210.9
44596.15,210.4
44645.71,210.2
44695.8,210.9
44743.7,210.7
44791.96,210.5
44841.17,211.1
44888.11,209.9
44940.68,209.6
44994.0,210.6
45043.59,210.6
45093.04,209.7
45146.11,209.7
45199.3,210.1
45251.59,209.5
45305.54,209.5
45359.75,209.8
45412.66,210.1
45463.13,211.1
45511.6,210.5
45561.16,209.8
45613.02,210.1
45665.17,209.9
45716.84,210.4
45767.05,210.7
45816.45,210.3
45866.26,210.5
45916.2,210.5
45965.71,210.7
46014.79,210.6
46063.94,210.5
46112.75,211.1
46160.34,211.1
46206.55,211.6
46252.01,211.2
46297.94,211.3
46344.09,211.3
46389.91,211.7
46434.43,211.5
46479.5,211.7
46524.23,211.3
46569.89,211.4
46613.79,213.0
46656.7,211.2
46700.24,212.1
46744.11,211.6
46788.58,212.8
46828.84,212.2
46869.79,212.9
46911.05,212.0
46951.0,214.0
46988.48,213.1
47027.68,212.2
47070.07,211.4
47113.54,212.5
47155.44,213.0
47195.91,211.9
47238.7,212.2
47281.06,212.2
47323.66,212.1
47365.88,212.6
47407.35,212.5
47447.57,213.4
47485.86,213.7
47521.96,214.2
47559.11,212.6
47597.68,212.8
47637.94,213.2
47677.05,212.6
47716.95,213.0
47758.17,211.7
47801.11,211.8
47845.71,211.4
47890.99,212.4
47933.21,211.8
47977.11,211.8
48020.9,212.1
48064.81,211.5
48109.62,211.5
48154.61,212.0
48198.68,211.8
48242.04,213.3
48281.58,211.6
48325.98,211.6
48371.57,211.1
48417.71,211.7
48463.63,211.3
48509.43,211.5
48555.52,211.3
48602.12,211.1
48648.72,212.0
48692.99,212.0
48736.57,211.2
48784.05,210.6
48833.5,211.6
48879.44,211.0
48928.23,209.3
48983.3,210.4
49034.93,210.3
49086.73,209.7
49141.03,210.3
49192.35,211.0
49241.26,210.3
49292.14,211.5
49338.72,211.4
49384.91,211.5
49431.25,211.0
49479.24,211.3
49527.56,209.8
49580.36,210.7
49630.21,211.3
49678.29,210.0
49730.77,210.1
49783.26,211.2
49831.09,211.3
49877.94,211.7
49924.27,210.7
49973.27,210.6
50023.48,210.7
50074.08,210.1
50125.65,211.0
50175.56,210.2
50226.88,210.6
50278.03,209.9
50331.06,210.9
50380.86,210.3
50432.12,211.1
50480.3,211.5
50527.29,210.7
50576.48,210.8
50624.79,212.2
50671.0,210.6
50719.98,210.6
50769.23,211.8
50816.88,210.6
50865.82,210.8
50916.6,210.1
50967.67,211.2
51016.18,211.6
51062.89,211.3
51109.22,211.8
51155.59,211.2
51203.16,210.7
51252.64,210.8
51302.14,211.2
51350.39,211.2
51397.06,212.6
51440.27,211.1
51488.23,210.8
51537.92,210.2
51590.29,212.0
51635.27,211.2
51683.07,210.8
51732.49,211.7
51779.23,210.8
51828.61,210.9
51877.62,211.6
51924.43,211.6
51971.93,210.4
52022.1,210.9
52072.11,210.9
52121.51,211.1
52170.18,211.3
52218.11,211.2
52265.6,211.5
52313.16,211.1
52360.7,211.7
52407.25,211.8
52452.21,212.3
52497.07,210.9
52545.18,211.7
52592.01,210.9
52640.77,212.2
52685.17,211.6
52730.7,212.8
52773.84,211.5
52818.95,212.0
52863.8,212.3
52905.91,213.7
52946.67,211.9
52990.07,213.0
53031.2,212.0
53076.11,211.0
53123.55,212.0
53169.91,211.4
53215.98,212.0
53262.03,211.5
53307.54,212.2
53351.77,212.6
53395.21,211.2
53442.02,212.3
53486.0,211.9
53530.49,213.0
53573.07,211.6
53617.65,212.2
53660.58,213.7
53701.86,212.2
53744.43,212.1
53788.87,211.7
53835.17,211.5
53882.2,212.0
53925.64,214.0
53965.82,212.5
54007.11,212.1
54049.97,213.2
54091.02,212.9
54131.98,213.3
54172.01,213.1
54211.9,213.3
54251.58,213.4
54290.97,213.3
54330.65,213.0
54372.14,212.1
54415.83,212.0
54460.41,212.2
54506.0,211.1
54553.46,211.4
54601.23,211.6
54647.19,212.8
54690.15,212.1
54734.64,212.8
54777.31,211.8
54822.36,212.1
54867.96,211.6
54914.01,211.8
54960.78,211.3
55006.8,212.6
55051.02,212.4
55094.29,212.5
55137.46,212.9
55179.79,211.3
55227.31,211.4
55275.27,211.5
55323.52,210.9
55373.32,210.9
55423.07,211.5
55471.91,210.7
55522.79,210.4
55574.93,211.0
55625.62,210.9
55674.6,212.4
55720.22,211.7
55766.3,211.6
55812.7,212.2
55857.6,212.5
55902.28,211.4
55949.14,211.5
55996.3,212.3
56041.52,211.3
56089.79,211.5
56137.64,212.0
56183.3,211.7
56230.5,210.5
56282.05,211.5
56330.04,211.6
56377.61,211.5
56425.6,211.1
56474.97,211.0
56525.7,210.4
56578.72,210.0
56633.58,211.0
56684.11,211.0
56734.66,210.2
56788.98,210.0
56843.66,211.6
56893.26,209.7
56948.4,211.0
57000.04,211.0
57049.55,211.8
57097.11,211.5
57145.92,210.2
57197.99,211.7
57246.61,211.3
57295.21,211.2
57344.52,211.1
57393.95,211.7
57441.39,211.9
57487.95,210.7
57539.34,211.8
57586.31,211.2
57636.03,212.0
57681.91,212.2
57727.23,211.8
57772.52,213.0
57816.89,211.5
57862.46,212.1
57908.76,212.0
57953.9,212.6
57997.37,213.1
58039.02,212.4
58082.88,213.4
58124.02,212.6
58166.32,212.8
58211.71,210.6
58260.4,211.7
58308.32,212.4
58353.21,212.6
58397.41,211.9
58443.31,211.7
58490.12,212.5
58533.96,213.1
58576.62,211.4
58624.3,211.2
58673.62,211.5
58721.52,212.1
58767.59,212.2
58812.69,212.4
58857.5,212.3
58901.39,213.1
58944.47,211.8
58990.2,213.1
59032.36,212.4
59075.2,214.0
59116.41,212.3
59157.86,213.3
59199.42,213.5
59239.87,212.5
59283.47,212.7
59327.15,212.0
59371.3,213.6
59412.37,213.8
59452.11,213.2
59492.79,212.9
59534.86,212.7
59577.29,213.5
59618.91,212.5
59661.82,212.6
59706.03,212.3
59750.33,212.6
59794.35,212.5
59838.43,212.6
59882.17,212.7
59925.3,213.0
59967.62,213.0
60011.64,211.3
60055.88,213.9
60098.79,212.2
60142.68,212.1
60188.67,211.1
60238.74,212.3
60283.93,213.6
60325.15,212.1
60370.16,211.9
60416.6,212.2
60462.12,212.6
60508.09,211.3
60556.23,211.5
60603.56,213.1
60647.65,212.5
60691.46,212.5
60735.82,212.7
60780.1,211.1
60829.5,212.1
60876.66,211.6
60924.57,211.8
60973.0,211.2
61023.12,211.1
61073.68,211.5
61122.82,211.8
61171.66,210.9
61222.13,211.5
61271.19,212.2
61318.93,211.2
61367.92,211.7
61415.91,212.4
61461.53,212.6
61507.53,211.2
61556.01,211.5
61605.86,211.2
61656.52,210.9
61707.34,211.7
61756.12,212.0
61804.14,211.3
61854.32,210.7
61905.46,212.0
61954.7,211.3
62003.83,211.6
62053.36,211.3
62103.43,211.1
62154.48,211.1
62205.55,211.4
62257.05,210.3
62310.51,210.8
62363.1,211.5
62413.98,211.0
62465.75,210.7
62518.77,210.9
62571.2,211.2
62622.91,210.8
62675.68,210.7
62729.62,210.1
62786.31,210.2
62842.99,209.5
62902.05,210.3
62958.61,210.5
63013.77,210.4
63069.18,210.2
63125.52,209.8
63183.74,209.6
63243.56,209.9
63300.73,211.2
63355.27,209.5
63413.71,209.5
63474.03,209.6
63534.1,209.9
63592.26,210.2
63650.02,209.3
63711.55,209.0
63774.4,209.8
63833.86,210.0
63892.85,207.9
63960.85,209.2
64025.16,209.2
64087.83,209.0
64151.11,209.5
64213.04,209.1
64275.57,209.4
64337.41,209.6
64397.55,209.9
64454.43,211.5
64506.12,211.6
64557.63,210.1
64611.23,211.8
64664.57,209.5
64721.55,210.5
64777.68,210.6
64832.61,211.3
64884.15,210.9
64937.45,209.9
64996.66,209.3
65057.54,210.0
65116.96,209.6
65177.35,209.1
65240.5,209.7
65300.45,210.2
65359.1,209.6
65419.54,209.3
65481.62,210.0
65540.73,209.2
65602.83,210.1
65663.05,209.1
65725.72,209.4
65788.09,209.6
65849.3,209.5
65909.3,210.7
65965.74,210.6
66022.88,208.6
66087.94,210.0
66147.48,209.4
66208.99,209.7
66270.34,209.2
66333.24,209.0
66397.72,209.6
66460.48,208.8
66524.7,209.9
66584.99,209.4
66647.98,209.0
66712.84,208.8
66778.52,209.6
66840.67,209.1
66905.41,208.8
66971.49,208.9
67037.45,209.2
67102.17,208.5
67168.94,209.2
67233.83,209.2
67297.33,209.5
67359.89,209.3
67421.87,210.5
67480.23,208.6
67546.31,209.7
67608.18,209.9
67669.24,209.1
67733.09,209.1
67797.21,209.8
67858.85,209.3
67922.29,208.7
67988.89,209.5
68052.18,208.9
68117.46,209.1
68182.92,208.9
68248.79,209.5
68312.25,209.4
68375.73,208.9
68441.36,209.5
68503.09,210.5
68562.52,209.2
68625.52,209.2
68690.27,209.0
68753.66,211.2
68811.41,209.4
68872.2,209.7
68934.06,210.0
68994.38,209.2
69059.06,208.7
69126.57,208.8
69194.12,209.0
69258.69,210.5
69317.97,210.2
69376.24,210.4
69434.29,210.7
69490.74,210.1
69549.45,210.5
69608.06,209.7
69668.66,210.1
69729.24,208.8
69795.61,209.3
69860.4,209.3
69925.31,208.5
69993.61,209.4
70059.09,208.6
70126.72,209.5
70190.94,209.0
70256.85,209.3
70321.97,209.4
70386.3,211.0
70441.96,209.7
70503.59,209.4
70566.64,209.9
70627.33,211.3
70681.65,210.7
70738.15,211.0
70793.77,210.3
70852.49,210.0
70911.81,210.7
70969.32,210.5
71026.38,210.9
71082.35,210.5
71139.64,211.4
71192.71,211.6
71245.63,210.7
71300.48,211.9
71352.49,211.5
71404.3,211.6
71456.12,211.8
71505.91,213.0
71553.57,212.2
71601.38,212.6
71649.08,212.6
71695.91,213.2
71741.35,212.7
71787.89,212.7
71834.8,212.2
71883.7,212.8
71930.99,210.5
71988.23,210.9
72042.79,213.0
72090.59,211.1
72144.12,211.8
72195.73,212.0
72246.05,212.2
72295.62,212.2
72345.94,211.2
72399.98,211.0
72454.86,211.4
72508.79,211.3
72561.27,212.3
72612.29,211.5
72664.46,211.4
72717.86,211.5
72771.23,211.2
72825.47,211.3
72879.55,211.6
72932.45,211.1
72987.59,210.9
73043.64,211.3
73099.45,210.1
73157.88,211.1
73214.86,210.6
73272.08,210.9
73329.41,209.9
73391.34,209.3
73456.01,210.3
73517.59,210.0
73579.0,209.9
73641.57,210.0
73703.0,210.5
73762.34,210.6
73820.99,210.5
73879.61,210.7
73937.23,211.0
73993.81,210.5
74051.31,211.6
74105.98,211.3
74159.93,211.6
74213.14,211.7
74266.97,210.6
74322.88,212.0
74375.91,211.1
74430.98,211.7
74483.98,210.8
74540.68,212.6
74590.27,211.2
74644.3,211.9
74696.36,211.9
74747.86,212.0
74799.5,211.5
74851.99,212.1
74903.27,212.2
74951.8,213.9
74997.11,212.7
75043.82,212.6
75092.02,212.6
75140.15,213.3
75185.66,212.4
75234.73,213.6
75278.93,213.1
75325.48,212.3
75374.07,213.2
75420.76,213.0
75467.02,213.2
75512.52,213.7
75555.73,214.6
75597.69,213.5
75640.88,214.1
75683.32,213.7
75727.63,212.6
75775.55,212.8
75823.27,212.9
75871.12,212.4
75919.84,212.8
75968.84,212.0
76018.51,213.0
76068.18,211.5
76120.52,211.9
76172.84,212.3
76223.53,212.3
76273.91,212.2
76324.91,212.0
76376.4,212.1
76428.02,211.5
76482.08,211.5
76536.7,211.9
76589.41,211.2
76645.12,211.6
76700.38,210.7
76757.64,211.3
76814.8,210.5
76874.26,210.2
76936.16,210.7
76994.91,211.4
77051.18,211.1
77107.0,211.7
77161.16,211.8
77215.8,210.6
77273.68,211.2
77330.61,211.4
77386.21,212.0
77438.53,211.8
77492.7,210.0
77552.72,212.1
77607.9,211.1
77662.61,212.0
77716.32,211.7
77770.63,210.9
77827.92,211.1
77885.04,211.4
77940.52,211.2
77996.55,211.9
78050.09,212.0
78102.57,212.1
78154.91,212.0
78208.31,211.3
78261.71,212.9
78313.07,211.7
78364.95,212.3
78416.56,212.4
78467.89,211.8
78521.75,211.0
78578.66,211.6
78633.6,211.6
78688.48,211.0
78746.24,211.0
78803.99,211.3
78860.46,211.7
78915.77,211.4
78971.27,211.6
79026.43,211.5
79081.77,212.1
79134.23,211.9
79187.91,211.4
79243.13,212.4
79294.77,212.3
79347.52,210.7
79405.48,211.4
79460.71,212.8
79511.75,212.5
79562.65,211.9
79615.38,211.9
79667.91,212.7
79718.61,212.4
79769.12,212.6
79818.84,213.1
79867.15,213.0
79916.73,211.7
79968.85,212.6
80020.01,212.4
80070.88,212.4
80123.39,210.9
80180.29,213.0
80229.9,212.0
80282.46,212.9
80331.76,211.8
80385.85,213.6
80431.56,213.2
80478.94,213.3
80526.63,212.5
80576.62,213.1
80626.0,211.8
80678.79,213.3
80727.32,212.1
80778.62,213.8
80824.3,214.0
80870.02,212.5
80919.0,212.9
80968.71,212.6
81019.16,212.3
81070.61,212.6
81120.88,213.2
81169.23,213.1
81217.17,213.1
81263.82,214.2
81310.66,212.1
81359.41,213.4
81408.61,212.7
81456.76,213.7
81504.16,213.1
81552.0,212.8
81601.12,213.0
81649.99,213.0
81698.53,213.2
81746.21,213.7
81792.51,213.4
81839.52,212.9
81888.4,213.6
81934.86,213.4
81982.23,212.5
82033.02,213.3
82080.88,212.6
82131.63,212.8
82181.58,213.3
82229.51,212.6
82280.34,212.4
82331.91,213.0
82380.91,213.4
82427.73,214.1
82472.42,213.7
82518.77,212.8
82567.8,212.8
82616.7,213.7
82663.56,213.7
82709.46,213.7
82755.88,213.3
82800.9,215.4
82842.87,213.9
82886.74,214.7
82928.98,213.8
82973.68,214.0
83018.3,214.1
83063.79,213.0
83110.54,213.8
83157.38,213.5
83202.98,214.3
83248.05,213.3
83294.14,214.2
83338.54,214.1
83382.31,215.1
83422.87,214.9
83464.11,214.4
83505.55,215.1
83547.02,214.5
83589.23,214.2
83632.83,215.0
83674.56,213.7
83718.79,214.5
83760.27,216.2
83800.29,214.3
83841.72,214.5
83884.49,215.3
83924.55,214.6
83966.59,214.3
84009.7,214.4
84052.41,214.9
84094.57,214.1
84137.89,215.6
84177.27,214.6
84218.01,215.6
84257.71,215.4
84296.64,215.3
84336.02,215.3
84375.5,215.6
84413.95,215.8
84453.42,214.4
84494.84,214.7
84537.19,214.5
84580.09,214.1
84623.62,215.3
84665.84,214.0
84708.8,214.5
84752.11,214.7
84794.62,214.4
84837.49,215.6
84876.48,215.6
84917.51,213.4
84961.11,214.7
85005.39,214.2
85048.65,214.7
85090.98,215.7
85130.3,214.0
85174.18,214.8
85217.63,214.0
85261.08,214.8
85305.68,213.2
85351.32,214.3
85396.8,213.9
85442.43,213.7
85488.73,214.7
85531.59,214.6
85575.11,213.8
85620.25,214.3
85665.11,214.1
85709.41,214.5
85752.76,214.8
85795.44,214.3
85839.48,213.8
85885.66,213.1
85935.09,213.9
85980.7,214.9
86024.36,212.8
86073.3,213.5
86121.38,213.8
86168.39,213.5
86216.18,213.3
86264.16,213.9
86309.02,215.5
86352.66,213.3
86398.8,213.5
86446.87,213.7
86494.41,213.5
86542.64,212.9
86592.29,214.2
86638.54,213.1
86688.13,213.2
86737.78,213.2
86787.34,213.7
86834.85,213.4
86883.52,212.7
86935.41,212.9
86986.69,212.9
87037.86,212.9
87088.73,213.6
87136.91,213.4
87185.7,213.1
87235.64,213.8
87282.97,212.3
87336.99,212.9
87388.33,212.9
87439.8,212.8
87491.29,213.2
87541.98,212.3
87595.56,212.5
87649.53,212.2
87704.74,211.9
87761.21,211.8
87816.4,213.4
87868.45,212.1
87922.59,212.4
87977.27,212.1
88032.79,212.8
88084.86,211.6
88142.62,212.5
88197.85,211.5
88256.55,211.0
88318.63,210.6
88383.18,210.4
88448.07,211.6
88506.76,212.7
88562.36,211.5
88620.66,211.1
88681.59,211.7
88740.26,211.3
88799.31,212.6
88856.26,210.7
88916.37,212.3
88974.01,211.2
89034.55,211.6
89093.06,212.1
89149.34,212.3
89204.38,212.4
89260.06,211.5
89318.27,211.6
89376.96,212.2
89433.2,211.2
89493.46,212.3
89549.95,211.7
89608.51,211.1
89668.38,212.4
89724.59,212.0
89781.33,211.9
89838.76,212.4
89893.27,212.9
89946.24,212.5
89999.58,213.0
90052.15,212.6
90104.93,213.0
90158.63,211.7
90215.65,211.8
90273.29,212.5
90328.54,212.0
90385.3,212.0
90441.7,213.5
90492.44,213.2
90543.15,213.0
90594.62,213.3
90645.51,213.1
90697.11,212.9
90750.59,211.9
90807.3,212.0
90863.12,213.4
90915.37,212.9
90967.26,212.9
91020.08,212.6
91073.23,213.4
91123.22,214.2
91171.09,213.1
91221.95,212.7
91275.23,212.7
91329.07,212.7
91382.74,212.7
91436.36,214.1
91483.52,211.7
91542.13,212.3
91598.14,212.8
91651.52,213.2
91705.36,211.3
91764.38,211.5
91824.88,211.7
91884.26,211.9
91942.38,212.2
91998.96,212.5
92053.54,213.2
92105.98,213.0
92158.95,212.4
92213.77,212.4
92268.78,213.0
92323.24,211.5
92382.71,212.4
92439.02,211.8
92497.57,212.2
92554.62,212.3
92612.16,211.4
92670.22,213.9
92721.45,213.2
92773.16,212.5
92828.09,212.1
92885.65,211.9
92943.5,212.8
92998.18,212.4
93053.48,212.5
93108.11,213.2
93161.2,212.8
93214.59,212.8
93268.62,212.8
93323.03,212.3
93379.07,212.3
93435.85,212.5
93491.38,212.8
93544.41,214.0
93594.31,212.9
93647.24,212.5
93701.73,213.2
93754.65,213.0
93806.23,213.9
93857.85,212.2
93911.53,213.4
93964.18,213.2
94015.96,213.2
94067.8,213.3
94119.95,212.7
94174.41,212.1
94231.96,213.5
94282.84,212.8
94337.06,213.0
94390.84,212.5
94445.28,213.7
94495.81,213.9
94545.12,213.5
94595.27,213.6
94645.7,213.3
94698.17,212.2
94753.67,213.1
94807.5,213.2
94858.19,214.6
94907.84,212.6
94959.98,213.4
95012.06,213.7
95062.84,213.3
95114.25,213.3
95166.09,213.4
95217.15,213.8
95267.15,213.7
95316.7,214.0
95365.71,213.9
95416.2,212.5
95469.23,214.1
95519.38,213.5
95570.52,212.7
95624.09,213.9
95674.61,213.2
95726.84,213.2
95779.69,213.1
95833.01,212.0
95891.26,213.4
95943.16,214.2
95990.86,215.4
96034.3,215.1
96078.5,214.0
96126.66,214.7
96172.8,214.5
96219.9,213.7
96269.16,214.0
96318.35,214.0
96367.91,213.3
96420.04,212.8
96474.5,213.2
96527.83,213.1
96581.32,212.8
96636.26,213.2
96689.59,213.2
96742.89,212.8
96797.04,213.6
96849.39,213.1
96902.67,212.9
96955.92,213.9
97007.56,213.2
97060.35,212.8
97112.5,214.9
97161.55,213.4
97213.34,212.3
97268.57,214.0
97320.02,213.3
97371.57,213.8
97421.61,214.4
97470.19,213.5
97521.49,212.9
97575.64,213.3
97628.37,214.5
97676.96,212.3
97734.15,213.0
97788.51,213.4
97840.47,214.3
97890.0,212.7
97944.13,213.9
97995.8,213.4
98047.46,213.9
98098.49,213.4
98150.33,213.5
98203.81,212.4
98257.59,214.6
98308.66,213.0
98360.12,213.9
98411.25,213.8
98461.47,213.9
98511.74,213.8
98562.05,214.0
98613.05,213.1
98666.07,213.3
98718.46,214.3
98769.04,212.7
98823.55,213.4
98876.77,213.3
98929.8,214.7
98977.05,214.0
99027.08,213.4
99079.98,213.0
99134.75,213.1
99188.97,213.4
99241.41,214.3
99290.93,213.7
99341.69,214.0
99392.99,212.7
99446.69,214.5
99497.91,212.8
99551.45,213.5
99604.64,213.6
99655.86,214.4
99706.0,213.5
99756.17,214.5
99806.5,213.3
99859.19,212.8
99914.62,213.0
99969.56,213.6
100022.7,212.9
100078.0,213.7
100130.2,212.5
100187.5,213.8
100239.6,213.5
100292.3,213.5
100346.4,212.3
100404.3,212.6
100462.1,213.0
100517.7,213.5
100571.7,212.9
100627.5,213.1
100682.6,213.5
100735.6,214.0
100786.9,213.0
100841.6,214.0
100893.1,214.0
100944.0,213.6
100996.3,213.6
101050.0,212.6
101105.3,213.9
101159.0,213.1
101212.4,213.9
101264.4,214.1
101315.7,213.3
101368.7,213.8
101420.4,214.3
101470.8,213.4
101523.7,213.7
101576.4,213.4
101630.0,214.4
101679.2,213.5
101732.4,214.2
101782.8,213.2
101837.7,213.6
101890.8,213.7
101943.1,213.9
101994.9,213.9
102046.1,214.3
102097.6,213.0
102152.1,213.3
102207.6,213.0
102263.3,213.3
102317.9,213.9
102370.1,213.8
102421.8,214.4
102471.4,214.6
102520.2,214.1
102569.2,215.4
102615.8,214.7
102664.1,213.7
102715.3,214.3
102766.8,213.3
102820.4,213.7
102873.8,213.5
102927.6,214.1
102979.0,213.5
103032.8,213.8
103085.2,213.8
103137.6,213.9
103190.2,213.2
103245.4,213.6
103299.4,213.8
103352.3,213.9
103405.4,213.3
103461.7,212.0
103522.1,213.4
103577.9,213.3
103633.3,213.0
103690.1,213.3
103745.8,213.4
103801.7,212.7
103858.4,213.9
103913.8,212.7
103971.9,212.6
104031.6,212.6
104091.0,212.9
104148.6,213.4
104206.0,212.2
104266.5,212.4
104327.8,212.0
104390.8,212.9
104451.9,211.2
104518.5,211.4
104585.9,211.9
104651.7,210.8
104721.8,211.2
104790.8,211.7
104858.0,210.9
104927.9,212.3
104991.1,211.3
105057.6,212.4
105120.7,211.9
105184.8,212.4
105246.5,212.5
105309.1,211.4
105375.8,212.0
105439.3,213.5
105496.7,212.5
105557.3,212.2
105619.6,212.6
105680.4,212.6
105740.7,212.8
105800.8,212.4
105861.8,212.9
105921.1,213.5
105977.3,213.2
106034.6,213.2
106091.7,213.5
106148.4,213.0
106206.5,213.1
106263.6,214.1
106318.1,213.2
106375.0,212.6
106435.8,212.5
106496.8,213.2
106555.0,213.3
106612.7,212.9
106671.6,213.2
106729.5,213.4
106786.1,213.3
106843.4,213.2
106901.6,212.9
106961.0,212.8
107021.0,212.9
107080.6,212.8
107139.7,214.5
107192.9,213.6
107248.5,213.2
107305.2,213.9
107360.7,213.6
107416.7,213.5
107473.1,214.1
107526.9,214.1
107580.4,213.9
107634.9,214.4
107687.4,214.1
107740.4,214.7
107791.7,214.5
107842.9,215.0
107893.1,214.3
107945.6,213.9
108001.4,212.9
108060.6,213.2
108119.8,213.4
108177.6,214.0
108232.5,213.2
108291.0,213.7
108348.3,213.0
108408.1,212.7
108469.7,213.0
108530.6,213.1
108591.1,212.2
108655.0,213.0
108717.1,212.5
108780.4,213.1
108841.2,212.4
108905.0,212.4
108969.6,212.4
109034.1,211.7
109102.8,211.8
109171.8,211.6
109241.8,211.5
109312.3,211.6
109382.6,211.4
109454.2,211.1
109527.4,211.1
109602.2,210.4
109680.2,211.6
109751.7,211.0
109825.8,211.4
109898.4,211.0
109972.2,211.5
110044.3,210.7
110120.0,211.5
110192.4,211.4
110265.6,210.1
110344.6,211.6
110416.7,212.0
110485.3,211.6
110555.8,211.8
110625.6,212.4
110692.9,210.8
110767.2,212.0
110836.8,212.2
110904.1,212.2
110971.2,212.2
111038.5,212.4
111104.3,212.8
111169.8,211.2
111242.3,212.1
111309.7,213.5
111371.5,212.4
111437.6,211.3
111509.7,212.1
111578.8,212.2
111645.8,213.3
111708.8,212.6
111773.4,212.5
111839.6,212.5
111906.3,212.1
111974.4,212.3
112041.5,212.9
112106.2,212.4
112172.1,212.9
112236.4,212.8
112301.8,212.2
112369.1,212.7
112434.9,212.7
112499.2,213.5
112562.1,211.9
112630.9,211.9
112700.6,212.9
112766.5,212.2
112834.4,212.4
112901.0,213.2
112965.5,212.2
113033.6,212.1
113102.8,212.3
113171.1,212.4
113238.7,212.8
113305.1,212.2
113373.9,211.9
113443.7,213.1
113508.5,212.9
113573.2,212.4
113641.3,211.9
113711.2,212.9
113777.0,213.4
113839.8,212.6
113905.2,213.5
113967.5,213.7
114028.1,213.1
114092.0,212.7
114157.9,212.8
114223.6,213.0
114288.2,213.4
114350.8,213.4
114414.3,212.4
114481.9,214.2
114539.8,213.8
114599.9,213.5
114661.0,213.9
114721.6,213.1
114785.7,212.8
114850.8,213.7
114912.4,214.0
114972.7,212.7
115038.0,214.1
115097.2,214.3
115154.5,214.5
115211.3,214.2
115268.9,214.3
115326.3,214.5
115382.7,214.5
115438.7,215.3
115492.4,214.2
115549.5,214.4
115607.2,214.2
115664.9,214.4
115721.5,215.3
115775.0,214.2
115832.9,214.0
115892.4,214.0
115951.3,214.6
116008.3,214.5
116063.7,215.7
116115.9,215.4
116168.2,214.8
116223.3,214.4
116280.5,215.1
116334.5,214.8
116388.7,216.3
116438.7,214.6
116493.4,215.3
116547.1,215.1
116599.8,216.0
116651.8,214.6
116706.1,215.1
116760.9,214.9
116815.8,215.0
116870.3,215.3
116923.4,215.6
116975.4,214.9
117030.3,214.6
117086.7,215.6
117138.9,215.8
117190.8,214.6
117246.1,215.5
117299.3,215.6
117352.5,214.6
117407.0,215.8
117459.7,215.4
117513.4,214.1
117570.6,215.6
117623.2,216.4
117672.2,215.9
117722.0,216.1
117771.7,215.9
117821.9,216.1
117871.8,215.5
117923.8,215.7
117975.5,215.9
118025.8,216.6
118073.9,215.8
118124.8,215.4
118177.4,216.8
118224.4,216.3
118272.7,216.7
118320.4,216.1
118370.1,215.5
118421.0,217.1
118467.8,216.5
118515.0,216.6
118562.6,216.5
118610.1,216.8
118656.4,217.4
118702.3,216.4
118749.8,216.3
118798.0,216.9
118845.2,216.7
118892.3,216.7
118939.0,217.5
118983.7,216.6
119031.4,216.6
119079.2,217.5
119123.7,216.7
119170.4,217.2
119217.0,216.2
119265.7,216.4
119312.4,218.4
119355.4,217.8
119396.8,218.2
119439.1,217.1
119484.3,216.2
119533.7,217.3
119579.1,216.7
119626.6,216.4
119675.3,217.5
119719.9,217.5
119763.6,217.7
119808.3,216.6
119854.4,217.2
119901.1,216.8
119947.9,216.7
119995.2,217.0
120041.4,217.8
120085.5,216.8
120132.2,217.3
120177.3,217.4
120221.2,218.4
120263.8,217.2
120306.4,218.6
120348.9,217.6
120391.6,217.6
120435.6,217.3
120480.5,217.2
120526.0,217.7
120569.8,217.3
120614.8,217.3
120659.4,217.9
120704.3,216.7
120750.4,217.1
120795.8,218.3
120838.7,217.7
120881.9,218.4
120923.4,217.3
120967.8,217.9
121010.8,218.3
121051.6,219.1
121091.9,217.8
121134.2,217.7
121178.0,218.1
121220.5,217.5
121265.2,217.1
121310.4,217.8
121354.1,218.1
121397.1,217.6
121439.7,219.0
121479.7,217.6
121523.2,218.9
121563.4,218.5
121603.8,218.2
121644.9,218.5
121686.3,217.8
121729.5,218.1
121771.5,218.4
121813.2,218.0
121856.0,217.7
121899.3,218.0
121942.3,218.3
121984.4,218.0
122027.0,218.1
122068.7,218.9
122109.4,218.3
122150.0,218.6
122190.9,218.4
122231.9,218.6
122272.3,218.9
122311.2,219.5
122350.5,218.2
122391.2,218.1
122433.3,219.5
122471.6,218.2
122512.7,218.4
122554.3,218.4
122595.5,218.6
122636.6,218.4
122678.0,218.6
122718.1,219.3
122757.0,218.9
122794.9,219.9
122832.1,218.7
122872.5,218.0
122913.9,219.2
122953.2,219.4
122991.7,218.7
123031.5,218.5
123072.3,218.7
123112.2,219.2
123152.1,218.5
123193.5,217.5
123237.4,218.3
123280.1,218.5
123321.5,218.1
123363.3,218.7
123404.8,218.3
123446.2,218.4
123487.5,219.1
123526.8,219.3
123565.4,218.8
123603.9,219.7
123642.6,218.7
123682.2,218.3
123724.0,218.7
123764.3,219.0
123804.2,218.8
123844.1,218.8
123884.1,219.1
123923.2,219.3
123961.9,219.1
124001.2,218.7
124040.5,219.6
124078.5,219.8
124115.5,219.4
124154.7,218.1
124194.6,219.5
124233.8,219.2
124272.5,219.2
124311.8,218.7
124351.1,219.4
124391.5,217.6
124434.4,219.5
124472.8,219.4
124511.5,218.8
124551.6,218.4
124592.0,219.6
124630.6,218.2
124672.7,219.3
124712.6,218.6
124751.3,220.1
124789.9,218.6
124830.0,218.4
124871.4,219.5
124909.5,219.8
124947.0,219.4
124984.7,219.4
125023.2,218.6
125062.1,220.2
125100.0,219.4
125137.3,219.2
125176.2,219.6
125214.7,218.7
125255.6,217.9
125296.7,219.6
125336.0,219.6
125373.6,219.5
125409.7,221.0
125445.5,219.6
125481.3,220.1
125516.6,220.8
125552.6,219.1
125589.6,219.6
125627.6,219.3
125665.6,220.1
125704.0,218.6
125743.7,218.7
125785.2,218.0
125828.8,219.0
125868.5,219.3
125908.8,218.0
125951.5,217.8
125994.9,218.9
126036.2,219.3
126075.2,219.9
126113.1,218.8
126152.0,219.4
126192.2,218.3
126234.1,218.0
126277.9,219.3
126317.9,218.1
126360.2,218.5
126401.8,219.2
126442.2,219.0
126482.3,218.7
126523.8,218.2
126566.1,219.1
126606.8,218.9
126646.6,219.3
126686.0,219.4
126724.9,218.4
126767.1,218.5
126809.2,218.6
126850.9,218.7
126892.7,218.3
126934.8,218.9
126975.9,217.8
127020.9,217.5
127065.4,219.4
127106.7,218.7
127147.7,218.3
127190.2,218.4
127232.5,219.5
127271.6,218.1
127313.4,219.4
127354.8,218.1
127396.9,218.2
127439.4,219.4
127479.3,219.4
127519.1,217.7
127562.8,218.4
127607.0,217.6
127651.8,217.8
127696.2,218.6
127739.0,218.5
127781.0,219.1
127820.9,219.2
127860.8,218.8
127900.1,219.7
127938.5,219.9
127975.5,219.5
128013.7,219.6
128050.5,220.6
128086.6,219.9
128122.9,220.5
128158.9,219.5
128195.2,220.2
128231.8,220.6
128266.8,220.0
128303.7,219.3
128341.7,219.5
128380.1,219.6
128417.6,220.0
128454.1,220.3
128491.1,219.1
128530.0,219.3
128569.0,219.5
128606.4,220.4
128642.3,220.8
128676.6,219.9
128713.2,220.2
128749.1,220.4
128785.0,219.5
128822.6,220.4
128859.3,219.3
128895.5,220.7
128931.2,220.3
128965.2,221.9
128998.2,220.8
129030.6,221.0
129063.1,221.8
129095.2,221.2
129127.0,220.9
129159.8,221.6
129192.1,221.4
129223.9,221.0
129257.2,220.8
129290.7,220.7
129324.4,222.0
129356.9,220.2
129389.3,221.6
129421.7,221.8
129452.3,222.1
129482.6,221.6
129513.1,222.4
129543.1,222.3
129572.6,221.1
129603.5,222.3
129634.1,222.4
129663.2,222.3
129693.3,221.5
129724.4,220.9
129754.9,223.1
129785.6,221.6
129816.6,221.0
129847.9,222.0
129879.3,222.3
129909.5,221.5
129941.0,220.9
129974.1,221.5
130005.8,221.6
130038.3,220.4
130072.6,221.2
130105.2,221.4
130137.4,221.6
130169.2,221.1
130202.2,220.9
130235.0,221.8
130266.4,221.6
130298.0,221.5
130329.5,222.3
130360.7,220.4
130393.5,220.8
130428.0,220.7
130460.9,222.2
130493.1,221.3
130524.8,220.9
130557.7,221.6
130590.5,221.1
130623.1,221.2
130655.8,221.3
130688.5,221.2
130721.2,220.9
130756.1,219.8
130791.8,220.3
130828.0,221.6
130860.1,221.2
130892.9,220.8
130926.6,221.0
130959.8,221.3
130993.4,220.7
131027.5,220.2
131063.0,220.8
131097.0,221.3
131130.6,219.5
131168.5,220.1
131203.9,221.3
131238.9,220.2
131274.5,219.9
131311.0,220.6
131346.5,220.7
131381.5,219.7
131419.4,219.7
131455.8,221.2
131493.0,218.8
131532.0,219.2
131571.9,220.2
131609.4,219.6
131647.6,219.4
131687.1,218.9
131727.9,219.1
131768.5,219.1
131809.3,218.9
131850.4,219.0
131892.7,217.9
131936.7,218.5
131980.1,218.7
132022.3,218.6
132065.1,218.5
132107.7,218.9
132150.1,218.5
132193.6,217.8
132238.7,218.2
132283.2,218.6
132326.1,218.2
132370.0,218.9
132412.9,217.9
132457.5,218.1
132504.6,216.5
132554.6,217.0
132604.7,217.5
132653.6,217.1
132702.8,217.1
132753.1,216.6
132804.6,216.7
132856.7,216.5
132909.4,216.4
132962.1,216.9
133014.7,215.4
133072.3,215.6
133129.6,216.7
133181.7,216.6
133233.8,216.9
133285.4,216.2
133339.8,215.9
133395.5,216.0
133451.5,215.8
133507.5,216.2
133563.7,215.1
133623.5,214.7
133686.2,215.6
133746.0,214.8
133807.5,215.0
133869.3,214.6
133933.3,214.8
133997.4,214.0
134064.5,214.2
134131.0,215.3
134191.6,215.1
134254.3,213.6
134323.2,213.7
134392.5,214.8
134456.7,215.0
134519.0,214.7
134583.3,213.9
134652.4,213.6
134723.5,213.1
134796.5,214.7
134863.5,213.4
134935.1,213.5
135007.3,213.2
135081.2,212.7
135157.8,213.7
135229.7,212.8
135306.6,212.9
135383.2,212.9
135460.0,212.5
135539.1,212.6
135618.0,212.6
135697.3,212.1
135779.6,212.3
135861.0,212.1
135944.3,211.5
136031.5,211.5
136120.0,211.4
136209.5,210.8
136303.9,210.7
136399.6,210.7
136495.4,210.6
136592.1,210.3
136690.1,211.6
136779.6,210.4
136877.6,211.0
136970.7,211.8
137058.0,211.0
137151.1,210.0
137251.8,210.5
137350.6,210.0
137453.6,209.7
137559.4,209.7
137664.7,210.9
137760.9,209.9
137863.4,210.3
137964.2,210.0
138067.5,209.7
138172.9,211.0
138267.1,211.0
138362.0,210.2
138462.9,210.3
138563.4,210.3
138663.7,210.7
138761.6,209.8
138865.7,210.2
138967.2,210.5
139066.6,210.1
139168.9,210.4
139269.4,209.9
139373.7,209.9
139478.5,210.5
139577.9,209.6
139685.8,210.0
139790.4,209.7
139898.7,209.0
140012.5,209.4
140123.9,209.5
140233.7,209.5
140343.6,209.7
140451.5,209.9
140557.6,209.9
140663.9,209.6
140772.8,209.3
140884.6,209.9
140991.1,209.3
141101.4,210.4
141204.9,209.2
141316.5,209.3
141428.8,210.0
141534.3,210.2
141638.3,209.4
141749.2,209.7
141857.9,209.4
141969.2,209.3
142082.1,209.2
142195.1,209.7
142304.7,209.6
142414.1,210.0
142519.9,209.6
142629.7,209.1
142743.6,210.4
142846.7,210.5
142948.6,209.9
143054.0,210.6
143155.5,210.0
143261.1,209.6
143370.9,209.1
143485.7,209.8
143594.6,209.7
143703.1,210.3
143807.5,210.1
143911.6,210.7
144011.5,210.2
144116.1,209.5
144227.4,209.6
144338.7,209.4
144450.7,210.4
144554.1,210.9
144653.6,209.9
144760.8,209.3
144874.4,210.1
144981.2,209.3
145094.9,209.5
145206.1,210.3
145310.1,210.8
145410.6,210.1
145515.9,210.1
145622.5,209.9
145730.2,210.5
145833.1,209.9
145940.6,210.1
146046.4,210.5
146150.5,209.4
146261.9,210.2
146368.2,210.3
146472.7,210.5
146575.6,209.4
146689.0,210.0
146797.8,209.6
146910.0,209.1
147027.2,209.6
147138.4,211.0
147238.2,210.3
147342.8,209.9
147451.2,210.1
147558.5,210.4
147662.9,210.2
147766.6,212.7
147854.7,210.1
147958.3,210.7
148060.0,210.5
148162.7,210.9
148263.4,210.1
148370.0,209.8
148480.9,209.6
148593.8,209.5
148707.2,209.9
148817.7,209.6
148930.5,210.3
149035.7,211.0
149134.6,211.0
149233.5,210.2
149339.3,211.0
149439.0,211.2
149536.6,210.4
149640.7,210.2
149747.5,210.0
149856.3,210.1
149964.4,210.7
150067.2,210.2
150173.9,210.1
150282.5,210.3
150389.5,209.9
150499.1,210.5
150604.2,210.5
150707.5,211.5
150804.8,210.5
150906.8,211.5
151003.4,211.2
151100.4,211.4
151196.7,211.4
151292.6,211.5
151388.4,211.2
151486.0,211.4
151583.2,210.8
151684.7,210.8
151786.2,211.1
151886.1,210.9
151987.5,211.0
152088.6,210.7
152191.7,210.6
152295.5,211.0
152396.5,211.2
152496.3,210.3
152601.8,211.4
152700.9,210.8
152803.1,210.7
152906.8,210.8
153010.5,210.6
153115.1,210.6
153220.3,210.5
153326.7,210.8
153429.9,211.0
153531.6,210.7
153635.1,211.0
153736.2,211.5
153833.5,211.0
153935.5,210.3
154042.0,212.0
154137.3,210.5
154242.5,210.5
154349.1,210.3
154458.0,209.8
154571.9,210.5
154679.0,210.5
154785.6,210.6
154891.7,210.4
154999.7,210.0
155111.9,209.3
155231.5,209.4
155349.7,210.4
155459.6,210.2
155569.9,210.0
155683.0,209.8
155799.0,209.1
155921.2,209.4
156041.2,209.7
156158.6,209.3
156279.2,209.5
156397.9,209.9
156512.7,209.9
156627.6,209.1
156749.6,210.0
156863.8,210.0
156977.1,209.8
157093.6,209.4
157214.4,208.5
157345.7,208.3
157479.2,208.5
157609.8,209.6
157729.3,209.4
157850.6,208.8
157978.2,209.8
158094.3,209.7
158211.8,209.6
158330.3,209.7
158448.5,208.8
158575.3,209.2
158697.8,210.1
158812.3,209.9
158927.6,209.9
159043.0,209.9
159159.4,209.3
159280.5,211.3
159382.4,211.4
159482.5,210.9
159586.8,211.5
159687.8,210.2
159798.4,210.8
159904.8,211.4
160005.7,211.7
160103.8,211.4
160203.3,212.1
160297.9,211.9
160393.7,211.5
160491.4,212.8
160581.2,211.1
160684.1,211.7
160783.1,211.1
160887.0,211.0
160991.6,211.3
161094.0,210.9
161199.2,211.0
161303.8,211.4
161407.0,209.8
161523.2,210.7
161632.1,210.8
161739.4,211.1
161845.3,210.2
161958.1,210.3
162070.8,210.3
162184.4,209.8
162301.9,210.4
162415.5,209.5
162536.1,210.2
162651.1,209.9
162767.1,211.2
162871.8,211.7
162971.0,209.9
163086.3,212.2
163183.7,211.2
163287.0,211.5
163388.2,211.6
163488.3,211.9
163585.8,211.4
163686.7,212.5
163779.9,211.3
163882.6,211.3
163986.1,211.4
164088.4,211.4
164190.6,211.5
164292.1,211.5
164394.6,210.9
164500.9,211.3
164606.2,210.4
164718.7,209.9
164836.7,211.0
164944.5,211.2
165051.0,210.0
165167.8,209.7
165289.8,209.4
165414.8,208.9
165545.6,209.2
165673.1,210.0
165791.9,209.7
165913.1,209.6
166035.8,209.8
166156.0,210.1
166273.7,209.2
166401.1,209.8
166522.5,209.7
166643.4,210.6
166756.8,210.2
166873.3,209.6
166995.9,210.0
167115.3,210.2
167232.3,210.4
167348.8,209.1
167476.8,210.5
167590.1,210.2
167706.0,210.7
167818.3,209.8
167939.6,210.0
168059.0,210.1
168176.8,211.0
168285.7,210.7
168396.6,210.8
168507.2,210.8
168617.3,211.8
168718.9,211.4
168823.6,210.4
168938.3,210.9
169047.8,211.2
169154.0,212.0
169254.0,211.6
169355.6,212.3
169452.2,212.5
169547.9,211.3
169652.2,211.6
169755.1,211.9
169855.8,211.7
169958.9,210.6
170071.0,211.2
170178.3,211.9
170278.7,211.8
170380.1,211.9
170480.9,211.6
170585.0,210.8
170696.0,210.8
170808.4,210.8
170919.8,211.7
171022.6,211.8
171124.5,210.4
171241.5,210.7
171355.5,210.3
171472.6,210.3
171590.7,210.6
171705.1,210.8
171818.1,210.7
171931.5,210.3
172049.3,210.5
172166.2,210.0
172287.4,210.0
172409.2,210.3
172528.8,210.1
172648.6,211.0
172760.1,211.6
172864.9,211.8
172967.0,212.4
173065.1,211.7
173167.4,212.5
173264.1,212.6
173360.7,211.6
173463.7,212.3
173563.3,211.3
173670.5,211.7
173775.5,211.0
173888.1,210.4
174005.6,211.0
174118.8,210.8
174233.6,210.0
174356.0,211.0
174469.5,210.3
174589.2,210.8
174705.0,210.1
174827.3,210.2
174949.3,209.7
175076.4,210.1
175199.2,210.3
175319.8,210.4
175439.4,210.3
175560.3,210.3
175680.8,210.4
175799.8,210.8
175915.5,210.4
176034.6,211.0
176148.7,210.5
176267.1,210.0
176391.0,210.9
176506.4,210.8
176622.5,210.5
176742.7,210.3
176865.4,209.5
176996.6,209.5
177128.5,209.2
177264.4,209.8
177393.6,209.9
177521.5,209.7
177651.6,209.5
177783.5,210.1
177908.3,210.7
178027.2,210.3
178149.0,211.5
178260.4,211.6
178368.5,212.5
178469.0,212.1
178572.8,211.6
178681.7,212.2
178785.2,211.8
178893.3,210.6
179010.2,212.6
179111.6,212.7
179209.7,213.0
179306.3,212.2
179408.0,212.6
179508.7,212.1
179613.0,211.9
179719.7,211.7
179828.0,212.5
179929.3,211.4
180040.8,211.5
180152.3,211.4
180265.1,211.0
180382.6,210.4
180506.8,210.1
180633.9,210.3
180760.4,209.8
180891.7,209.6
181026.3,210.2
181151.8,211.3
181268.2,209.8
181398.8,210.0
181528.4,210.9
181648.0,210.1
181775.2,209.8
181907.9,209.7
182041.6,209.7
182175.3,210.2
182303.3,209.9
182434.6,210.1
182564.8,209.4
182702.8,209.6
182837.7,211.1
182957.9,210.2
183085.9,209.2
183227.4,209.8
183361.1,209.9
183494.8,209.5
183633.1,209.2
183775.0,210.5
183901.2,210.1
184031.3,209.5
184169.3,210.0
184302.1,209.8
184437.2,209.8
184571.9,209.5
184710.1,210.2
184842.0,209.5
184980.5,209.1
185125.4,209.5
185265.1,210.0
185399.2,209.7
185535.4,209.9
185670.0,209.3
185813.1,209.5
185953.7,209.8
186090.8,209.1
186235.6,209.6
186375.2,209.9
186510.1,210.4
186639.6,210.7
186765.7,209.7
186902.6,209.8
187039.5,210.0
187174.3,209.9
187310.1,210.3
187441.2,210.4
187571.4,210.4
187700.8,210.6
187828.9,211.8
187944.0,210.9
188066.9,211.7
188182.5,211.2
188303.3,211.4
188421.7,211.6
188538.8,211.6
188654.6,212.6
188761.3,212.6
188867.7,212.3
188976.2,213.1
189077.4,213.2
189177.9,213.8
189272.3,214.4
189362.2,213.9
189455.3,214.2
189549.2,212.5
189655.0,212.5
189762.9,212.5
189871.1,212.6
189978.2,211.6
190095.5,212.1
190209.2,211.7
190325.6,211.5
190443.2,212.7
190551.5,212.0
190664.0,212.0
190777.7,211.4
190898.3,211.4
191018.9,211.9
191134.9,211.6
191253.5,211.5
191373.9,210.7
191502.3,211.8
191620.4,211.4
191742.0,211.1
191867.6,210.1
192004.9,210.1
192142.2,211.0
192270.3,210.0
192408.1,211.1
192535.0,210.9
192663.2,210.8
192792.1,211.3
192916.0,211.1
193040.6,211.8
193160.0,211.1
193284.2,212.6
193394.7,212.5
193503.6,213.5
193605.1,213.1
193708.4,213.3
193810.3,213.2
193914.1,211.5
194034.0,212.0
194150.6,211.4
194273.1,211.8
194391.2,212.0
194507.2,212.6
194618.6,211.4
194742.2,210.5
194876.0,211.4
195000.2,211.2
195125.9,211.4
195249.8,211.0
195378.4,211.7
195499.8,210.7
195631.0,212.0
195749.8,211.1
195876.2,211.7
195996.7,211.7
196117.2,211.9
196235.3,212.2
196351.4,211.3
196475.7,212.5
196586.8,213.0
196694.4,212.5
196805.3,212.8
196914.6,212.5
197026.7,214.2
197121.5,213.6
197221.9,212.7
197331.7,212.9
197439.6,212.9
197546.3,214.0
197645.9,212.9
197752.3,213.6
197855.0,213.1
197959.0,214.3
198056.2,213.0
198161.9,213.2
198267.2,213.6
198368.8,213.8
198468.1,213.9
198566.5,214.1
198662.9,214.6
198756.1,214.4
198850.6,214.2
198946.4,214.2
199041.2,215.5
199127.5,215.0
199216.6,214.7
199308.2,214.9
199398.8,214.9
199488.7,215.1
199577.3,215.6
199661.9,215.2
199750.4,214.4
199843.6,215.2
199932.6,215.1
200021.4,216.1
200102.0,216.7
200179.3,215.5
200265.0,214.9
200354.7,215.3
200442.3,215.6
200527.6,215.6
200613.2,215.4
200699.3,215.8
200783.9,215.3
200871.1,215.6
200956.4,215.5
201042.6,215.2
201131.3,215.1
201220.1,216.4
201300.1,216.1
201381.4,215.9
201465.0,215.5
201550.2,216.2
201632.6,215.3
201720.8,215.2
201810.1,215.3
201898.8,215.3
201986.8,215.5
202073.7,216.1
202156.4,215.6
202241.8,215.7
202327.3,215.6
202413.8,215.5
202499.5,216.4
202581.1,214.7
202674.8,215.2
202764.2,216.0
202848.1,216.0
202930.9,216.1
203013.6,215.3
203102.2,214.9
203194.5,214.9
203287.5,214.6
203382.5,214.9
203475.5,213.9
203577.4,214.1
203677.5,214.1
203777.7,214.6
203873.7,214.1
203974.0,213.5
204080.6,213.7
204185.2,214.2
204285.8,213.1
204395.9,212.9
204508.9,213.1
204620.2,213.6
204726.7,212.5
204843.0,213.7
204950.2,213.0
205061.4,213.0
205174.1,213.3
205283.3,213.6
205390.9,212.6
205506.4,213.0
205619.1,213.7
205725.1,213.4
205833.2,213.4
205940.5,214.4
206040.4,213.8
206144.6,213.2
206253.8,213.8
206358.4,214.4
206457.7,214.1
206558.2,214.4
206657.2,214.3
206756.4,214.3
206854.7,215.1
206949.5,213.8
207051.0,214.7
207147.7,214.7
207243.9,214.3
207343.1,214.2
207443.5,214.4
207542.8,214.5
207640.9,214.6
207737.3,215.1
207829.8,215.3
207920.9,214.7
208017.1,214.5
208114.6,215.0
208209.7,214.0
208311.2,214.8
208407.7,214.8
208502.8,214.8
208598.5,214.7
208695.3,214.5
208793.2,215.0
208887.9,214.8
208983.0,215.9
209069.9,215.4
209160.2,215.5
209250.8,214.9
209344.5,215.3
209436.0,215.3
209526.9,215.6
209616.1,215.1
209708.4,215.1
209801.3,215.0
209894.0,215.8
209981.7,216.1
210067.0,215.5
210156.1,215.4
210245.7,216.1
210330.8,216.1
210415.8,215.5
210504.8,216.0
210591.8,215.3
210682.8,215.6
210771.5,216.4
210855.3,215.4
210943.8,216.3
211027.8,215.6
211116.3,216.5
211199.4,216.0
211284.0,216.3
211367.0,216.7
211446.4,217.6
211521.3,216.4
211603.4,216.3
211686.4,216.6
211767.9,216.6
211849.8,216.2
211933.6,216.1
212019.4,215.4
212109.6,215.9
212196.3,216.7
212277.5,216.8
212358.2,216.1
212443.3,215.6
212532.1,216.8
212612.8,216.5
212695.5,215.8
212782.6,215.9
212869.9,216.6
212952.2,216.4
213035.7,215.6
213125.4,215.9
213212.7,216.2
213298.5,215.9
213385.2,216.4
213469.4,215.2
213562.2,215.8
213652.0,215.3
213744.2,215.4
213836.3,216.1
213923.5,216.2
214009.5,216.0
214096.6,216.0
214184.2,215.7
214274.1,216.1
214360.5,216.4
214445.8,215.6
214535.5,216.1
214623.1,216.1
214710.6,215.7
214801.2,215.3
214895.1,215.0
214990.6,216.1
215079.2,216.6
215162.6,216.3
215248.7,215.9
215338.1,215.6
215430.0,216.2
215517.4,215.5
215609.7,216.0
215699.0,216.1
215786.9,216.3
215873.7,216.2
215961.1,216.3
216046.9,217.2
216127.6,216.0
216215.5,217.2
216296.5,216.8
216379.0,217.0
216460.4,216.8
216543.3,216.5
216628.9,216.5
216714.7,216.7
216799.5,216.3
216886.8,216.2
216975.4,216.0
217065.6,216.0
217156.3,215.8
217248.4,215.7
217341.9,215.3
217438.7,215.0
217537.9,215.4
217634.5,215.4
217731.2,215.5
217827.3,215.3
217924.9,214.6
218030.1,214.9
218132.5,214.2
218241.1,214.2
218350.6,214.3
218459.9,213.8
218573.0,214.3
218681.7,214.8
218786.8,213.4
218904.3,213.5
219022.1,213.7
219138.3,214.1
219252.0,212.9
219376.1,212.5
219506.7,213.3
219628.8,213.1
219753.2,212.7
219880.9,213.2
220004.3,213.1
220128.4,213.5
220247.8,213.6
220367.7,212.5
220499.1,213.1
220624.7,213.3
220748.0,213.2
220872.5,212.2
221008.6,212.4
221144.1,212.1
221282.1,212.7
221414.5,212.0
221554.2,212.0
221695.3,211.5
221842.6,211.8
221986.5,211.4
222135.2,211.6
222282.2,211.4
222432.4,210.9
222589.7,211.3
222743.3,209.8
222917.7,209.8
223093.3,211.1
223250.2,211.3
223403.8,210.4
223570.0,210.3
223739.6,210.1
223912.0,210.2
224083.5,210.0
224257.7,209.9
224433.8,210.2
224605.8,209.8
224782.7,210.3
224953.6,209.6
225134.6,210.0
225310.9,209.6
225492.0,210.2
225665.4,209.7
225845.2,210.3
226016.6,210.3
226187.7,210.4
226356.0,210.8
226519.9,210.5
226688.4,210.2
226858.6,211.7
227010.0,211.5
227161.1,211.9
227307.2,212.2
227448.3,213.1
227579.8,213.5
227707.6,211.8
227853.0,212.5
227993.2,211.9
228139.5,212.1
228284.0,212.4
228424.7,211.5
228577.9,211.7
228728.6,210.8
228893.2,210.7
229059.8,210.3
229231.2,210.9
229395.2,210.3
229568.4,209.8
229750.2,209.9
229930.6,209.7
230113.4,209.9
230293.9,209.9
230473.8,210.5
230643.6,210.8
230808.1,212.1
230955.2,211.7
231104.1,213.1
231239.8,211.0
231399.1,211.4
231555.0,211.4
231712.0,210.2
231885.8,210.2
232061.3,210.3
232235.2,210.3
232408.9,210.4
232580.9,210.8
232747.2,211.0
232910.2,211.2
233070.4,211.3
233228.6,211.8
233378.8,211.6
233532.2,212.3
233675.6,211.6
233828.7,211.8
233979.7,211.7
234131.8,211.7
234284.1,212.0
234432.7,211.7
234584.2,212.1
234731.1,211.9
234879.9,212.9
235015.4,212.7
235152.8,212.8
235289.9,213.0
235423.9,212.9
235559.5,212.7
235696.6,212.8
235833.1,212.8
235970.2,213.1
236103.1,213.0
236235.8,214.2
236356.1,213.7
236480.1,214.2
236599.5,214.2
236719.0,214.1
236839.0,214.4
236957.4,213.7
237082.2,214.0
237203.7,214.3
237322.2,214.9
237434.0,215.2
237543.0,214.5
237658.0,215.0
237769.3,214.7
237882.1,215.5
237988.5,214.8
238100.6,215.2
238210.2,214.8
238322.8,214.5
238438.3,215.0
238549.1,215.2
238658.0,215.5
238764.9,214.7
238878.4,214.8
238991.6,215.0
239102.0,215.6
239207.4,215.6
239312.7,215.1
239422.0,214.7
239536.0,215.5
239642.6,215.3
239750.8,215.3
239857.8,216.1
239959.1,215.7
240062.3,216.1
240163.5,215.4
240270.4,214.9
240382.4,216.4
240481.2,215.2
240590.1,215.1
240700.5,215.4
240807.8,215.8
240910.4,216.9
241004.2,217.1
241096.7,216.5
241193.2,216.0
241293.4,216.7
241389.6,216.7
241484.9,216.9
241578.2,216.6
241674.3,216.5
241771.8,216.9
241865.4,217.4
241955.1,217.2
242046.0,217.1
242137.1,217.7
242224.3,218.0
242308.5,218.1
242392.1,218.1
242475.5,218.8
242555.0,217.8
242638.7,218.9
242717.4,218.3
242797.8,219.5
242872.1,220.3
242940.3,220.4
243008.1,220.0
243077.5,219.8
243147.7,220.6
243215.4,219.8
243285.8,220.1
243354.9,220.6
243421.9,220.2
243490.4,220.3
243558.9,220.0
243629.0,219.8
243700.7,219.9
243772.2,219.8
243844.6,219.1
243920.3,220.2
243990.6,219.8
244062.4,219.6
244136.1,219.2
244212.9,218.8
244292.4,218.7
244372.8,218.7
244452.6,219.1
244530.6,219.1
244608.0,219.3
244684.8,218.7
244765.5,218.3
244849.3,218.0
244935.5,217.9
245022.6,217.8
245111.8,216.9
245207.7,216.5
245308.3,215.9
245414.3,216.1
245519.2,216.4
245621.5,215.8
245729.0,215.8
245837.4,215.2
245951.3,215.4
246064.2,215.0
246180.5,214.8
246299.6,214.8
246419.3,213.8
246549.9,214.5
246674.0,214.1
246803.6,213.2
246941.6,213.9
247073.6,213.1
247215.7,212.6
247363.9,212.4
247516.1,211.9
247675.1,211.1
247847.8,211.4
248016.3,211.5
248182.5,211.4
248349.0,212.3
248503.7,212.3
248657.5,212.3
248811.4,212.0
248969.4,212.7
249118.7,212.7
249267.4,212.7
249416.0,212.0
249573.6,212.5
249725.3,212.4
249879.0,211.7
250042.5,212.1
250201.0,212.0
250360.6,211.4
250529.2,211.4
250698.5,210.9
250875.3,211.0
251051.7,210.4
251237.1,211.1
251413.4,210.8
251593.6,210.6
251777.8,210.9
251957.2,210.9
252135.9,211.1
252311.0,211.2
252486.2,210.6
252670.1,209.9
252866.9,209.8
253066.7,210.1
253261.7,210.2
253454.2,210.0
253649.2,210.7
253833.5,210.0
254029.5,210.5
254218.6,209.9
254418.3,210.0
254616.0,210.7
254801.8,210.8
254985.1,210.9
255167.1,211.2
255345.1,210.4
255536.0,210.1
255731.7,210.6
255919.8,210.9
256103.4,210.5
256292.9,210.5
256483.6,210.6
256671.9,210.0
256871.8,210.4
257065.3,210.6
257253.8,210.9
257437.2,211.2
257615.6,211.4
257792.7,210.7
257980.6,211.2
258160.0,211.4
258336.8,210.2
258533.4,211.1
258716.1,211.4
258893.7,211.2
259074.1,211.5
259248.6,211.8
259419.5,212.3
259582.1,211.7
259755.7,211.0
259940.6,211.2
260123.0,210.9
260311.7,210.0
260514.8,211.0
260701.2,211.1
260885.5,210.8
261075.2,210.4
261273.3,210.0
261479.8,210.4
261677.9,210.3
261877.8,211.7
262053.4,211.1
262238.3,211.4
262419.7,210.9
262609.2,210.4
262807.8,210.1
263013.5,210.5
263210.9,211.0
263400.4,210.9
263591.7,210.6
263788.2,211.4
263971.1,210.5
264169.2,211.4
264351.6,212.2
264521.2,212.3
264689.1,212.3
264858.0,211.5
265037.5,211.9
265212.6,211.6
265392.3,211.1
265579.9,211.5
265762.1,211.7
265940.9,211.1
266130.2,211.0
266321.6,210.9
266513.9,211.2
266702.0,211.0
266894.4,210.4
267097.9,210.3
267304.9,209.5
267525.9,209.7
267743.8,210.3
267950.9,210.8
268149.2,210.1
268359.2,209.8
268576.0,209.7
268795.4,209.6
269017.5,210.2
269227.3,210.0
269441.0,210.0
269654.4,209.9
269869.3,209.9
270085.2,209.6
270307.5,209.8
270525.9,209.5
270750.7,209.3
270978.9,209.9
271195.5,209.2
271426.7,209.9
271643.2,210.0
271858.0,209.5
272084.2,208.9
272323.5,209.3
272554.6,209.3
272784.5,209.1
273020.4,209.1
273256.0,209.2
273489.8,209.0
273727.0,209.3
273957.5,209.1
274193.5,209.1
274429.7,209.4
274659.3,209.2
274892.9,209.3
275124.4,209.3
275357.4,209.3
275588.9,209.8
275811.3,209.4
276041.2,209.8
276264.2,209.4
276494.7,209.3
276727.3,210.0
276943.8,210.4
277153.6,210.2
277368.4,209.7
277592.8,209.3
277826.2,209.9
278047.8,209.3
278281.0,208.9
278524.6,210.0
278743.0,210.5
278952.5,210.5
279162.2,210.0
279382.2,209.8
279607.1,208.9
279849.0,210.3
280064.4,210.2
280281.9,209.6
280510.2,210.1
280730.1,210.2
280947.3,210.9
281151.2,211.4
281345.4,211.6
281534.0,212.8
281705.8,211.6
281895.9,211.1
282095.4,211.7
282285.0,211.3
282480.8,210.3
282695.7,210.8
282902.3,211.6
283095.4,211.4
283290.3,211.4
283485.4,211.8
283674.1,211.6
283866.1,212.0
284052.1,211.8
284239.9,212.2
284422.2,212.2
284604.7,212.3
284785.2,212.5
284963.3,211.9
285149.9,212.2
285333.2,212.4
285511.9,212.5
285690.2,212.3
285871.2,212.4
286051.2,212.5
286229.7,211.5
286425.9,212.9
286599.0,212.5
286777.8,212.7
286954.4,212.4
287135.3,213.0
287306.4,212.9
287478.7,213.3
287645.6,213.1
287815.0,212.6
287992.6,213.3
288160.1,212.8
288334.1,212.8
288509.2,213.2
288679.1,213.3
288847.1,213.3
289014.2,213.6
289177.3,214.2
289331.9,213.9
289491.4,213.2
289661.4,213.1
289833.2,213.9
289994.3,212.9
290167.9,213.8
290329.8,213.4
290497.8,213.4
290665.6,213.7
290828.6,214.2
290984.6,214.7
291133.6,214.4
291286.8,214.4
291440.8,213.9
291601.8,213.7
291766.2,214.1
291924.7,213.9
292086.8,213.8
292251.3,213.0
292428.6,212.6
292614.3,212.5
292801.7,212.9
292983.0,212.6
293169.6,212.1
293364.9,211.6
293569.9,212.0
293768.2,211.8
293970.3,212.2
294166.8,211.3
294378.9,211.6
294587.4,210.5
294816.8,210.7
295043.1,211.1
295260.4,211.9
295464.9,210.8
295690.8,210.7
295920.2,210.5
296152.2,210.7
296382.2,211.3
296598.3,211.1
296819.0,211.6
297030.2,212.1
297230.8,213.3
297410.2,212.6
297601.4,212.3
297799.3,211.9
298005.1,211.5
298219.1,211.1
298442.4,210.9
298670.3,211.3
298890.0,212.0
299097.0,210.4
299334.2,210.6
299569.0,211.1
299794.0,211.4
300012.7,211.6
300228.6,211.7
300441.7,211.9
300652.3,211.6
300867.8,211.7
301082.6,212.2
301286.3,212.4
301487.8,212.7
301683.8,213.1
301871.9,212.3
302075.4,211.9
302287.6,211.7
302506.0,211.1
302736.1,211.5
302958.4,211.1
303188.3,211.1
303419.5,211.2
303648.7,212.2
303858.4,212.0
304072.6,211.8
304290.5,212.1
304503.3,212.5
304707.9,212.9
304905.4,212.4
305112.0,213.1
305307.4,212.7
305506.8,213.7
305692.4,212.8
305892.0,213.0
306089.4,213.1
306284.0,212.9
306482.8,213.5
306670.9,214.2
306847.2,213.9
307027.8,213.6
307215.3,212.7
307418.1,212.9
307619.2,212.7
307824.1,213.1
308021.7,212.6
308229.3,211.5
308460.9,210.8
308705.6,211.7
308932.8,211.3
309168.2,211.5
309399.0,211.7
309626.5,212.1
309845.8,212.5
310057.0,211.9
310278.8,212.3
310493.8,212.6
310703.4,212.3
310918.0,212.2
311136.4,211.7
311365.1,212.6
311576.2,212.2
311793.5,212.6
312004.9,212.0
312226.8,212.8
312433.9,213.0
312636.7,212.9
312841.3,212.9
313047.2,212.4
313260.4,213.3
313459.0,212.8
313664.7,213.5
313859.8,213.1
314060.4,212.8
314267.2,213.8
314455.8,213.8
314643.8,213.4
314837.4,214.4
315016.0,213.9
315200.3,215.0
315370.1,214.0
315553.7,214.3
315732.7,214.6
315908.0,214.1
316089.9,214.6
316265.3,214.9
316434.2,215.3
316598.2,214.1
316779.5,213.9
316964.9,215.5
317126.8,215.1
317291.8,215.7
317449.1,216.1
317599.6,216.7
317744.8,215.0
317910.9,214.7
318083.2,214.8
318255.7,214.6
318430.7,214.5
318607.8,214.1
318790.8,214.2
318972.2,214.0
319157.2,214.4
319337.0,214.0
319521.8,213.4
319718.2,213.2
319919.1,212.3
320137.3,213.0
320342.3,213.1
320544.2,213.1
320745.7,213.1
320948.8,213.1
321151.3,213.4
321347.2,213.6
321539.9,213.2
321739.2,214.0
321924.8,214.3
322105.3,214.4
322283.5,214.3
322462.5,215.3
322627.0,214.4
322803.4,215.0
322972.6,214.9
323142.2,215.1
323309.0,215.4
323471.2,215.4
323632.8,215.9
323786.5,215.7
323942.7,215.4
324103.2,216.0
324255.4,216.1
324405.8,216.3
324553.5,216.5
324699.8,215.8
324852.7,216.8
324995.3,216.4
325141.0,216.9
325281.2,217.3
325415.1,217.3
325549.8,217.0
325688.4,216.6
325831.1,217.0
325969.1,216.9
326107.8,217.1
326244.5,217.4
326378.2,217.3
326512.6,217.6
326642.8,218.0
326768.5,217.9
326894.7,218.5
327015.8,217.8
327144.1,217.8
327273.1,217.6
327404.0,217.8
327533.1,218.2
327658.1,217.7
327787.6,217.7
327917.9,218.0
328045.7,217.7
328175.9,218.0
328302.5,218.5
328424.2,218.8
328543.1,218.0
328669.0,218.3
328793.0,218.0
328920.8,218.1
329048.2,217.9
329177.1,218.7
329297.2,218.6
329417.7,218.4
329541.2,218.3
329666.3,217.7
329798.4,217.5
329932.9,218.1
330061.5,217.4
330196.8,217.8
330328.4,218.1
330456.6,217.8
330587.5,218.2
330714.5,218.2
330841.1,218.3
330966.6,218.4
331092.7,217.5
331227.5,218.1
331356.4,217.7
331489.3,217.8
331622.4,217.1
331764.4,217.3
331903.7,217.3
332042.6,217.7
332177.7,217.7
332311.7,218.8
332434.2,218.9
332555.5,218.2
332682.2,219.5
332796.1,219.1
332912.3,219.9
333022.2,220.0
333130.4,220.4
333234.5,220.9
333334.9,220.2
333441.1,220.2
333547.0,220.9
333647.8,220.9
333747.3,221.2
333844.4,221.5
333939.6,221.1
334037.8,220.6
334140.5,220.7
334242.8,220.6
334346.4,220.5
334449.2,221.6
334544.8,221.6
334639.5,220.9
334739.4,220.9
334840.6,220.3
334946.4,220.8
335049.5,220.8
335152.6,220.0
335263.0,219.3
335380.9,219.8
335494.6,219.4
335611.7,219.6
335727.9,218.6
335855.0,219.1
335977.8,218.0
336113.3,217.8
336251.7,217.7
336392.2,217.2
336538.7,217.2
336687.2,216.4
336846.2,216.1
337009.8,216.2
337173.3,215.9
337341.6,215.6
337515.2,215.4
337692.6,215.4
337870.2,215.3
338050.4,214.9
338237.5,214.4
338433.5,214.3
338632.7,213.8
338841.5,213.3
339060.1,212.7
339291.3,212.9
339519.8,212.5
339758.1,212.2
340003.0,211.7
340259.4,211.6
340519.3,211.2
340790.8,210.8
341072.3,210.2
341372.5,209.3
341699.0,209.0
342036.3,209.5
342358.9,209.2
342690.5,208.7
343039.5,209.8
343354.6,208.9
343694.8,210.1
344002.6,209.4
344329.2,209.8
344645.4,209.4
344974.1,209.6
345297.2,209.9
345612.2,209.7
345931.4,210.1
346239.6,210.0
346552.7,209.5
346879.3,210.4
347180.5,209.9
347495.2,209.9
347810.4,211.0
348097.9,210.3
348403.8,209.7
348728.5,209.8
349049.3,210.4
349351.4,212.0
349613.9,210.7
349908.1,211.2
350190.2,211.1
350473.8,211.0
350761.0,210.3
351068.0,210.8
351362.4,210.6
351663.0,210.5
351965.7,210.5
352268.3,210.7
352567.2,210.6
352870.1,210.6
353171.6,210.6
353475.1,210.7
353774.2,211.0
354065.4,210.9
354359.9,211.1
354650.8,210.2
354968.9,209.7
355303.1,209.5
355644.1,209.4
355989.8,209.5
356331.6,209.6
356672.6,209.9
357003.4,209.8
357336.1,209.6
357676.5,209.7
358015.3,209.5
358362.3,209.5
358708.5,209.2
359064.3,209.7
359404.8,209.7
359747.3,209.7
360090.3,210.3
360417.0,209.8
360758.9,210.3
361086.4,209.7
361434.0,210.7
361752.2,209.9
362094.3,210.6
362416.9,210.9
362728.9,210.4
363056.6,210.1
363393.2,211.3
363697.2,211.2
364004.2,211.2
364311.0,210.8
364631.1,211.1
364942.1,210.9
365262.1,210.1
365607.6,210.1
365952.1,211.0
366272.1,211.0
366589.4,210.7
366916.5,210.8
367243.9,210.9
367569.6,210.5
367906.4,210.8
368234.3,211.1
368555.2,211.2
368872.5,211.0
369195.0,210.9
369523.3,210.0
369881.3,210.5
370224.8,210.9
370555.0,210.9
370884.4,211.5
371196.6,211.2
371516.8,211.2
371837.7,212.1
372134.1,211.8
372439.4,211.8
372744.4,211.9
373047.8,211.8
373352.8,212.2
373648.8,212.6
373933.8,213.3
374200.1,212.9
374477.3,212.4
374769.0,212.1
375068.6,211.8
375378.2,211.4
375701.4,210.3
376058.3,210.5
376412.1,210.6
376762.2,210.8
377105.8,211.0
377444.0,211.0
377781.2,211.2
378111.8,211.8
378426.7,211.5
378747.6,211.9
379059.8,211.7
379376.7,212.2
379678.8,211.3
380007.0,211.8
380321.2,212.2
380622.9,212.4
380921.1,212.4
381218.0,212.7
381506.0,213.3
381780.8,213.2
382057.2,212.9
382341.3,213.1
382619.4,213.2
382894.3,213.7
383157.7,213.6
383424.2,213.5
383692.8,213.6
383959.8,212.6
384251.7,212.9
384538.0,213.0
384820.7,212.2
385127.3,212.3
385430.7,212.0
385741.9,212.5
386041.9,212.7
386334.7,212.9
386622.1,213.7
386888.8,213.2
387168.5,213.1
387449.8,213.7
387716.3,213.9
387976.7,214.0
388235.1,214.7
388476.9,214.1
388733.3,213.5
389004.9,213.2
389284.5,212.6
389581.6,212.6
389880.9,211.9
390199.1,212.0
390515.6,211.2
390858.7,211.3
391196.2,212.0
391514.6,211.8
391838.4,212.4
392144.5,213.0
392432.8,212.9
392723.0,212.7
393020.6,212.9
393311.8,212.9
393602.0,213.3
393883.2,213.5
394158.5,213.8
394425.5,214.1
394684.2,214.1
394942.7,214.6
395189.5,214.8
395432.5,215.0
395670.5,214.9
395909.9,215.3
396141.2,215.0
396378.8,215.2
396611.8,216.2
396825.5,216.3
397036.4,215.5
397261.7,215.9
397480.1,216.0
397696.4,216.3
397907.7,216.3
398118.3,216.8
398319.3,216.7
398520.9,216.9
398719.2,216.9
398918.0,217.4
399107.3,216.9
399304.8,216.9
399504.1,216.2
399716.3,216.5
399922.2,217.5
400109.0,217.4
400297.2,217.7
400481.3,217.0
400677.9,217.3
400868.0,217.4
401057.7,217.5
401244.4,217.7
401427.6,218.2
401602.4,218.6
401771.0,218.2
401946.8,217.8
402127.6,218.0
402305.3,218.8
402471.4,218.6
402639.0,218.6
402806.7,218.6
402975.2,218.6
403142.9,219.2
403303.2,218.5
403472.1,218.8
403636.8,219.1
403796.3,219.2
403954.1,219.6
404107.1,219.1
404266.0,219.3
404423.4,219.0
404584.6,219.2
404743.2,219.1
404904.3,218.7
405070.9,219.4
405226.7,219.1
405387.2,218.9
405551.0,218.8
405716.3,219.3
405875.4,219.0
406038.6,219.5
406195.0,219.5
406349.7,219.7
406502.3,219.8
406654.8,219.3
406813.8,218.9
406979.5,219.5
407135.9,219.2
407296.1,220.1
407445.3,220.0
407596.0,219.1
407756.8,220.2
407906.1,219.2
408066.9,219.6
408223.5,219.8
408376.5,219.3
408537.4,219.2
408701.0,219.0
408867.5,219.3
409029.4,219.7
409184.7,219.7
409340.4,219.2
409503.4,219.6
409661.9,219.4
409822.1,219.2
409987.0,218.8
410156.7,219.2
410322.0,218.9
410491.8,218.8
410662.6,219.0
410831.9,218.6
411006.4,218.7
411179.9,218.7
411352.7,219.1
411521.0,218.7
411696.5,217.9
411884.5,217.8
412074.5,218.0
412262.4,217.9
412451.4,217.7
412643.3,218.6
412821.9,218.0
413010.4,217.9
413200.3,218.2
413386.8,218.0
413575.8,217.4
413777.6,217.7
413973.0,217.9
414165.7,217.6
414363.0,217.6
414561.0,218.1
414751.3,217.8
414946.0,217.8
415141.5,217.6
415340.5,218.2
415531.0,217.9
415726.4,218.2
415915.5,218.4
416102.7,218.0
416297.2,218.0
416493.0,218.3
416684.5,217.7
416885.0,217.7
417087.6,217.4
417294.1,218.5
417483.3,217.5
417689.9,217.4
417898.8,217.7
418104.0,217.2
418318.7,217.3
418531.0,217.5
418739.8,217.2
418954.2,217.1
419172.1,216.5
419403.1,216.7
419631.8,216.2
419871.1,216.1
420113.6,216.5
420347.8,216.6
420579.0,216.1
420823.0,215.8
421073.6,216.4
421311.4,216.1
421555.2,217.1
421777.9,218.2
421978.2,218.4
422174.0,218.0
422377.8,217.6
422590.0,217.0
422815.6,217.0
423042.6,216.1
423289.2,215.2
423556.6,216.0
423808.2,215.4
424073.5,214.8
424355.3,213.6
424669.3,213.7
424983.0,212.5
425333.2,213.5
425655.8,211.8
426033.1,211.6
426419.4,210.8
426836.5,210.3
427275.1,210.2
427718.7,209.9
428178.3,210.2
428622.6,210.0
429075.4,210.3
429517.0,211.2
429923.5,210.2
430368.7,209.9
430827.8,210.4
431268.0,209.7
431737.2,210.6
432167.7,210.3
432613.2,209.7
433086.2,209.4
433573.5,209.9
434035.8,210.1
434491.8,209.9
434955.5,210.0
435416.3,210.4
435856.8,210.2
436307.9,210.2
436759.6,210.6
437192.4,211.3
437600.3,210.6
438034.9,210.9
438457.7,210.9
438880.6,210.7
439311.9,210.9
439736.0,212.2
440110.5,212.1
440490.3,211.8
440879.1,210.8
441308.0,211.1
441725.8,211.1
442143.1,210.8
442576.1,210.5
443021.2,211.7
443418.0,211.3
443829.2,210.5
444274.3,211.2
444693.2,211.2
445109.6,211.6
445512.8,211.4
445923.3,211.0
446350.7,210.2
446813.5,209.5
447310.2,209.7
447799.2,209.3
448307.7,209.6
448803.7,209.9
449285.9,210.0
449763.0,210.1
450236.8,210.9
450677.7,211.2
451106.5,210.7
451556.1,210.9
451998.1,210.0
452479.9,209.8
452972.0,209.7
453468.0,210.0
453950.9,210.2
454429.0,209.5
454937.2,210.6
455397.5,211.7
455814.0,210.9
456261.0,211.8
456671.2,212.9
457039.8,213.2
457395.4,214.2
457722.4,213.5
458072.4,212.6
458454.6,211.9
458863.1,211.0
459306.1,211.4
459735.4,212.3
460130.4,212.9
460500.8,213.4
460855.0,213.8
461195.6,214.0
461528.8,213.3
461885.5,212.8
462262.7,212.0
462669.2,212.2
463067.4,212.8
463444.8,213.0
463815.6,213.1
464180.3,212.8
464557.8,213.3
464915.9,213.5
465267.0,213.9
465606.7,213.7
465951.9,214.1
466284.8,214.1
466618.1,214.5
466939.4,214.3
467265.8,214.4
467589.5,214.5
467911.8,214.4
468235.0,214.6
468551.7,215.1
468855.5,215.1
469158.2,215.3
469455.4,215.5
469748.2,215.3
470043.8,216.5
470310.4,215.4
470604.2,215.5
470896.1,215.7
471184.2,215.6
471473.9,215.5
471767.5,215.1
472071.6,215.0
472380.2,214.7
472698.1,214.7
473016.3,214.5
473339.9,214.5
473664.0,214.5
473989.2,214.7
474308.6,214.1
474646.5,214.5
474973.0,214.2
475309.3,214.2
475646.3,214.2
475983.6,214.4
476314.6,214.3
476651.2,214.2
476989.5,214.1
477333.8,214.4
477668.9,214.1
478014.0,214.2
478355.4,214.1
478700.2,214.3
479040.7,214.3
479379.8,213.8
479738.6,213.8
480096.8,213.8
480457.8,213.7
480822.7,213.6
481189.7,213.3
481569.2,213.9
481927.3,213.7
482295.0,213.6
482663.5,213.7
483029.7,213.9
483390.8,213.6
483760.5,214.1
484116.0,213.7
484485.3,213.1
484878.7,212.8
485283.7,212.9
485685.4,213.2
486076.3,213.4
486459.1,213.5
486839.8,213.6
487216.6,213.6
487595.2,213.2
487987.2,212.1
488423.1,212.2
488858.0,212.4
489285.2,212.3
489715.5,212.5
490137.9,212.4
490566.2,212.3
490999.4,212.2
491436.7,212.2
491877.0,212.4
492309.1,212.5
492738.8,212.5
493168.6,212.4
493604.7,212.6
494032.7,213.2
494437.4,213.1
494846.1,212.9
495262.0,213.0
495678.2,213.5
496075.1,213.9
496458.6,213.9
496841.0,213.5
497240.8,213.6
497635.8,213.6
498030.3,214.4
498397.5,213.9
498782.2,214.5
499148.4,214.4
499519.1,214.5
499886.3,214.5
500252.9,214.7
500613.0,214.5
500981.3,214.6
501347.5,214.7
501710.4,214.5
502078.4,214.9
502435.7,214.1
502821.5,214.6
503188.8,214.6
503558.3,214.6
503925.8,214.5
504301.0,213.2
504722.6,213.5
505134.3,213.5
505548.3,213.8
505951.2,213.6
506361.6,213.7
506769.3,213.2
507197.5,213.8
507603.4,213.8
508010.4,213.2
508438.4,213.3
508864.3,213.4
509288.3,213.8
509697.8,213.2
510128.1,213.6
510542.7,213.9
510946.5,214.1
511343.8,213.8
511752.3,213.8
512163.8,213.1
512602.6,212.9
513053.0,212.3
513531.2,211.6
514044.2,211.0
514586.3,211.2
515118.9,210.6
515683.0,210.9
516235.5,210.6
516800.9,211.1
517343.1,211.1
517882.8,211.7
518395.2,211.4
518924.4,211.6
519443.3,211.5
519965.0,211.6
520484.3,211.7
521002.1,210.8
521561.9,210.6
522136.2,210.8
522700.1,210.9
523259.5,210.9
523818.2,210.9
524377.0,211.0
524928.2,211.2
525470.9,211.1
526021.5,210.9
526578.2,210.6
527152.1,210.6
527728.8,210.4
528319.4,210.3
528915.6,210.5
529498.1,211.4
530031.2,211.5
530561.5,211.3
531102.9,211.3
531643.4,211.6
532166.4,212.3
532654.4,212.8
533119.1,212.5
533601.1,211.9
534109.6,211.9
534616.9,211.2
535157.3,212.0
535662.9,211.9
536169.1,212.8
536634.6,213.1
537087.4,213.6
537519.4,213.6
537948.4,214.4
538348.8,214.8
538732.4,215.3
539100.3,215.0
539476.2,214.8
539864.1,213.7
540293.8,214.0
540711.8,213.8
541141.1,213.1
541597.1,213.4
542043.6,212.9
542512.6,212.9
542985.5,212.3
543483.8,212.2
543992.4,211.3
544542.8,211.5
545085.1,212.0
545603.4,212.7
546087.9,212.6
546576.1,212.8
547057.8,212.9
547535.0,212.9
548012.1,213.3
548475.5,213.4
548933.4,213.2
549399.2,213.8
549842.5,213.8
550284.1,214.1
550715.7,214.1
551146.8,214.4
551569.6,214.4
551990.9,214.7
552403.6,214.5
552823.1,214.9
553228.2,214.8
553637.1,215.1
554036.6,215.0
554440.2,215.5
554827.4,216.0
555196.0,215.6
555578.2,215.6
555962.6,215.4
556352.6,215.4
556745.1,215.6
557131.2,216.0
557501.6,215.8
557878.6,215.8
558256.6,215.7
558636.2,215.8
559013.1,215.6
559397.4,216.0
559768.2,215.8
560146.9,216.2
560510.2,216.4
560866.7,215.9
561238.6,215.7
561619.2,216.2
561982.6,216.1
562349.1,216.2
562709.9,216.0
563077.5,216.1
563442.6,215.8
563816.3,216.1
564180.1,216.5
564529.9,216.1
564892.3,216.2
565253.1,216.0
565620.8,216.1
565983.1,216.1
566345.4,216.0
566711.8,216.1
567073.8,216.2
567433.7,216.1
567796.2,216.2
568157.3,216.2
568516.8,216.2
568878.4,215.9
569249.4,216.1
569615.2,215.8
569990.9,215.8
570369.7,216.2
570734.1,216.1
571102.1,216.3
571464.5,215.5
571855.1,216.0
572227.8,216.3
572590.4,216.4
572951.8,215.9
573328.4,216.4
573689.3,216.3
574053.9,216.5
574411.9,216.5
574770.0,216.3
575133.4,216.7
575484.6,216.5
575841.6,216.2
576209.2,216.0
576585.3,215.9
576966.4,215.9
577344.9,215.8
577730.5,215.8
578114.4,215.9
578494.9,215.9
578876.7,215.5
579275.0,216.2
579645.5,216.3
580013.4,216.1
580389.4,216.5
580753.2,217.0
581102.1,216.8
581455.4,216.8
581809.1,216.9
582160.9,216.8
582515.4,216.9
582866.8,216.6
583231.1,216.1
583614.2,215.1
584037.4,215.3
584452.9,214.7
584894.1,214.1
585363.9,214.0
585840.4,213.4
586344.7,212.5
586892.0,212.1
587464.7,211.5
588073.1,211.3
588693.5,212.3
589260.4,212.4
589820.4,212.0
590400.4,212.7
590951.9,211.4
591573.4,211.6
592185.2,212.0
592776.2,212.9
593317.5,213.5
593832.2,213.8
594331.2,214.6
594794.5,214.6
595259.6,213.2
595790.6,212.4
596366.4,212.6
596932.3,213.3
597465.9,213.3
597999.7,213.9
598504.1,213.7
599017.2,214.3
599503.7,213.9
600011.2,213.0
600564.4,212.3
601161.4,211.3
601818.6,212.0
602432.1,212.7
603008.1,212.8
603580.1,212.8
604147.6,213.9
604661.8,213.5
605194.4,213.3
605740.6,213.5
606275.5,213.5
606813.1,213.8
607337.1,214.2
607842.4,214.2
608346.3,214.3
608843.1,215.2
609299.1,215.5
609744.0,215.6
610184.4,215.9
610613.9,216.2
611028.4,216.5
611431.6,216.7
611827.1,216.2
612243.8,216.4
612654.8,216.3
613066.2,216.9
613455.2,216.7
613853.9,216.7
614252.3,216.5
614659.4,216.8
615054.2,216.5
615459.4,216.4
615871.2,215.9
616302.1,215.6
616745.4,216.1
617168.5,215.7
617606.0,216.3
618022.2,216.0
618448.1,216.1
618872.5,216.0
619303.1,215.6
619748.7,215.3
620206.8,215.5
620655.1,215.5
621103.4,216.1
621531.1,215.1
622000.2,213.9
622525.8,212.8
623113.0,211.2
623798.6,209.9
624580.4,209.6
625382.0,209.5
626193.9,210.2
626955.2,209.5
627765.2,209.5
628577.9,210.0
629351.1,209.7
630147.3,209.5
630958.1,209.5
631770.8,210.3
632524.4,211.2
633217.7,211.0
633921.5,210.9
634635.2,210.9
635352.1,211.3
636044.1,211.5
636722.0,210.9
637441.4,211.1
638149.0,210.7
638886.8,210.6
639629.6,211.1
640339.1,211.7
641009.2,211.9
641667.1,211.6
642343.6,210.9
643069.6,210.4
643828.7,210.4
644591.4,209.8
645400.1,210.1
646182.4,211.0
646902.1,210.6
647648.6,210.0
648439.1,209.5
649270.6,209.4
650111.0,209.4
650945.4,209.5
651775.8,210.1
652557.6,210.9
653281.6,211.7
653945.6,211.3
654636.9,211.5
655317.8,210.7
656053.2,210.6
656794.2,210.4
657549.8,210.7
658288.5,210.9
659015.4,211.0
659732.6,211.7
660406.7,211.7
661078.2,212.6
661691.4,212.5
662312.1,211.9
662970.2,211.1
663683.4,211.5
664369.8,212.3
665007.9,213.5
665577.2,212.9
666181.3,212.3
666826.1,211.8
667504.8,211.2
668222.7,210.9
668965.3,211.2
669684.1,211.6
670375.8,212.5
671010.9,212.9
671626.7,212.7
672252.8,212.6
672886.9,212.8
673508.8,213.2
674109.0,213.2
674705.6,213.5
675288.2,213.6
675869.5,213.5
676454.2,213.9
677022.9,213.9
677587.5,213.8
678157.6,214.3
678706.2,214.3
679253.9,214.3
679802.6,214.3
680352.8,214.1
680915.7,214.5
681462.5,214.6
682000.6,214.7
682535.8,214.6
683079.8,215.2
683594.1,215.3
684101.6,215.1
684621.1,215.0
685145.4,215.6
685644.8,215.3
686155.3,215.7
686649.6,216.3
687114.8,216.0
687595.1,215.6
688093.3,216.0
688572.1,215.8
689062.2,215.8
689551.9,216.0
690032.0,215.9
690515.4,215.9
690996.3,216.1
691469.6,216.2
691937.0,215.9
692414.2,215.8
692894.3,216.0
693365.3,215.9
693839.4,215.8
694317.1,215.9
694792.0,215.8
695269.4,215.5
695761.8,215.2
696267.5,215.3
696770.4,215.0
697285.6,215.3
697786.1,215.5
698280.3,215.6
698767.7,216.0
699237.8,215.8
699719.5,215.4
700219.0,215.3
700722.9,215.5
701220.8,215.4
701723.2,215.1
702241.4,214.8
702773.1,214.7
703312.6,214.7
703852.8,214.5
704405.8,214.2
704973.4,214.3
705538.7,214.3
706101.8,214.4
706659.1,214.5
707213.8,214.0
707796.8,214.1
708373.6,213.9
708960.2,214.0
709543.8,213.9
710130.1,213.8
710723.2,213.4
711340.7,214.2
711915.1,214.1
712495.1,213.9
713087.1,212.9
713735.3,213.1
714373.6,212.9
715025.3,211.7
715756.0,212.9
716410.1,211.3
717172.3,211.1
717953.6,210.3
718791.0,212.6
719466.6,212.5
720147.4,211.4
720904.2,212.4
721590.3,213.1
722234.1,212.0
722946.6,212.2
723651.1,212.1
724362.2,212.3
725060.0,212.4
725748.9,212.8
726410.6,212.8
727076.2,211.9
727804.0,212.0
728524.8,213.2
729163.5,213.8
729769.4,213.8
730376.1,214.2
730962.5,213.4
731589.6,213.7
732201.8,214.0
732800.9,213.1
733450.4,214.4
734027.6,213.6
734650.8,213.0
735307.6,213.5
735935.8,212.9
736603.1,212.5
737299.4,211.2
738083.7,210.7
738913.9,210.1
739788.8,210.0
740672.8,209.9
741564.7,210.0
742455.4,209.8
743359.9,209.4
744298.2,209.5
745227.4,209.7
746137.8,210.0
747022.4,209.9
747919.1,209.8
748821.2,210.2
749695.2,209.9
750591.2,209.8
751492.5,210.0
752383.6,210.0
753271.9,210.1
754148.2,210.0
755039.3,209.9
755937.5,209.9
756837.2,210.0
757723.9,210.0
758608.2,210.1
759484.1,210.3
760349.0,210.6
761191.4,210.8
762014.5,211.1
762813.4,212.0
763542.4,212.9
764213.3,213.4
764851.2,212.9
765520.0,212.6
766215.2,212.3
766927.0,212.1
767658.0,211.2
768453.0,211.0
769265.5,211.2
770063.6,211.6
770827.0,212.4
771531.9,213.0
772200.1,213.3
772851.0,213.5
773489.3,213.1
774152.1,212.7
774841.4,211.9
775584.8,211.6
776349.4,212.0
777088.8,212.6
777785.6,213.3
778434.8,214.0
779044.7,214.3
779634.2,213.8
780253.6,213.5
780893.6,213.2
781550.8,213.4
782193.2,213.9
782809.1,214.2
783404.2,214.8
783970.2,215.0
784521.7,215.0
785073.8,215.0
785625.0,215.4
786158.7,215.5
786684.0,215.6
787207.4,215.5
787732.1,215.3
788266.9,215.5
788795.9,215.9
789303.2,215.7
789819.2,216.0
790320.5,216.1
790817.8,216.7
791288.1,216.8
791752.5,216.9
792214.4,217.4
792652.8,217.0
793109.2,216.3
793599.1,215.7
794117.0,215.5
794644.6,215.1
795195.6,214.5
795777.1,214.0
796391.3,213.2
797050.9,212.7
797744.7,212.5
798456.8,211.9
799211.9,211.1
800028.2,210.2
800918.2,209.9
801833.2,209.6
802779.6,209.6
803718.9,209.6
804662.5,210.0
805574.1,209.6
806515.2,209.7
807447.6,209.3
808416.7,209.7
809348.4,210.7
810202.4,210.3
811085.2,210.5
811949.6,210.9
812783.5,211.0
813607.6,211.1
814422.8,211.2
815229.1,211.2
816037.8,210.9
816871.6,211.0
817693.6,211.2
818505.5,211.3
819303.1,211.4
820093.9,211.4
