temp,Year(for Temp)
218.3,2000.0
218.3,1993.55977
218.3,1987.44019
218.3,1981.64156
218.3,1974.55278
218.3,1967.78422
218.3,1961.01305
218.3,1953.2703
218.3,1944.552158
218.3,1936.47001
218.3,1927.72716
218.3,1919.29013
218.3,1911.48243
219.2,1902.99789
220.4,1894.79448
217.7,1885.56354
217.0,1876.94427
217.4,1868.27651
217.4,1859.56143
216.9,1850.29515
218.2,1840.1805
216.8,1830.7824
216.3,1820.6084
217.8,1810.0466000000001
217.0,1799.8623
218.4,1789.3203
217.7,1778.7912000000001
216.7,1768.2806
216.2,1758.1675
217.9,1747.7069999999999
215.0,1737.4605999999999
217.8,1726.529
218.2,1716.0033
218.1,1705.1605
217.4,1694.3047
217.3,1683.136
216.0,1672.0188
217.1,1660.5857
217.6,1648.8415
216.2,1637.455
217.0,1626.0901
216.8,1614.4104
217.4,1603.1421
216.7,1591.3822
216.5,1579.0321
215.9,1567.0889
216.9,1554.7979
217.3,1542.7157
217.6,1531.3267
215.7,1519.5743
217.6,1507.4446
217.5,1495.6993
216.8,1483.7449
216.6,1471.7206
217.8,1459.6076
215.0,1446.9135
216.5,1433.9632000000001
217.0,1420.525
218.7,1407.3732
218.1,1394.1604
216.6,1381.6506
218.8,1369.0687
216.5,1356.4275
216.6,1343.7781
218.9,1330.8917999999999
218.4,1318.35
217.7,1305.4548
216.4,1292.0897
216.8,1277.8811
216.8,1263.3519000000001
216.9,1249.3118
216.4,1234.7564
216.0,1220.4192
216.5,1205.3627000000001
217.3,1190.7617
217.2,1177.6107
217.7,1164.1446999999998
217.4,1151.0433
218.0,1137.8599
218.3,1125.6412
218.6,1113.4325
218.9,1101.2337
216.4,1088.4547
218.0,1074.5579
216.0,1060.6715
218.3,1046.4307
216.4,1032.1001999999999
216.7,1017.7164
216.9,1002.9751
216.7,989.0178
217.8,974.5718
217.0,960.1365
217.0,945.712
216.5,931.492
217.6,917.732
218.4,903.277
217.8,889.1379999999999
216.7,874.8240000000001
216.6,860.519
218.1,845.865
216.9,831.7719999999999
219.0,817.52
216.5,803.615
217.1,789.79
218.3,776.1890000000001
218.4,762.262
218.3,748.673
216.9,734.9079999999999
218.0,720.7270000000001
217.8,706.5509999999999
217.7,691.9469999999999
217.3,677.3969999999999
217.1,662.848
218.6,647.9549999999999
217.6,634.183
218.3,619.8489999999999
217.3,605.838
219.0,592.164
218.3,578.1790000000001
217.3,564.1890000000001
217.4,550.194
216.9,534.383
216.7,518.47
217.0,502.549
218.5,487.3599999999999
216.5,471.87799999999993
217.1,456.38300000000004
216.9,440.8019999999999
217.2,425.16599999999994
218.3,409.5139999999999
216.5,393.59799999999996
217.5,378.10799999999995
217.7,362.2449999999999
216.3,346.0709999999999
216.6,329.461
218.2,312.82500000000005
216.2,296.10699999999997
217.8,280.10400000000004
217.8,264.42599999999993
216.6,248.15699999999993
216.9,230.70900000000006
217.3,213.60300000000007
217.5,196.75700000000006
218.0,180.6210000000001
216.0,164.12300000000005
217.7,147.2650000000001
216.4,129.48700000000008
216.4,112.08300000000008
217.8,95.09400000000005
216.4,78.47399999999993
219.2,61.488000000000056
217.4,44.87799999999993
217.4,28.911000000000058
217.0,13.288999999999987
217.6,-3.73700000000008
217.1,-20.830999999999904
216.7,-37.92900000000009
216.4,-55.403999999999996
217.4,-73.19399999999996
216.5,-91.36599999999999
219.1,-108.34900000000016
216.7,-125.40299999999979
216.7,-142.45899999999983
217.9,-159.9459999999999
216.8,-177.17000000000007
217.1,-194.76400000000012
216.4,-212.92799999999988
217.0,-231.50599999999986
217.0,-249.45400000000018
217.6,-266.4229999999998
218.3,-283.7489999999998
217.7,-300.71900000000005
217.1,-318.0239999999999
217.6,-335.6869999999999
215.4,-354.1550000000002
216.0,-374.1550000000002
216.8,-394.1579999999999
216.6,-413.1709999999998
216.5,-431.69000000000005
215.5,-450.7869999999998
216.7,-470.41899999999987
217.4,-490.0540000000001
216.8,-509.1579999999999
216.8,-527.4899999999998
217.6,-546.1779999999999
217.0,-563.759
218.4,-580.991
217.3,-598.6149999999998
218.0,-616.453
216.7,-634.2939999999999
217.8,-651.9360000000001
218.3,-669.2179999999998
217.5,-686.5030000000002
217.3,-704.3090000000002
216.9,-723.049
217.3,-741.4259999999999
216.6,-759.281
218.7,-777.3330000000001
218.4,-795.0349999999999
218.3,-811.538
218.4,-827.9850000000001
217.5,-844.7649999999999
218.8,-861.569
218.6,-878.377
218.6,-895.1880000000001
217.5,-913.3719999999998
216.8,-930.8800000000001
216.5,-948.4929999999999
218.0,-966.6199999999999
217.8,-985.4749999999999
217.1,-1004.2159999999999
216.6,-1023.25
217.5,-1042.2869999999998
217.0,-1060.929
217.6,-1079.4810000000002
217.6,-1097.953
217.4,-1115.873
218.1,-1133.797
218.4,-1151.8049999999998
218.7,-1169.333
216.0,-1186.864
216.6,-1206.241
216.2,-1227.1390000000001
218.1,-1248.2289999999998
216.7,-1267.67
215.7,-1287.1149999999998
217.9,-1307.018
216.7,-1326.601
216.4,-1346.536
218.2,-1365.728
216.8,-1385.292
216.0,-1405.2689999999998
217.5,-1425.2930000000001
217.2,-1445.6909999999998
217.0,-1465.3090000000002
217.3,-1484.9319999999998
217.5,-1504.226
217.9,-1522.768
216.4,-1541.67
218.8,-1560.3180000000002
217.6,-1578.9140000000002
217.2,-1597.6019999999999
217.6,-1616.9279999999999
216.8,-1636.616
218.4,-1655.297
218.3,-1673.431
217.7,-1691.569
218.1,-1709.5030000000002
218.5,-1727.719
216.5,-1745.6060000000002
218.9,-1763.8069999999998
218.8,-1782.3560000000002
215.9,-1800.828
218.6,-1820.297
217.6,-1839.4099999999999
217.8,-1858.621
216.8,-1878.2399999999998
216.6,-1897.5059999999999
218.2,-1917.1599999999999
217.4,-1936.813
217.0,-1956.2910000000002
217.3,-1976.29
217.1,-1996.279
217.9,-2015.551
216.9,-2035.1840000000002
216.9,-2054.712
218.3,-2073.769
218.3,-2093.189
216.4,-2112.473
218.4,-2131.742
218.3,-2150.982
216.9,-2169.7790000000005
217.1,-2188.9350000000004
217.6,-2208.16
218.0,-2227.41
216.0,-2246.6899999999996
218.2,-2266.299
218.8,-2285.9120000000003
217.3,-2304.808
218.9,-2323.049
217.0,-2341.295
216.5,-2361.389
217.5,-2381.952
217.8,-2402.0550000000003
217.6,-2421.2929999999997
217.2,-2440.536
216.6,-2460.4669999999996
217.9,-2480.602
218.9,-2500.2830000000004
217.1,-2518.7929999999997
218.3,-2537.643
216.8,-2556.99
217.1,-2576.883
216.7,-2596.795
217.6,-2616.8239999999996
217.7,-2636.8509999999997
217.8,-2656.959
217.0,-2676.514
217.5,-2696.0860000000002
217.4,-2715.821
217.2,-2735.9179999999997
218.5,-2755.5029999999997
216.8,-2774.9709999999995
216.3,-2794.443
217.3,-2815.6130000000003
217.2,-2836.4049999999997
216.4,-2857.201
217.2,-2878.3860000000004
218.2,-2898.799
217.8,-2917.6949999999997
217.4,-2936.938
217.5,-2956.053
217.9,-2975.3289999999997
218.5,-2994.9660000000003
217.1,-3014.3370000000004
216.9,-3033.706
217.2,-3053.803
217.3,-3073.9709999999995
217.9,-3094.142
216.6,-3114.5379999999996
217.3,-3134.5609999999997
217.4,-3154.6589999999997
217.8,-3174.103
218.1,-3193.911
218.2,-3212.5110000000004
217.8,-3231.0649999999996
217.1,-3250.425
217.4,-3270.527
216.2,-3291.0069999999996
217.3,-3311.2120000000004
218.3,-3331.809
217.4,-3351.2960000000003
218.3,-3370.3410000000003
217.3,-3389.041
217.6,-3408.3
218.1,-3427.2709999999997
215.5,-3447.2439999999997
216.5,-3469.2969999999996
216.3,-3491.759
217.5,-3512.486
216.3,-3533.554
215.4,-3555.312
216.8,-3578.1540000000005
217.6,-3598.9939999999997
218.8,-3617.9139999999998
217.3,-3636.492
217.7,-3656.294
216.9,-3675.928
217.5,-3695.956
217.4,-3715.678
216.6,-3735.76
218.2,-3755.844
216.8,-3775.5640000000003
219.0,-3795.263
216.9,-3814.035
218.5,-3833.1490000000003
218.6,-3851.6629999999996
216.6,-3870.4579999999996
217.9,-3889.2740000000003
218.2,-3907.825
217.9,-3926.7129999999997
217.1,-3946.115
216.7,-3966.514
216.9,-3986.7200000000003
216.1,-4008.3779999999997
217.1,-4030.031
218.1,-4049.4759999999997
217.6,-4068.9449999999997
217.2,-4088.733
216.8,-4108.818
217.7,-4129.269
218.1,-4148.723
216.1,-4168.461
218.4,-4188.343
216.7,-4208.061
217.1,-4228.139
216.9,-4248.542
217.7,-4268.59
217.0,-4289.261
216.4,-4309.763
217.9,-4330.476
217.4,-4350.342
216.3,-4369.849
216.1,-4391.096
217.3,-4412.943
216.3,-4434.196
216.9,-4455.572
217.2,-4476.706
218.4,-4495.656
217.5,-4514.951
215.9,-4535.799
216.3,-4557.348
218.5,-4578.572
217.2,-4598.256
216.4,-4617.575
216.9,-4639.1
215.4,-4660.998
217.4,-4682.398
216.2,-4704.114
215.7,-4725.613
218.3,-4746.223
217.9,-4767.217
217.4,-4787.232
216.2,-4806.85
216.4,-4827.976
216.5,-4850.074
216.6,-4871.476
217.1,-4892.567
218.4,-4913.65
217.4,-4932.303
218.7,-4950.514
217.0,-4969.705
216.9,-4990.131
216.5,-5010.178
217.2,-5031.003
217.4,-5051.862
216.3,-5072.629
216.7,-5093.986
217.0,-5115.288
216.6,-5136.444
216.5,-5157.219
217.3,-5178.452
215.8,-5199.687
214.7,-5222.653
216.4,-5247.088
216.8,-5269.957
215.9,-5291.901
216.1,-5313.706
216.3,-5336.294
217.3,-5358.123
218.6,-5377.17
216.9,-5396.564
215.6,-5418.109
216.7,-5440.416
215.9,-5462.495
216.0,-5485.148
217.5,-5507.3
216.2,-5528.614
215.9,-5549.581
216.8,-5571.442
217.7,-5593.294
216.8,-5613.298
218.4,-5632.571
217.0,-5652.029
218.6,-5671.172
216.6,-5690.308
216.0,-5711.42
216.9,-5733.428
217.3,-5754.087
218.2,-5773.785
215.9,-5793.395
216.6,-5815.226
218.5,-5837.057
218.2,-5856.7
215.7,-5875.636
216.7,-5896.01
216.3,-5918.053
216.3,-5939.915
217.4,-5960.917
218.0,-5981.912
217.2,-6001.993
216.7,-6021.929
216.5,-6042.713
216.3,-6064.495
216.5,-6086.476
215.6,-6109.149
216.9,-6131.878
214.7,-6155.279
216.6,-6178.643
217.1,-6199.741
216.4,-6220.839
215.7,-6243.481
215.2,-6266.665000000001
215.5,-6290.224
216.5,-6313.984
216.1,-6336.65
217.0,-6358.546
216.4,-6380.382
216.3,-6402.133
216.5,-6423.885
216.5,-6445.654
215.4,-6467.415999999999
216.1,-6490.775
215.9,-6514.215
216.4,-6536.603999999999
217.0,-6558.848
217.1,-6579.921
216.9,-6600.514999999999
215.0,-6621.915999999999
217.1,-6644.592000000001
218.2,-6666.572
217.0,-6686.364
216.3,-6706.156000000001
217.8,-6726.665999999999
216.6,-6747.32
216.7,-6768.178
217.1,-6789.234
216.2,-6810.521000000001
216.3,-6832.645
217.0,-6854.723
216.5,-6875.771000000001
217.4,-6896.82
215.8,-6918.483
216.2,-6940.352000000001
216.9,-6961.5779999999995
217.6,-6982.276
216.9,-7002.950999999999
217.0,-7023.557000000001
217.0,-7044.151
216.7,-7064.737999999999
217.9,-7085.325000000001
217.7,-7105.575999999999
216.3,-7125.5830000000005
217.2,-7145.704
216.9,-7166.334000000001
217.2,-7186.964
216.7,-7207.477999999999
217.4,-7227.966
217.4,-7248.860000000001
215.3,-7270.103999999999
215.9,-7291.379999999999
217.8,-7312.73
216.4,-7333.995000000001
218.0,-7353.779
218.4,-7373.562
217.3,-7393.245000000001
216.9,-7412.870000000001
216.3,-7432.67
217.8,-7453.109
217.6,-7473.548000000001
217.4,-7493.281000000001
217.3,-7512.91
217.7,-7532.432000000001
217.5,-7551.8279999999995
218.1,-7571.216
218.2,-7589.378000000001
218.4,-7607.529
217.4,-7626.697
215.9,-7647.3099999999995
217.6,-7667.873
216.8,-7688.001
217.9,-7708.117
217.1,-7727.290000000001
218.7,-7746.102000000001
217.8,-7765.084000000001
216.7,-7784.715
217.8,-7804.3330000000005
217.5,-7822.984
219.0,-7841.380999999999
217.9,-7859.781000000001
217.9,-7878.1990000000005
218.4,-7896.603999999999
217.8,-7914.468000000001
219.3,-7932.0419999999995
218.5,-7949.614
215.5,-7969.781999999999
217.8,-7989.991
217.7,-8009.942999999999
216.4,-8029.749
218.6,-8049.299999999999
217.3,-8068.16
218.1,-8087.01
217.3,-8106.379999999999
217.0,-8125.91
218.3,-8145.23
217.6,-8164.15
217.2,-8183.0599999999995
218.2,-8201.77
218.3,-8220.45
217.8,-8239.08
218.3,-8257.63
216.8,-8276.17
218.0,-8294.61
219.4,-8313.03
218.4,-8331.36
217.9,-8349.41
217.5,-8367.44
218.4,-8385.81
217.8,-8404.35
216.9,-8423.17
216.6,-8443.66
218.6,-8464.13
217.9,-8482.72
217.8,-8500.89
218.1,-8519.49
216.2,-8539.25
218.3,-8558.99
216.7,-8578.44
217.5,-8597.85
217.3,-8617.66
216.5,-8637.91
218.3,-8657.69
218.5,-8675.24
219.2,-8692.79
218.4,-8710.25
218.0,-8727.63
220.1,-8745.0
216.8,-8762.87
217.9,-8780.86
217.5,-8799.26
217.1,-8818.78
217.4,-8838.29
217.5,-8857.53
217.8,-8876.74
218.9,-8895.53
217.3,-8913.82
217.2,-8932.1
217.0,-8952.03
217.0,-8972.1
217.1,-8991.96
217.7,-9011.68
217.8,-9031.06
218.3,-9049.35
217.5,-9067.64
216.7,-9087.14
217.3,-9107.12
217.7,-9126.54
218.4,-9144.99
217.1,-9163.43
216.3,-9183.8
217.4,-9204.43
218.0,-9223.84
217.8,-9242.46
218.4,-9261.04
218.0,-9279.33
216.6,-9297.62
217.0,-9316.98
217.6,-9336.99
216.7,-9357.21
216.5,-9377.94
217.2,-9398.46
218.5,-9416.75
218.6,-9435.03
218.3,-9453.05
217.8,-9470.86
216.0,-9488.66
217.5,-9508.97
217.8,-9529.32
217.2,-9547.97
219.4,-9565.88
219.2,-9583.87
216.4,-9602.26
217.4,-9620.64
216.5,-9640.17
217.4,-9660.21
217.8,-9679.47
218.6,-9697.41
218.3,-9715.35
218.9,-9732.49
218.4,-9749.46
217.4,-9766.89
216.8,-9786.43
217.2,-9805.96
217.0,-9825.73
217.0,-9845.52
218.0,-9864.94
217.1,-9884.0
218.2,-9903.0
217.1,-9921.56
218.2,-9940.1
216.9,-9958.9
217.7,-9977.82
217.3,-9996.65
218.3,-10015.2
216.9,-10033.74
215.7,-10054.76
216.3,-10076.32
216.1,-10097.92
216.3,-10119.53
216.1,-10141.15
216.4,-10162.76
215.4,-10184.95
215.6,-10207.84
216.5,-10230.18
216.2,-10251.78
216.3,-10273.64
215.2,-10296.06
215.6,-10318.74
215.3,-10342.12
213.8,-10366.33
215.2,-10392.4
215.3,-10417.59
214.4,-10441.95
215.6,-10465.97
216.1,-10489.79
214.6,-10513.55
216.0,-10537.29
214.0,-10561.99
213.8,-10586.99
214.8,-10613.36
213.3,-10639.96
215.1,-10667.15
215.5,-10693.06
214.2,-10717.44
214.1,-10743.26
214.4,-10770.11
212.8,-10798.27
213.4,-10826.93
213.1,-10856.51
213.6,-10885.74
213.1,-10914.74
214.4,-10943.23
213.9,-10971.18
214.1,-10998.35
213.0,-11026.72
212.7,-11055.67
214.2,-11085.36
213.5,-11114.09
214.7,-11141.92
213.9,-11168.71
213.5,-11195.6
213.2,-11224.67
213.7,-11253.45
214.4,-11281.96
214.2,-11308.74
213.7,-11335.52
213.1,-11364.27
213.6,-11393.15
214.0,-11422.14
214.8,-11448.8
214.4,-11475.26
213.7,-11502.33
214.7,-11529.07
214.7,-11555.31
214.2,-11581.74
214.0,-11608.31
213.0,-11636.92
213.2,-11665.99
213.8,-11695.57
213.4,-11724.7
214.3,-11753.44
215.6,-11778.88
213.9,-11804.68
214.4,-11831.72
213.5,-11859.46
213.3,-11887.9
213.3,-11917.48
213.3,-11947.16
214.1,-11976.49
213.6,-12005.25
213.9,-12033.71
215.3,-12060.23
213.3,-12087.02
215.2,-12114.75
213.7,-12142.36
213.7,-12169.86
214.1,-12198.01
214.9,-12225.93
215.5,-12251.13
215.7,-12276.09
215.1,-12300.33
214.4,-12325.41
214.3,-12352.23
213.9,-12379.59
215.1,-12407.42
215.6,-12432.58
215.4,-12457.18
214.9,-12482.36
214.2,-12507.61
217.4,-12531.38
216.4,-12555.15
216.2,-12577.75
215.7,-12600.38
215.9,-12624.16
215.4,-12648.07
215.9,-12672.47
213.1,-12696.96
214.6,-12726.0
215.7,-12754.38
214.2,-12780.19
214.2,-12806.86
214.9,-12834.63
213.8,-12862.63
214.2,-12890.77
213.0,-12920.37
213.5,-12950.26
214.2,-12980.62
213.4,-13010.48
214.0,-13040.06
214.8,-13068.36
214.4,-13096.54
214.1,-13124.44
214.8,-13152.19
214.4,-13179.83
214.2,-13208.07
212.9,-13236.5
216.1,-13265.44
213.9,-13294.15
213.3,-13322.49
213.3,-13352.84
214.4,-13383.82
214.3,-13412.43
213.9,-13441.33
214.1,-13470.67
213.7,-13500.4
213.3,-13530.43
212.7,-13562.55
213.0,-13595.07
212.8,-13627.98
212.9,-13661.07
212.7,-13694.29
212.8,-13727.61
213.7,-13760.08
213.3,-13792.04
213.1,-13823.44
212.5,-13856.53
213.3,-13889.68
212.1,-13922.64
213.7,-13956.34
213.1,-13989.49
213.2,-14021.69
212.9,-14054.4
213.2,-14087.26
212.9,-14120.16
212.7,-14153.8
212.3,-14188.01
213.1,-14222.96
211.8,-14257.54
212.6,-14292.43
212.5,-14327.79
212.0,-14363.09
211.6,-14399.64
211.7,-14437.080000000002
212.6,-14474.580000000002
212.4,-14509.91
212.4,-14545.130000000001
212.3,-14580.580000000002
211.1,-14617.490000000002
212.1,-14655.380000000001
212.4,-14692.970000000001
211.7,-14728.96
211.7,-14766.73
211.8,-14804.66
211.6,-14842.740000000002
210.4,-14881.21
211.5,-14923.32
211.1,-14963.68
211.4,-15003.46
211.7,-15043.2
209.7,-15082.330000000002
211.1,-15126.79
210.3,-15169.2
210.4,-15211.89
210.3,-15255.5
209.5,-15299.869999999999
210.8,-15345.869999999999
210.7,-15388.46
210.1,-15431.220000000001
211.1,-15474.3
209.9,-15517.55
211.1,-15560.529999999999
209.1,-15604.0
210.0,-15651.29
210.1,-15697.04
209.4,-15742.32
210.1,-15789.560000000001
209.4,-15835.68
209.0,-15883.5
209.0,-15933.11
209.0,-15983.080000000002
208.8,-16033.29
210.4,-16082.2
209.6,-16129.060000000001
208.8,-16176.669999999998
209.6,-16226.119999999999
209.7,-16274.529999999999
209.0,-16322.599999999999
208.7,-16372.73
208.9,-16424.23
209.3,-16475.09
209.3,-16524.59
209.6,-16573.66
209.3,-16621.87
209.1,-16670.91
209.1,-16721.15
209.2,-16771.36
209.0,-16821.38
209.1,-16872.08
208.2,-16922.55
209.8,-16977.18
209.3,-17024.5
210.0,-17073.72
208.6,-17121.69
209.3,-17173.08
208.9,-17223.54
209.2,-17274.53
209.5,-17324.81
208.8,-17374.6
209.7,-17425.06
208.4,-17475.37
209.2,-17527.28
210.1,-17577.59
208.1,-17627.27
208.6,-17680.14
210.0,-17732.4
209.0,-17781.97
209.2,-17832.12
210.7,-17881.18
209.0,-17928.93
209.6,-17977.88
208.6,-18028.42
209.4,-18080.29
208.8,-18131.68
208.9,-18183.78
208.3,-18236.7
209.1,-18290.29
208.3,-18343.16
208.6,-18397.11
209.6,-18450.13
209.7,-18500.41
210.0,-18549.04
209.0,-18597.7
208.1,-18649.62
208.7,-18704.81
209.1,-18758.48
209.5,-18810.07
209.1,-18860.76
209.8,-18911.58
208.7,-18961.56
209.3,-19013.82
209.0,-19065.33
208.8,-19117.57
208.8,-19170.63
208.3,-19224.34
209.6,-19278.45
209.7,-19329.14
209.2,-19378.79
209.0,-19430.06
208.9,-19482.43
208.9,-19535.53
209.5,-19588.3
209.2,-19639.17
209.1,-19690.87
209.0,-19742.99
209.1,-19795.4
208.4,-19847.84
209.3,-19902.85
209.0,-19955.04
209.8,-20007.29
209.5,-20057.0
208.5,-20107.73
208.5,-20162.96
209.3,-20218.0
209.9,-20269.58
210.6,-20318.46
208.4,-20365.23
208.8,-20420.11
209.6,-20474.06
208.9,-20524.54
208.4,-20578.09
208.9,-20634.03
209.5,-20687.38
209.8,-20737.95
210.0,-20787.29
209.1,-20836.38
209.4,-20888.3
208.9,-20940.31
209.1,-20993.51
208.7,-21046.85
208.5,-21101.48
208.8,-21156.9
209.7,-21210.82
208.5,-21261.74
208.6,-21317.09
210.1,-21372.37
209.4,-21420.9
209.1,-21472.32
209.8,-21524.73
209.3,-21575.28
208.6,-21627.54
209.5,-21681.87
208.5,-21734.28
209.1,-21789.11
208.9,-21842.44
209.1,-21896.27
208.8,-21949.51
209.0,-22003.99
209.4,-22057.74
210.1,-22109.27
209.7,-22158.39
210.3,-22208.06
209.5,-22257.11
209.3,-22307.7
209.7,-22359.14
208.2,-22411.53
209.1,-22466.28
209.5,-22519.82
209.2,-22571.67
209.8,-22623.24
209.6,-22674.01
209.5,-22724.71
209.9,-22775.54
209.6,-22826.05
209.2,-22877.18
209.1,-22929.57
208.1,-22983.76
208.6,-23040.36
208.9,-23096.53
209.0,-23151.2
207.9,-23206.38
208.8,-23263.75
209.1,-23319.07
209.4,-23372.35
209.5,-23424.23
208.7,-23476.39
209.2,-23530.47
208.4,-23584.4
208.4,-23640.59
210.5,-23697.04
209.5,-23744.95
208.6,-23796.37
208.3,-23851.77
208.4,-23909.16
208.5,-23965.9
208.6,-24022.1
208.9,-24077.78
208.6,-24132.39
209.1,-24187.34
208.6,-24241.61
208.5,-24296.9
208.7,-24352.84
209.1,-24407.99
209.1,-24461.77
208.3,-24515.99
208.0,-24572.86
208.2,-24631.49
208.9,-24689.38
208.6,-24744.14
208.6,-24799.79
208.8,-24855.4
208.9,-24910.13
209.2,-24964.15
208.3,-25017.71
208.4,-25074.55
208.9,-25130.78
208.0,-25186.39
209.5,-25242.38
208.9,-25296.1
208.3,-25350.43
209.5,-25405.73
208.6,-25459.45
208.5,-25514.21
209.3,-25569.57
208.1,-25623.59
208.5,-25680.88
209.4,-25737.13
208.5,-25788.95
209.1,-25844.73
208.9,-25897.86
208.5,-25952.21
208.3,-26008.39
208.3,-26065.52
209.4,-26121.32
209.0,-26174.51
208.7,-26227.9
208.3,-26282.96
208.9,-26338.81
208.7,-26393.76
208.8,-26448.46
208.5,-26503.35
209.2,-26558.58
209.7,-26610.96
210.2,-26660.96
209.6,-26709.43
211.5,-26757.29
209.2,-26803.49
209.4,-26852.66
209.8,-26903.61
207.9,-26955.52
209.3,-27010.6
210.6,-27062.3
210.7,-27109.07
209.8,-27155.24
209.5,-27203.47
209.0,-27254.08
210.1,-27304.96
209.6,-27354.43
208.6,-27404.92
208.2,-27459.14
209.3,-27514.33
209.0,-27567.21
208.5,-27620.09
209.0,-27674.32
209.7,-27726.76
209.5,-27776.57
210.2,-27825.6
210.6,-27872.45
209.7,-27918.77
209.8,-27966.42
209.8,-28014.86
209.6,-28063.43
209.0,-28113.33
209.3,-28164.65
209.5,-28215.61
209.2,-28266.07
210.1,-28316.02
209.6,-28364.85
210.1,-28413.06
209.7,-28461.11
210.2,-28508.95
210.3,-28556.05
210.2,-28602.36
211.0,-28648.31
209.8,-28692.05
210.9,-28740.21
210.5,-28784.07
209.0,-28830.35
209.5,-28881.27
210.0,-28931.12
210.1,-28978.98
210.0,-29026.38
210.1,-29073.83
210.6,-29120.55
210.1,-29166.73
209.5,-29214.15
208.6,-29264.63
209.0,-29317.78
209.0,-29370.94
208.6,-29423.95
210.0,-29477.01
208.4,-29527.49
209.2,-29581.41
209.2,-29633.81
210.1,-29685.04
208.5,-29733.65
209.8,-29788.08
209.4,-29837.19
209.2,-29888.14
209.2,-29939.8
209.1,-29991.53
209.5,-30043.59
209.5,-30093.89
209.5,-30144.1
209.5,-30194.31
209.5,-30244.54
210.8,-30294.26
209.7,-30339.05
209.6,-30388.36
209.9,-30438.08
208.9,-30487.02
208.5,-30540.28
209.1,-30595.79
208.9,-30648.71
208.4,-30702.54
209.0,-30757.82
209.5,-30811.08
209.3,-30862.5
209.5,-30913.550000000003
208.5,-30965.58
209.5,-31018.910000000003
208.0,-31072.339999999997
209.2,-31128.15
210.9,-31180.07
210.1,-31226.309999999998
209.5,-31273.989999999998
209.9,-31323.589999999997
211.3,-31371.15
210.3,-31416.410000000003
211.5,-31460.660000000003
210.0,-31505.36
209.7,-31552.379999999997
210.1,-31601.440000000002
209.6,-31650.17
210.2,-31699.699999999997
210.0,-31747.78
210.6,-31795.71
209.4,-31841.949999999997
210.4,-31892.910000000003
210.3,-31939.629999999997
209.2,-31987.04
208.6,-32039.1
208.9,-32094.5
209.1,-32148.4
208.5,-32202.14
209.1,-32257.129999999997
209.8,-32309.89
209.1,-32361.019999999997
209.6,-32412.510000000002
210.2,-32462.82
210.3,-32511.010000000002
210.4,-32558.07
210.8,-32604.36
210.3,-32649.980000000003
210.6,-32696.589999999997
210.9,-32742.54
210.1,-32787.43
210.3,-32835.54
209.9,-32883.13
210.2,-32931.87
210.3,-32979.71
210.6,-33026.94
209.1,-33074.68
210.3,-33125.31
209.6,-33174.73
208.8,-33225.57
208.8,-33279.53
208.8,-33334.29
208.8,-33389.03
208.8,-33443.79
209.2,-33498.29
209.8,-33550.9
209.2,-33601.7
209.4,-33653.74
208.8,-33706.56
209.3,-33760.49
210.2,-33812.61
210.3,-33861.72
209.8,-33910.0
211.0,-33957.99
210.0,-34004.86
210.6,-34052.27
210.7,-34099.01
209.9,-34145.44
211.0,-34194.25
211.0,-34239.26
210.0,-34284.43
210.3,-34333.04
210.7,-34380.64
211.3,-34426.37
210.7,-34470.93
209.9,-34517.18
210.6,-34564.93
211.3,-34611.3
210.8,-34656.04
210.2,-34701.59
210.1,-34749.5
210.3,-34798.11
211.5,-34845.52
209.8,-34888.64
209.7,-34938.76
210.5,-34989.64
210.7,-35036.41
210.5,-35082.57
209.7,-35130.23
210.2,-35180.3
209.1,-35230.07
210.4,-35282.45
210.3,-35330.87
210.3,-35378.79
210.3,-35426.93
209.3,-35476.02
209.7,-35527.84
209.8,-35579.24
210.0,-35629.68
210.5,-35678.89
210.5,-35726.48
210.3,-35773.95
210.1,-35822.2
210.3,-35870.84
210.6,-35918.92
209.9,-35967.01
210.3,-36015.91
210.4,-36064.64
209.7,-36113.5
209.5,-36164.12
209.8,-36215.76
210.2,-36266.42
211.3,-36314.41
211.7,-36359.07
210.4,-36402.83
210.5,-36449.3
210.4,-36496.93
211.7,-36544.13
210.5,-36587.04
211.5,-36633.58
210.4,-36678.04
211.5,-36723.77
210.2,-36769.43
211.5,-36815.19
211.2,-36860.27
212.3,-36903.3
212.2,-36944.37
212.1,-36984.78
213.2,-37024.4
211.9,-37063.54
213.1,-37102.15
213.7,-37140.09
212.2,-37176.34
211.2,-37216.6
211.1,-37260.05
210.5,-37305.55
212.4,-37350.89
212.8,-37392.2
211.2,-37431.23
211.1,-37474.8
210.7,-37520.16
212.5,-37564.19
211.1,-37607.07
212.0,-37649.72
211.8,-37691.65
211.3,-37733.96
211.7,-37777.55
211.9,-37820.06
211.9,-37861.84
212.0,-37903.3
211.5,-37944.93
211.2,-37987.98
210.8,-38033.01
212.2,-38078.13
211.5,-38120.61
211.8,-38163.0
211.9,-38205.59
210.6,-38248.59
211.5,-38294.67
212.4,-38338.73
210.3,-38380.07
210.6,-38427.23
210.1,-38475.42
210.3,-38524.54
210.4,-38573.64
210.1,-38622.62
210.4,-38671.89
210.3,-38720.9
209.3,-38770.94
209.1,-38824.01
209.2,-38878.71
210.2,-38932.8
209.1,-38983.57
210.5,-39038.28
209.8,-39086.64
210.6,-39137.78
210.2,-39185.74
211.1,-39234.94
210.1,-39281.25
210.6,-39330.5
210.7,-39378.59
209.7,-39426.79
209.8,-39478.01
209.9,-39529.73
211.1,-39580.12
210.8,-39626.72
211.1,-39673.11
209.8,-39720.59
209.4,-39771.42
209.6,-39824.57
209.6,-39877.58
209.5,-39930.45
209.9,-39983.61
210.2,-40035.08
208.9,-40085.56
210.2,-40141.43
210.3,-40191.84
210.5,-40241.3
210.7,-40289.66
209.7,-40337.24
211.0,-40389.34
211.9,-40435.37
210.8,-40479.02
210.7,-40525.59
210.5,-40573.38
209.7,-40622.65
211.6,-40672.15
209.5,-40719.92
210.5,-40769.98
209.6,-40820.77
210.4,-40872.2
210.1,-40922.74
209.3,-40973.95
209.9,-41027.34
209.5,-41079.64
209.6,-41133.15
209.5,-41186.67
209.2,-41240.34
209.3,-41295.52
210.1,-41350.0
209.4,-41402.32
210.8,-41454.54
210.1,-41504.32
209.9,-41554.62
210.8,-41605.25
210.7,-41653.91
210.5,-41701.94
209.8,-41751.25
211.2,-41801.54
209.8,-41849.93
210.7,-41900.46
210.3,-41949.79
210.9,-41998.86
211.5,-42046.14
211.2,-42091.03
211.3,-42136.7
211.1,-42182.33
211.7,-42228.16
211.5,-42272.64
210.8,-42317.99
211.5,-42364.2
210.2,-42411.22
210.3,-42460.03
211.8,-42508.32
211.4,-42553.77
210.9,-42598.91
210.4,-42646.15
210.2,-42695.71
210.9,-42745.8
210.7,-42793.7
210.5,-42841.96
211.1,-42891.17
209.9,-42938.11
209.6,-42990.68
210.6,-43044.0
210.6,-43093.59
209.7,-43143.04
209.7,-43196.11
210.1,-43249.3
209.5,-43301.59
209.5,-43355.54
209.8,-43409.75
210.1,-43462.66
211.1,-43513.13
210.5,-43561.6
209.8,-43611.16
210.1,-43663.02
209.9,-43715.17
210.4,-43766.84
210.7,-43817.05
210.3,-43866.45
210.5,-43916.26
210.5,-43966.2
210.7,-44015.71
210.6,-44064.79
210.5,-44113.94
211.1,-44162.75
211.1,-44210.34
211.6,-44256.55
211.2,-44302.01
211.3,-44347.94
211.3,-44394.09
211.7,-44439.91
211.5,-44484.43
211.7,-44529.5
211.3,-44574.23
211.4,-44619.89
213.0,-44663.79
211.2,-44706.7
212.1,-44750.24
211.6,-44794.11
212.8,-44838.58
212.2,-44878.84
212.9,-44919.79
212.0,-44961.05
214.0,-45001.0
213.1,-45038.48
212.2,-45077.68
211.4,-45120.07
212.5,-45163.54
213.0,-45205.44
211.9,-45245.91
212.2,-45288.7
212.2,-45331.06
212.1,-45373.66
212.6,-45415.88
212.5,-45457.35
213.4,-45497.57
213.7,-45535.86
214.2,-45571.96
212.6,-45609.11
212.8,-45647.68
213.2,-45687.94
212.6,-45727.05
213.0,-45766.95
211.7,-45808.17
211.8,-45851.11
211.4,-45895.71
212.4,-45940.99
211.8,-45983.21
211.8,-46027.11
212.1,-46070.9
211.5,-46114.81
211.5,-46159.62
212.0,-46204.61
211.8,-46248.68
213.3,-46292.04
211.6,-46331.58
211.6,-46375.98
211.1,-46421.57
211.7,-46467.71
211.3,-46513.63
211.5,-46559.43
211.3,-46605.52
211.1,-46652.12
212.0,-46698.72
212.0,-46742.99
211.2,-46786.57
210.6,-46834.05
211.6,-46883.5
211.0,-46929.44
209.3,-46978.23
210.4,-47033.3
210.3,-47084.93
209.7,-47136.73
210.3,-47191.03
211.0,-47242.35
210.3,-47291.26
211.5,-47342.14
211.4,-47388.72
211.5,-47434.91
211.0,-47481.25
211.3,-47529.24
209.8,-47577.56
210.7,-47630.36
211.3,-47680.21
210.0,-47728.29
210.1,-47780.77
211.2,-47833.26
211.3,-47881.09
211.7,-47927.94
210.7,-47974.27
210.6,-48023.27
210.7,-48073.48
210.1,-48124.08
211.0,-48175.65
210.2,-48225.56
210.6,-48276.88
209.9,-48328.03
210.9,-48381.06
210.3,-48430.86
211.1,-48482.12
211.5,-48530.3
210.7,-48577.29
210.8,-48626.48
212.2,-48674.79
210.6,-48721.0
210.6,-48769.98
211.8,-48819.23
210.6,-48866.88
210.8,-48915.82
210.1,-48966.6
211.2,-49017.67
211.6,-49066.18
211.3,-49112.89
211.8,-49159.22
211.2,-49205.59
210.7,-49253.16
210.8,-49302.64
211.2,-49352.14
211.2,-49400.39
212.6,-49447.06
211.1,-49490.27
210.8,-49538.23
210.2,-49587.92
212.0,-49640.29
211.2,-49685.27
210.8,-49733.07
211.7,-49782.49
210.8,-49829.23
210.9,-49878.61
211.6,-49927.62
211.6,-49974.43
210.4,-50021.93
210.9,-50072.1
210.9,-50122.11
211.1,-50171.51
211.3,-50220.18
211.2,-50268.11
211.5,-50315.6
211.1,-50363.16
211.7,-50410.7
211.8,-50457.25
212.3,-50502.21
210.9,-50547.07
211.7,-50595.18
210.9,-50642.01
212.2,-50690.77
211.6,-50735.17
212.8,-50780.7
211.5,-50823.84
212.0,-50868.95
212.3,-50913.8
213.7,-50955.91
211.9,-50996.67
213.0,-51040.07
212.0,-51081.2
211.0,-51126.11
212.0,-51173.55
211.4,-51219.91
212.0,-51265.98
211.5,-51312.03
212.2,-51357.54
212.6,-51401.77
211.2,-51445.21
212.3,-51492.02
211.9,-51536.0
213.0,-51580.49
211.6,-51623.07
212.2,-51667.65
213.7,-51710.58
212.2,-51751.86
212.1,-51794.43
211.7,-51838.87
211.5,-51885.17
212.0,-51932.2
214.0,-51975.64
212.5,-52015.82
212.1,-52057.11
213.2,-52099.97
212.9,-52141.02
213.3,-52181.98
213.1,-52222.01
213.3,-52261.9
213.4,-52301.58
213.3,-52340.97
213.0,-52380.65
212.1,-52422.14
212.0,-52465.83
212.2,-52510.41
211.1,-52556.0
211.4,-52603.46
211.6,-52651.23
212.8,-52697.19
212.1,-52740.15
212.8,-52784.64
211.8,-52827.31
212.1,-52872.36
211.6,-52917.96
211.8,-52964.01
211.3,-53010.78
212.6,-53056.8
212.4,-53101.02
212.5,-53144.29
212.9,-53187.46
211.3,-53229.79
211.4,-53277.31
211.5,-53325.27
210.9,-53373.52
210.9,-53423.32
211.5,-53473.07
210.7,-53521.91
210.4,-53572.79
211.0,-53624.93
210.9,-53675.62
212.4,-53724.6
211.7,-53770.22
211.6,-53816.3
212.2,-53862.7
212.5,-53907.6
211.4,-53952.28
211.5,-53999.14
212.3,-54046.3
211.3,-54091.52
211.5,-54139.79
212.0,-54187.64
211.7,-54233.3
210.5,-54280.5
211.5,-54332.05
211.6,-54380.04
211.5,-54427.61
211.1,-54475.6
211.0,-54524.97
210.4,-54575.7
210.0,-54628.72
211.0,-54683.58
211.0,-54734.11
210.2,-54784.66
210.0,-54838.98
211.6,-54893.66
209.7,-54943.26
211.0,-54998.4
211.0,-55050.04
211.8,-55099.55
211.5,-55147.11
210.2,-55195.92
211.7,-55247.99
211.3,-55296.61
211.2,-55345.21
211.1,-55394.52
211.7,-55443.95
211.9,-55491.39
210.7,-55537.95
211.8,-55589.34
211.2,-55636.31
212.0,-55686.03
212.2,-55731.91
211.8,-55777.23
213.0,-55822.52
211.5,-55866.89
212.1,-55912.46
212.0,-55958.76
212.6,-56003.9
213.1,-56047.37
212.4,-56089.02
213.4,-56132.88
212.6,-56174.02
212.8,-56216.32
210.6,-56261.71
211.7,-56310.4
212.4,-56358.32
212.6,-56403.21
211.9,-56447.41
211.7,-56493.31
212.5,-56540.12
213.1,-56583.96
211.4,-56626.62
211.2,-56674.3
211.5,-56723.62
212.1,-56771.52
212.2,-56817.59
212.4,-56862.69
212.3,-56907.5
213.1,-56951.39
211.8,-56994.47
213.1,-57040.2
212.4,-57082.36
214.0,-57125.2
212.3,-57166.41
213.3,-57207.86
213.5,-57249.42
212.5,-57289.87
212.7,-57333.47
212.0,-57377.15
213.6,-57421.3
213.8,-57462.37
213.2,-57502.11
212.9,-57542.79
212.7,-57584.86
213.5,-57627.29
212.5,-57668.91
212.6,-57711.82
212.3,-57756.03
212.6,-57800.33
212.5,-57844.35
212.6,-57888.43
212.7,-57932.17
213.0,-57975.3
213.0,-58017.62
211.3,-58061.64
213.9,-58105.88
212.2,-58148.79
212.1,-58192.68
211.1,-58238.67
212.3,-58288.74
213.6,-58333.93
212.1,-58375.15
211.9,-58420.16
212.2,-58466.6
212.6,-58512.12
211.3,-58558.09
211.5,-58606.23
213.1,-58653.56
212.5,-58697.65
212.5,-58741.46
212.7,-58785.82
211.1,-58830.1
212.1,-58879.5
211.6,-58926.66
211.8,-58974.57
211.2,-59023.0
211.1,-59073.12
211.5,-59123.68
211.8,-59172.82
210.9,-59221.66
211.5,-59272.13
212.2,-59321.19
211.2,-59368.93
211.7,-59417.92
212.4,-59465.91
212.6,-59511.53
211.2,-59557.53
211.5,-59606.01
211.2,-59655.86
210.9,-59706.52
211.7,-59757.34
212.0,-59806.12
211.3,-59854.14
210.7,-59904.32
212.0,-59955.46
211.3,-60004.7
211.6,-60053.83
211.3,-60103.36
211.1,-60153.43
211.1,-60204.48
211.4,-60255.55
210.3,-60307.05
210.8,-60360.51
211.5,-60413.1
211.0,-60463.98
210.7,-60515.75
210.9,-60568.77
211.2,-60621.2
210.8,-60672.91
210.7,-60725.68
210.1,-60779.62
210.2,-60836.31
209.5,-60892.99
210.3,-60952.05
210.5,-61008.61
210.4,-61063.77
210.2,-61119.18
209.8,-61175.52
209.6,-61233.74
209.9,-61293.56
211.2,-61350.73
209.5,-61405.27
209.5,-61463.71
209.6,-61524.03
209.9,-61584.1
210.2,-61642.26
209.3,-61700.02
209.0,-61761.55
209.8,-61824.4
210.0,-61883.86
207.9,-61942.85
209.2,-62010.85
209.2,-62075.16
209.0,-62137.83
209.5,-62201.11
209.1,-62263.04
209.4,-62325.57
209.6,-62387.41
209.9,-62447.55
211.5,-62504.43
211.6,-62556.12
210.1,-62607.63
211.8,-62661.23
209.5,-62714.57
210.5,-62771.55
210.6,-62827.68
211.3,-62882.61
210.9,-62934.15
209.9,-62987.45
209.3,-63046.66
210.0,-63107.54
209.6,-63166.96
209.1,-63227.35
209.7,-63290.5
210.2,-63350.45
209.6,-63409.1
209.3,-63469.54
210.0,-63531.62
209.2,-63590.729999999996
210.1,-63652.83
209.1,-63713.05
209.4,-63775.72
209.6,-63838.09
209.5,-63899.3
210.7,-63959.3
210.6,-64015.740000000005
208.6,-64072.880000000005
210.0,-64137.94
209.4,-64197.479999999996
209.7,-64258.990000000005
209.2,-64320.34
209.0,-64383.240000000005
209.6,-64447.72
208.8,-64510.479999999996
209.9,-64574.7
209.4,-64634.990000000005
209.0,-64697.979999999996
208.8,-64762.84
209.6,-64828.520000000004
209.1,-64890.67
208.8,-64955.41
208.9,-65021.490000000005
209.2,-65087.45
208.5,-65152.17
209.2,-65218.94
209.2,-65283.83
209.5,-65347.33
209.3,-65409.89
210.5,-65471.869999999995
208.6,-65530.229999999996
209.7,-65596.31
209.9,-65658.18
209.1,-65719.24
209.1,-65783.09
209.8,-65847.21
209.3,-65908.85
208.7,-65972.29
209.5,-66038.89
208.9,-66102.18
209.1,-66167.46
208.9,-66232.92
209.5,-66298.79
209.4,-66362.25
208.9,-66425.73
209.5,-66491.36
210.5,-66553.09
209.2,-66612.52
209.2,-66675.52
209.0,-66740.27
211.2,-66803.66
209.4,-66861.41
209.7,-66922.2
210.0,-66984.06
209.2,-67044.38
208.7,-67109.06
208.8,-67176.57
209.0,-67244.12
210.5,-67308.69
210.2,-67367.97
210.4,-67426.24
210.7,-67484.29
210.1,-67540.74
210.5,-67599.45
209.7,-67658.06
210.1,-67718.66
208.8,-67779.24
209.3,-67845.61
209.3,-67910.4
208.5,-67975.31
209.4,-68043.61
208.6,-68109.09
209.5,-68176.72
209.0,-68240.94
209.3,-68306.85
209.4,-68371.97
211.0,-68436.3
209.7,-68491.96
209.4,-68553.59
209.9,-68616.64
211.3,-68677.33
210.7,-68731.65
211.0,-68788.15
210.3,-68843.77
210.0,-68902.49
210.7,-68961.81
210.5,-69019.32
210.9,-69076.38
210.5,-69132.35
211.4,-69189.64
211.6,-69242.71
210.7,-69295.63
211.9,-69350.48
211.5,-69402.49
211.6,-69454.3
211.8,-69506.12
213.0,-69555.91
212.2,-69603.57
212.6,-69651.38
212.6,-69699.08
213.2,-69745.91
212.7,-69791.35
212.7,-69837.89
212.2,-69884.8
212.8,-69933.7
210.5,-69980.99
210.9,-70038.23
213.0,-70092.79
211.1,-70140.59
211.8,-70194.12
212.0,-70245.73
212.2,-70296.05
212.2,-70345.62
211.2,-70395.94
211.0,-70449.98
211.4,-70504.86
211.3,-70558.79
212.3,-70611.27
211.5,-70662.29
211.4,-70714.46
211.5,-70767.86
211.2,-70821.23
211.3,-70875.47
211.6,-70929.55
211.1,-70982.45
210.9,-71037.59
211.3,-71093.64
210.1,-71149.45
211.1,-71207.88
210.6,-71264.86
210.9,-71322.08
209.9,-71379.41
209.3,-71441.34
210.3,-71506.01
210.0,-71567.59
209.9,-71629.0
210.0,-71691.57
210.5,-71753.0
210.6,-71812.34
210.5,-71870.99
210.7,-71929.61
211.0,-71987.23
210.5,-72043.81
211.6,-72101.31
211.3,-72155.98
211.6,-72209.93
211.7,-72263.14
210.6,-72316.97
212.0,-72372.88
211.1,-72425.91
211.7,-72480.98
210.8,-72533.98
212.6,-72590.68
211.2,-72640.27
211.9,-72694.3
211.9,-72746.36
212.0,-72797.86
211.5,-72849.5
212.1,-72901.99
212.2,-72953.27
213.9,-73001.8
212.7,-73047.11
212.6,-73093.82
212.6,-73142.02
213.3,-73190.15
212.4,-73235.66
213.6,-73284.73
213.1,-73328.93
212.3,-73375.48
213.2,-73424.07
213.0,-73470.76
213.2,-73517.02
213.7,-73562.52
214.6,-73605.73
213.5,-73647.69
214.1,-73690.88
213.7,-73733.32
212.6,-73777.63
212.8,-73825.55
212.9,-73873.27
212.4,-73921.12
212.8,-73969.84
212.0,-74018.84
213.0,-74068.51
211.5,-74118.18
211.9,-74170.52
212.3,-74222.84
212.3,-74273.53
212.2,-74323.91
212.0,-74374.91
212.1,-74426.4
211.5,-74478.02
211.5,-74532.08
211.9,-74586.7
211.2,-74639.41
211.6,-74695.12
210.7,-74750.38
211.3,-74807.64
210.5,-74864.8
210.2,-74924.26
210.7,-74986.16
211.4,-75044.91
211.1,-75101.18
211.7,-75157.0
211.8,-75211.16
210.6,-75265.8
211.2,-75323.68
211.4,-75380.61
212.0,-75436.21
211.8,-75488.53
210.0,-75542.7
212.1,-75602.72
211.1,-75657.9
212.0,-75712.61
211.7,-75766.32
210.9,-75820.63
211.1,-75877.92
211.4,-75935.04
211.2,-75990.52
211.9,-76046.55
212.0,-76100.09
212.1,-76152.57
212.0,-76204.91
211.3,-76258.31
212.9,-76311.71
211.7,-76363.07
212.3,-76414.95
212.4,-76466.56
211.8,-76517.89
211.0,-76571.75
211.6,-76628.66
211.6,-76683.6
211.0,-76738.48
211.0,-76796.24
211.3,-76853.99
211.7,-76910.46
211.4,-76965.77
211.6,-77021.27
211.5,-77076.43
212.1,-77131.77
211.9,-77184.23
211.4,-77237.91
212.4,-77293.13
212.3,-77344.77
210.7,-77397.52
211.4,-77455.48
212.8,-77510.71
212.5,-77561.75
211.9,-77612.65
211.9,-77665.38
212.7,-77717.91
212.4,-77768.61
212.6,-77819.12
213.1,-77868.84
213.0,-77917.15
211.7,-77966.73
212.6,-78018.85
212.4,-78070.01
212.4,-78120.88
210.9,-78173.39
213.0,-78230.29
212.0,-78279.9
212.9,-78332.46
211.8,-78381.76
213.6,-78435.85
213.2,-78481.56
213.3,-78528.94
212.5,-78576.63
213.1,-78626.62
211.8,-78676.0
213.3,-78728.79
212.1,-78777.32
213.8,-78828.62
214.0,-78874.3
212.5,-78920.02
212.9,-78969.0
212.6,-79018.71
212.3,-79069.16
212.6,-79120.61
213.2,-79170.88
213.1,-79219.23
213.1,-79267.17
214.2,-79313.82
212.1,-79360.66
213.4,-79409.41
212.7,-79458.61
213.7,-79506.76
213.1,-79554.16
212.8,-79602.0
213.0,-79651.12
213.0,-79699.99
213.2,-79748.53
213.7,-79796.21
213.4,-79842.51
212.9,-79889.52
213.6,-79938.4
213.4,-79984.86
212.5,-80032.23
213.3,-80083.02
212.6,-80130.88
212.8,-80181.63
213.3,-80231.58
212.6,-80279.51
212.4,-80330.34
213.0,-80381.91
213.4,-80430.91
214.1,-80477.73
213.7,-80522.42
212.8,-80568.77
212.8,-80617.8
213.7,-80666.7
213.7,-80713.56
213.7,-80759.46
213.3,-80805.88
215.4,-80850.9
213.9,-80892.87
214.7,-80936.74
213.8,-80978.98
214.0,-81023.68
214.1,-81068.3
213.0,-81113.79
213.8,-81160.54
213.5,-81207.38
214.3,-81252.98
213.3,-81298.05
214.2,-81344.14
214.1,-81388.54
215.1,-81432.31
214.9,-81472.87
214.4,-81514.11
215.1,-81555.55
214.5,-81597.02
214.2,-81639.23
215.0,-81682.83
213.7,-81724.56
214.5,-81768.79
216.2,-81810.27
214.3,-81850.29
214.5,-81891.72
215.3,-81934.49
214.6,-81974.55
214.3,-82016.59
214.4,-82059.7
214.9,-82102.41
214.1,-82144.57
215.6,-82187.89
214.6,-82227.27
215.6,-82268.01
215.4,-82307.71
215.3,-82346.64
215.3,-82386.02
215.6,-82425.5
215.8,-82463.95
214.4,-82503.42
214.7,-82544.84
214.5,-82587.19
214.1,-82630.09
215.3,-82673.62
214.0,-82715.84
214.5,-82758.8
214.7,-82802.11
214.4,-82844.62
215.6,-82887.49
215.6,-82926.48
213.4,-82967.51
214.7,-83011.11
214.2,-83055.39
214.7,-83098.65
215.7,-83140.98
214.0,-83180.3
214.8,-83224.18
214.0,-83267.63
214.8,-83311.08
213.2,-83355.68
214.3,-83401.32
213.9,-83446.8
213.7,-83492.43
214.7,-83538.73
214.6,-83581.59
213.8,-83625.11
214.3,-83670.25
214.1,-83715.11
214.5,-83759.41
214.8,-83802.76
214.3,-83845.44
213.8,-83889.48
213.1,-83935.66
213.9,-83985.09
214.9,-84030.7
212.8,-84074.36
213.5,-84123.3
213.8,-84171.38
213.5,-84218.39
213.3,-84266.18
213.9,-84314.16
215.5,-84359.02
213.3,-84402.66
213.5,-84448.8
213.7,-84496.87
213.5,-84544.41
212.9,-84592.64
214.2,-84642.29
213.1,-84688.54
213.2,-84738.13
213.2,-84787.78
213.7,-84837.34
213.4,-84884.85
212.7,-84933.52
212.9,-84985.41
212.9,-85036.69
212.9,-85087.86
213.6,-85138.73
213.4,-85186.91
213.1,-85235.7
213.8,-85285.64
212.3,-85332.97
212.9,-85386.99
212.9,-85438.33
212.8,-85489.8
213.2,-85541.29
212.3,-85591.98
212.5,-85645.56
212.2,-85699.53
211.9,-85754.74
211.8,-85811.21
213.4,-85866.4
212.1,-85918.45
212.4,-85972.59
212.1,-86027.27
212.8,-86082.79
211.6,-86134.86
212.5,-86192.62
211.5,-86247.85
211.0,-86306.55
210.6,-86368.63
210.4,-86433.18
211.6,-86498.07
212.7,-86556.76
211.5,-86612.36
211.1,-86670.66
211.7,-86731.59
211.3,-86790.26
212.6,-86849.31
210.7,-86906.26
212.3,-86966.37
211.2,-87024.01
211.6,-87084.55
212.1,-87143.06
212.3,-87199.34
212.4,-87254.38
211.5,-87310.06
211.6,-87368.27
212.2,-87426.96
211.2,-87483.2
212.3,-87543.46
211.7,-87599.95
211.1,-87658.51
212.4,-87718.38
212.0,-87774.59
211.9,-87831.33
212.4,-87888.76
212.9,-87943.27
212.5,-87996.24
213.0,-88049.58
212.6,-88102.15
213.0,-88154.93
211.7,-88208.63
211.8,-88265.65
212.5,-88323.29
212.0,-88378.54
212.0,-88435.3
213.5,-88491.7
213.2,-88542.44
213.0,-88593.15
213.3,-88644.62
213.1,-88695.51
212.9,-88747.11
211.9,-88800.59
212.0,-88857.3
213.4,-88913.12
212.9,-88965.37
212.9,-89017.26
212.6,-89070.08
213.4,-89123.23
214.2,-89173.22
213.1,-89221.09
212.7,-89271.95
212.7,-89325.23
212.7,-89379.07
212.7,-89432.74
214.1,-89486.36
211.7,-89533.52
212.3,-89592.13
212.8,-89648.14
213.2,-89701.52
211.3,-89755.36
211.5,-89814.38
211.7,-89874.88
211.9,-89934.26
212.2,-89992.38
212.5,-90048.96
213.2,-90103.54
213.0,-90155.98
212.4,-90208.95
212.4,-90263.77
213.0,-90318.78
211.5,-90373.24
212.4,-90432.71
211.8,-90489.02
212.2,-90547.57
212.3,-90604.62
211.4,-90662.16
213.9,-90720.22
213.2,-90771.45
212.5,-90823.16
212.1,-90878.09
211.9,-90935.65
212.8,-90993.5
212.4,-91048.18
212.5,-91103.48
213.2,-91158.11
212.8,-91211.2
212.8,-91264.59
212.8,-91318.62
212.3,-91373.03
212.3,-91429.07
212.5,-91485.85
212.8,-91541.38
214.0,-91594.41
212.9,-91644.31
212.5,-91697.24
213.2,-91751.73
213.0,-91804.65
213.9,-91856.23
212.2,-91907.85
213.4,-91961.53
213.2,-92014.18
213.2,-92065.96
213.3,-92117.8
212.7,-92169.95
212.1,-92224.41
213.5,-92281.96
212.8,-92332.84
213.0,-92387.06
212.5,-92440.84
213.7,-92495.28
213.9,-92545.81
213.5,-92595.12
213.6,-92645.27
213.3,-92695.7
212.2,-92748.17
213.1,-92803.67
213.2,-92857.5
214.6,-92908.19
212.6,-92957.84
213.4,-93009.98
213.7,-93062.06
213.3,-93112.84
213.3,-93164.25
213.4,-93216.09
213.8,-93267.15
213.7,-93317.15
214.0,-93366.7
213.9,-93415.71
212.5,-93466.2
214.1,-93519.23
213.5,-93569.38
212.7,-93620.52
213.9,-93674.09
213.2,-93724.61
213.2,-93776.84
213.1,-93829.69
212.0,-93883.01
213.4,-93941.26
214.2,-93993.16
215.4,-94040.86
215.1,-94084.3
214.0,-94128.5
214.7,-94176.66
214.5,-94222.8
213.7,-94269.9
214.0,-94319.16
214.0,-94368.35
213.3,-94417.91
212.8,-94470.04
213.2,-94524.5
213.1,-94577.83
212.8,-94631.32
213.2,-94686.26
213.2,-94739.59
212.8,-94792.89
213.6,-94847.04
213.1,-94899.39
212.9,-94952.67
213.9,-95005.92
213.2,-95057.56
212.8,-95110.35
214.9,-95162.5
213.4,-95211.55
212.3,-95263.34
214.0,-95318.57
213.3,-95370.02
213.8,-95421.57
214.4,-95471.61
213.5,-95520.19
212.9,-95571.49
213.3,-95625.64
214.5,-95678.37
212.3,-95726.96
213.0,-95784.15
213.4,-95838.51
214.3,-95890.47
212.7,-95940.0
213.9,-95994.13
213.4,-96045.8
213.9,-96097.46
213.4,-96148.49
213.5,-96200.33
212.4,-96253.81
214.6,-96307.59
213.0,-96358.66
213.9,-96410.12
213.8,-96461.25
213.9,-96511.47
213.8,-96561.74
214.0,-96612.05
213.1,-96663.05
213.3,-96716.07
214.3,-96768.46
212.7,-96819.04
213.4,-96873.55
213.3,-96926.77
214.7,-96979.8
214.0,-97027.05
213.4,-97077.08
213.0,-97129.98
213.1,-97184.75
213.4,-97238.97
214.3,-97291.41
213.7,-97340.93
214.0,-97391.69
212.7,-97442.99
214.5,-97496.69
212.8,-97547.91
213.5,-97601.45
213.6,-97654.64
214.4,-97705.86
213.5,-97756.0
214.5,-97806.17
213.3,-97856.5
212.8,-97909.19
213.0,-97964.62
213.6,-98019.56
212.9,-98072.7
213.7,-98128.0
212.5,-98180.2
213.8,-98237.5
213.5,-98289.6
213.5,-98342.3
212.3,-98396.4
212.6,-98454.3
213.0,-98512.1
213.5,-98567.7
212.9,-98621.7
213.1,-98677.5
213.5,-98732.6
214.0,-98785.6
213.0,-98836.9
214.0,-98891.6
214.0,-98943.1
213.6,-98994.0
213.6,-99046.3
212.6,-99100.0
213.9,-99155.3
213.1,-99209.0
213.9,-99262.4
214.1,-99314.4
213.3,-99365.7
213.8,-99418.7
214.3,-99470.4
213.4,-99520.8
213.7,-99573.7
213.4,-99626.4
214.4,-99680.0
213.5,-99729.2
214.2,-99782.4
213.2,-99832.8
213.6,-99887.7
213.7,-99940.8
213.9,-99993.1
213.9,-100044.9
214.3,-100096.1
213.0,-100147.6
213.3,-100202.1
213.0,-100257.6
213.3,-100313.3
213.9,-100367.9
213.8,-100420.1
214.4,-100471.8
214.6,-100521.4
214.1,-100570.2
215.4,-100619.2
214.7,-100665.8
213.7,-100714.1
214.3,-100765.3
213.3,-100816.8
213.7,-100870.4
213.5,-100923.8
214.1,-100977.6
213.5,-101029.0
213.8,-101082.8
213.8,-101135.2
213.9,-101187.6
213.2,-101240.2
213.6,-101295.4
213.8,-101349.4
213.9,-101402.3
213.3,-101455.4
212.0,-101511.7
213.4,-101572.1
213.3,-101627.9
213.0,-101683.3
213.3,-101740.1
213.4,-101795.8
212.7,-101851.7
213.9,-101908.4
212.7,-101963.8
212.6,-102021.9
212.6,-102081.6
212.9,-102141.0
213.4,-102198.6
212.2,-102256.0
212.4,-102316.5
212.0,-102377.8
212.9,-102440.8
211.2,-102501.9
211.4,-102568.5
211.9,-102635.9
210.8,-102701.7
211.2,-102771.8
211.7,-102840.8
210.9,-102908.0
212.3,-102977.9
211.3,-103041.1
212.4,-103107.6
211.9,-103170.7
212.4,-103234.8
212.5,-103296.5
211.4,-103359.1
212.0,-103425.8
213.5,-103489.3
212.5,-103546.7
212.2,-103607.3
212.6,-103669.6
212.6,-103730.4
212.8,-103790.7
212.4,-103850.8
212.9,-103911.8
213.5,-103971.1
213.2,-104027.3
213.2,-104084.6
213.5,-104141.7
213.0,-104198.4
213.1,-104256.5
214.1,-104313.6
213.2,-104368.1
212.6,-104425.0
212.5,-104485.8
213.2,-104546.8
213.3,-104605.0
212.9,-104662.7
213.2,-104721.6
213.4,-104779.5
213.3,-104836.1
213.2,-104893.4
212.9,-104951.6
212.8,-105011.0
212.9,-105071.0
212.8,-105130.6
214.5,-105189.7
213.6,-105242.9
213.2,-105298.5
213.9,-105355.2
213.6,-105410.7
213.5,-105466.7
214.1,-105523.1
214.1,-105576.9
213.9,-105630.4
214.4,-105684.9
214.1,-105737.4
214.7,-105790.4
214.5,-105841.7
215.0,-105892.9
214.3,-105943.1
213.9,-105995.6
212.9,-106051.4
213.2,-106110.6
213.4,-106169.8
214.0,-106227.6
213.2,-106282.5
213.7,-106341.0
213.0,-106398.3
212.7,-106458.1
213.0,-106519.7
213.1,-106580.6
212.2,-106641.1
213.0,-106705.0
212.5,-106767.1
213.1,-106830.4
212.4,-106891.2
212.4,-106955.0
212.4,-107019.6
211.7,-107084.1
211.8,-107152.8
211.6,-107221.8
211.5,-107291.8
211.6,-107362.3
211.4,-107432.6
211.1,-107504.2
211.1,-107577.4
210.4,-107652.2
211.6,-107730.2
211.0,-107801.7
211.4,-107875.8
211.0,-107948.4
211.5,-108022.2
210.7,-108094.3
211.5,-108170.0
211.4,-108242.4
210.1,-108315.6
211.6,-108394.6
212.0,-108466.7
211.6,-108535.3
211.8,-108605.8
212.4,-108675.6
210.8,-108742.9
212.0,-108817.2
212.2,-108886.8
212.2,-108954.1
212.2,-109021.2
212.4,-109088.5
212.8,-109154.3
211.2,-109219.8
212.1,-109292.3
213.5,-109359.7
212.4,-109421.5
211.3,-109487.6
212.1,-109559.7
212.2,-109628.8
213.3,-109695.8
212.6,-109758.8
212.5,-109823.4
212.5,-109889.6
212.1,-109956.3
212.3,-110024.4
212.9,-110091.5
212.4,-110156.2
212.9,-110222.1
212.8,-110286.4
212.2,-110351.8
212.7,-110419.1
212.7,-110484.9
213.5,-110549.2
211.9,-110612.1
211.9,-110680.9
212.9,-110750.6
212.2,-110816.5
212.4,-110884.4
213.2,-110951.0
212.2,-111015.5
212.1,-111083.6
212.3,-111152.8
212.4,-111221.1
212.8,-111288.7
212.2,-111355.1
211.9,-111423.9
213.1,-111493.7
212.9,-111558.5
212.4,-111623.2
211.9,-111691.3
212.9,-111761.2
213.4,-111827.0
212.6,-111889.8
213.5,-111955.2
213.7,-112017.5
213.1,-112078.1
212.7,-112142.0
212.8,-112207.9
213.0,-112273.6
213.4,-112338.2
213.4,-112400.8
212.4,-112464.3
214.2,-112531.9
213.8,-112589.8
213.5,-112649.9
213.9,-112711.0
213.1,-112771.6
212.8,-112835.7
213.7,-112900.8
214.0,-112962.4
212.7,-113022.7
214.1,-113088.0
214.3,-113147.2
214.5,-113204.5
214.2,-113261.3
214.3,-113318.9
214.5,-113376.3
214.5,-113432.7
215.3,-113488.7
214.2,-113542.4
214.4,-113599.5
214.2,-113657.2
214.4,-113714.9
215.3,-113771.5
214.2,-113825.0
214.0,-113882.9
214.0,-113942.4
214.6,-114001.3
214.5,-114058.3
215.7,-114113.7
215.4,-114165.9
214.8,-114218.2
214.4,-114273.3
215.1,-114330.5
214.8,-114384.5
216.3,-114438.7
214.6,-114488.7
215.3,-114543.4
215.1,-114597.1
216.0,-114649.8
214.6,-114701.8
215.1,-114756.1
214.9,-114810.9
215.0,-114865.8
215.3,-114920.3
215.6,-114973.4
214.9,-115025.4
214.6,-115080.3
215.6,-115136.7
215.8,-115188.9
214.6,-115240.8
215.5,-115296.1
215.6,-115349.3
214.6,-115402.5
215.8,-115457.0
215.4,-115509.7
214.1,-115563.4
215.6,-115620.6
216.4,-115673.2
215.9,-115722.2
216.1,-115772.0
215.9,-115821.7
216.1,-115871.9
215.5,-115921.8
215.7,-115973.8
215.9,-116025.5
216.6,-116075.8
215.8,-116123.9
215.4,-116174.8
216.8,-116227.4
216.3,-116274.4
216.7,-116322.7
216.1,-116370.4
215.5,-116420.1
217.1,-116471.0
216.5,-116517.8
216.6,-116565.0
216.5,-116612.6
216.8,-116660.1
217.4,-116706.4
216.4,-116752.3
216.3,-116799.8
216.9,-116848.0
216.7,-116895.2
216.7,-116942.3
217.5,-116989.0
216.6,-117033.7
216.6,-117081.4
217.5,-117129.2
216.7,-117173.7
217.2,-117220.4
216.2,-117267.0
216.4,-117315.7
218.4,-117362.4
217.8,-117405.4
218.2,-117446.8
217.1,-117489.1
216.2,-117534.3
217.3,-117583.7
216.7,-117629.1
216.4,-117676.6
217.5,-117725.3
217.5,-117769.9
217.7,-117813.6
216.6,-117858.3
217.2,-117904.4
216.8,-117951.1
216.7,-117997.9
217.0,-118045.2
217.8,-118091.4
216.8,-118135.5
217.3,-118182.2
217.4,-118227.3
218.4,-118271.2
217.2,-118313.8
218.6,-118356.4
217.6,-118398.9
217.6,-118441.6
217.3,-118485.6
217.2,-118530.5
217.7,-118576.0
217.3,-118619.8
217.3,-118664.8
217.9,-118709.4
216.7,-118754.3
217.1,-118800.4
218.3,-118845.8
217.7,-118888.7
218.4,-118931.9
217.3,-118973.4
217.9,-119017.8
218.3,-119060.8
219.1,-119101.6
217.8,-119141.9
217.7,-119184.2
218.1,-119228.0
217.5,-119270.5
217.1,-119315.2
217.8,-119360.4
218.1,-119404.1
217.6,-119447.1
219.0,-119489.7
217.6,-119529.7
218.9,-119573.2
218.5,-119613.4
218.2,-119653.8
218.5,-119694.9
217.8,-119736.3
218.1,-119779.5
218.4,-119821.5
218.0,-119863.2
217.7,-119906.0
218.0,-119949.3
218.3,-119992.3
218.0,-120034.4
218.1,-120077.0
218.9,-120118.7
218.3,-120159.4
218.6,-120200.0
218.4,-120240.9
218.6,-120281.9
218.9,-120322.3
219.5,-120361.2
218.2,-120400.5
218.1,-120441.2
219.5,-120483.3
218.2,-120521.6
218.4,-120562.7
218.4,-120604.3
218.6,-120645.5
218.4,-120686.6
218.6,-120728.0
219.3,-120768.1
218.9,-120807.0
219.9,-120844.9
218.7,-120882.1
218.0,-120922.5
219.2,-120963.9
219.4,-121003.2
218.7,-121041.7
218.5,-121081.5
218.7,-121122.3
219.2,-121162.2
218.5,-121202.1
217.5,-121243.5
218.3,-121287.4
218.5,-121330.1
218.1,-121371.5
218.7,-121413.3
218.3,-121454.8
218.4,-121496.2
219.1,-121537.5
219.3,-121576.8
218.8,-121615.4
219.7,-121653.9
218.7,-121692.6
218.3,-121732.2
218.7,-121774.0
219.0,-121814.3
218.8,-121854.2
218.8,-121894.1
219.1,-121934.1
219.3,-121973.2
219.1,-122011.9
218.7,-122051.2
219.6,-122090.5
219.8,-122128.5
219.4,-122165.5
218.1,-122204.7
219.5,-122244.6
219.2,-122283.8
219.2,-122322.5
218.7,-122361.8
219.4,-122401.1
217.6,-122441.5
219.5,-122484.4
219.4,-122522.8
218.8,-122561.5
218.4,-122601.6
219.6,-122642.0
218.2,-122680.6
219.3,-122722.7
218.6,-122762.6
220.1,-122801.3
218.6,-122839.9
218.4,-122880.0
219.5,-122921.4
219.8,-122959.5
219.4,-122997.0
219.4,-123034.7
218.6,-123073.2
220.2,-123112.1
219.4,-123150.0
219.2,-123187.3
219.6,-123226.2
218.7,-123264.7
217.9,-123305.6
219.6,-123346.7
219.6,-123386.0
219.5,-123423.6
221.0,-123459.7
219.6,-123495.5
220.1,-123531.3
220.8,-123566.6
219.1,-123602.6
219.6,-123639.6
219.3,-123677.6
220.1,-123715.6
218.6,-123754.0
218.7,-123793.7
218.0,-123835.2
219.0,-123878.8
219.3,-123918.5
218.0,-123958.8
217.8,-124001.5
218.9,-124044.9
219.3,-124086.2
219.9,-124125.2
218.8,-124163.1
219.4,-124202.0
218.3,-124242.2
218.0,-124284.1
219.3,-124327.9
218.1,-124367.9
218.5,-124410.2
219.2,-124451.8
219.0,-124492.2
218.7,-124532.3
218.2,-124573.8
219.1,-124616.1
218.9,-124656.8
219.3,-124696.6
219.4,-124736.0
218.4,-124774.9
218.5,-124817.1
218.6,-124859.2
218.7,-124900.9
218.3,-124942.7
218.9,-124984.8
217.8,-125025.9
217.5,-125070.9
219.4,-125115.4
218.7,-125156.7
218.3,-125197.7
218.4,-125240.2
219.5,-125282.5
218.1,-125321.6
219.4,-125363.4
218.1,-125404.8
218.2,-125446.9
219.4,-125489.4
219.4,-125529.3
217.7,-125569.1
218.4,-125612.8
217.6,-125657.0
217.8,-125701.8
218.6,-125746.2
218.5,-125789.0
219.1,-125831.0
219.2,-125870.9
218.8,-125910.8
219.7,-125950.1
219.9,-125988.5
219.5,-126025.5
219.6,-126063.7
220.6,-126100.5
219.9,-126136.6
220.5,-126172.9
219.5,-126208.9
220.2,-126245.2
220.6,-126281.8
220.0,-126316.8
219.3,-126353.7
219.5,-126391.7
219.6,-126430.1
220.0,-126467.6
220.3,-126504.1
219.1,-126541.1
219.3,-126580.0
219.5,-126619.0
220.4,-126656.4
220.8,-126692.3
219.9,-126726.6
220.2,-126763.2
220.4,-126799.1
219.5,-126835.0
220.4,-126872.6
219.3,-126909.3
220.7,-126945.5
220.3,-126981.2
221.9,-127015.2
220.8,-127048.2
221.0,-127080.6
221.8,-127113.1
221.2,-127145.2
220.9,-127177.0
221.6,-127209.8
221.4,-127242.1
221.0,-127273.9
220.8,-127307.2
220.7,-127340.7
222.0,-127374.4
220.2,-127406.9
221.6,-127439.3
221.8,-127471.7
222.1,-127502.3
221.6,-127532.6
222.4,-127563.1
222.3,-127593.1
221.1,-127622.6
222.3,-127653.5
222.4,-127684.1
222.3,-127713.2
221.5,-127743.3
220.9,-127774.4
223.1,-127804.9
221.6,-127835.6
221.0,-127866.6
222.0,-127897.9
222.3,-127929.3
221.5,-127959.5
220.9,-127991.0
221.5,-128024.1
221.6,-128055.8
220.4,-128088.3
221.2,-128122.6
221.4,-128155.2
221.6,-128187.4
221.1,-128219.2
220.9,-128252.2
221.8,-128285.0
221.6,-128316.4
221.5,-128348.0
222.3,-128379.5
220.4,-128410.7
220.8,-128443.5
220.7,-128478.0
222.2,-128510.9
221.3,-128543.1
220.9,-128574.8
221.6,-128607.7
221.1,-128640.5
221.2,-128673.1
221.3,-128705.8
221.2,-128738.5
220.9,-128771.2
219.8,-128806.1
220.3,-128841.8
221.6,-128878.0
221.2,-128910.1
220.8,-128942.9
221.0,-128976.6
221.3,-129009.8
220.7,-129043.4
220.2,-129077.5
220.8,-129113.0
221.3,-129147.0
219.5,-129180.6
220.1,-129218.5
221.3,-129253.9
220.2,-129288.9
219.9,-129324.5
220.6,-129361.0
220.7,-129396.5
219.7,-129431.5
219.7,-129469.4
221.2,-129505.79999999999
218.8,-129543.0
219.2,-129582.0
220.2,-129621.9
219.6,-129659.4
219.4,-129697.6
218.9,-129737.1
219.1,-129777.9
219.1,-129818.5
218.9,-129859.29999999999
219.0,-129900.4
217.9,-129942.70000000001
218.5,-129986.70000000001
218.7,-130030.1
218.6,-130072.29999999999
218.5,-130115.1
218.9,-130157.70000000001
218.5,-130200.1
217.8,-130243.6
218.2,-130288.70000000001
218.6,-130333.20000000001
218.2,-130376.1
218.9,-130420.0
217.9,-130462.9
218.1,-130507.5
216.5,-130554.6
217.0,-130604.6
217.5,-130654.70000000001
217.1,-130703.6
217.1,-130752.79999999999
216.6,-130803.1
216.7,-130854.6
216.5,-130906.70000000001
216.4,-130959.4
216.9,-131012.1
215.4,-131064.70000000001
215.6,-131122.3
216.7,-131179.6
216.6,-131231.7
216.9,-131283.8
216.2,-131335.4
215.9,-131389.8
216.0,-131445.5
215.8,-131501.5
216.2,-131557.5
215.1,-131613.7
214.7,-131673.5
215.6,-131736.2
214.8,-131796.0
215.0,-131857.5
214.6,-131919.3
214.8,-131983.3
214.0,-132047.4
214.2,-132114.5
215.3,-132181.0
215.1,-132241.6
213.6,-132304.3
213.7,-132373.2
214.8,-132442.5
215.0,-132506.7
214.7,-132569.0
213.9,-132633.3
213.6,-132702.4
213.1,-132773.5
214.7,-132846.5
213.4,-132913.5
213.5,-132985.1
213.2,-133057.3
212.7,-133131.2
213.7,-133207.8
212.8,-133279.7
212.9,-133356.6
212.9,-133433.2
212.5,-133510.0
212.6,-133589.1
212.6,-133668.0
212.1,-133747.3
212.3,-133829.6
212.1,-133911.0
211.5,-133994.3
211.5,-134081.5
211.4,-134170.0
210.8,-134259.5
210.7,-134353.9
210.7,-134449.6
210.6,-134545.4
210.3,-134642.1
211.6,-134740.1
210.4,-134829.6
211.0,-134927.6
211.8,-135020.7
211.0,-135108.0
210.0,-135201.1
210.5,-135301.8
210.0,-135400.6
209.7,-135503.6
209.7,-135609.4
210.9,-135714.7
209.9,-135810.9
210.3,-135913.4
210.0,-136014.2
209.7,-136117.5
211.0,-136222.9
211.0,-136317.1
210.2,-136412.0
210.3,-136512.9
210.3,-136613.4
210.7,-136713.7
209.8,-136811.6
210.2,-136915.7
210.5,-137017.2
210.1,-137116.6
210.4,-137218.9
209.9,-137319.4
209.9,-137423.7
210.5,-137528.5
209.6,-137627.9
210.0,-137735.8
209.7,-137840.4
209.0,-137948.7
209.4,-138062.5
209.5,-138173.9
209.5,-138283.7
209.7,-138393.6
209.9,-138501.5
209.9,-138607.6
209.6,-138713.9
209.3,-138822.8
209.9,-138934.6
209.3,-139041.1
210.4,-139151.4
209.2,-139254.9
209.3,-139366.5
210.0,-139478.8
210.2,-139584.3
209.4,-139688.3
209.7,-139799.2
209.4,-139907.9
209.3,-140019.2
209.2,-140132.1
209.7,-140245.1
209.6,-140354.7
210.0,-140464.1
209.6,-140569.9
209.1,-140679.7
210.4,-140793.6
210.5,-140896.7
209.9,-140998.6
210.6,-141104.0
210.0,-141205.5
209.6,-141311.1
209.1,-141420.9
209.8,-141535.7
209.7,-141644.6
210.3,-141753.1
210.1,-141857.5
210.7,-141961.6
210.2,-142061.5
209.5,-142166.1
209.6,-142277.4
209.4,-142388.7
210.4,-142500.7
210.9,-142604.1
209.9,-142703.6
209.3,-142810.8
210.1,-142924.4
209.3,-143031.2
209.5,-143144.9
210.3,-143256.1
210.8,-143360.1
210.1,-143460.6
210.1,-143565.9
209.9,-143672.5
210.5,-143780.2
209.9,-143883.1
210.1,-143990.6
210.5,-144096.4
209.4,-144200.5
210.2,-144311.9
210.3,-144418.2
210.5,-144522.7
209.4,-144625.6
210.0,-144739.0
209.6,-144847.8
209.1,-144960.0
209.6,-145077.2
211.0,-145188.4
210.3,-145288.2
209.9,-145392.8
210.1,-145501.2
210.4,-145608.5
210.2,-145712.9
212.7,-145816.6
210.1,-145904.7
210.7,-146008.3
210.5,-146110.0
210.9,-146212.7
210.1,-146313.4
209.8,-146420.0
209.6,-146530.9
209.5,-146643.8
209.9,-146757.2
209.6,-146867.7
210.3,-146980.5
211.0,-147085.7
211.0,-147184.6
210.2,-147283.5
211.0,-147389.3
211.2,-147489.0
210.4,-147586.6
210.2,-147690.7
210.0,-147797.5
210.1,-147906.3
210.7,-148014.4
210.2,-148117.2
210.1,-148223.9
210.3,-148332.5
209.9,-148439.5
210.5,-148549.1
210.5,-148654.2
211.5,-148757.5
210.5,-148854.8
211.5,-148956.8
211.2,-149053.4
211.4,-149150.4
211.4,-149246.7
211.5,-149342.6
211.2,-149438.4
211.4,-149536.0
210.8,-149633.2
210.8,-149734.7
211.1,-149836.2
210.9,-149936.1
211.0,-150037.5
210.7,-150138.6
210.6,-150241.7
211.0,-150345.5
211.2,-150446.5
210.3,-150546.3
211.4,-150651.8
210.8,-150750.9
210.7,-150853.1
210.8,-150956.8
210.6,-151060.5
210.6,-151165.1
210.5,-151270.3
210.8,-151376.7
211.0,-151479.9
210.7,-151581.6
211.0,-151685.1
211.5,-151786.2
211.0,-151883.5
210.3,-151985.5
212.0,-152092.0
210.5,-152187.3
210.5,-152292.5
210.3,-152399.1
209.8,-152508.0
210.5,-152621.9
210.5,-152729.0
210.6,-152835.6
210.4,-152941.7
210.0,-153049.7
209.3,-153161.9
209.4,-153281.5
210.4,-153399.7
210.2,-153509.6
210.0,-153619.9
209.8,-153733.0
209.1,-153849.0
209.4,-153971.2
209.7,-154091.2
209.3,-154208.6
209.5,-154329.2
209.9,-154447.9
209.9,-154562.7
209.1,-154677.6
210.0,-154799.6
210.0,-154913.8
209.8,-155027.1
209.4,-155143.6
208.5,-155264.4
208.3,-155395.7
208.5,-155529.2
209.6,-155659.8
209.4,-155779.3
208.8,-155900.6
209.8,-156028.2
209.7,-156144.3
209.6,-156261.8
209.7,-156380.3
208.8,-156498.5
209.2,-156625.3
210.1,-156747.8
209.9,-156862.3
209.9,-156977.6
209.9,-157093.0
209.3,-157209.4
211.3,-157330.5
211.4,-157432.4
210.9,-157532.5
211.5,-157636.8
210.2,-157737.8
210.8,-157848.4
211.4,-157954.8
211.7,-158055.7
211.4,-158153.8
212.1,-158253.3
211.9,-158347.9
211.5,-158443.7
212.8,-158541.4
211.1,-158631.2
211.7,-158734.1
211.1,-158833.1
211.0,-158937.0
211.3,-159041.6
210.9,-159144.0
211.0,-159249.2
211.4,-159353.8
209.8,-159457.0
210.7,-159573.2
210.8,-159682.1
211.1,-159789.4
210.2,-159895.3
210.3,-160008.1
210.3,-160120.8
209.8,-160234.4
210.4,-160351.9
209.5,-160465.5
210.2,-160586.1
209.9,-160701.1
211.2,-160817.1
211.7,-160921.8
209.9,-161021.0
212.2,-161136.3
211.2,-161233.7
211.5,-161337.0
211.6,-161438.2
211.9,-161538.3
211.4,-161635.8
212.5,-161736.7
211.3,-161829.9
211.3,-161932.6
211.4,-162036.1
211.4,-162138.4
211.5,-162240.6
211.5,-162342.1
210.9,-162444.6
211.3,-162550.9
210.4,-162656.2
209.9,-162768.7
211.0,-162886.7
211.2,-162994.5
210.0,-163101.0
209.7,-163217.8
209.4,-163339.8
208.9,-163464.8
209.2,-163595.6
210.0,-163723.1
209.7,-163841.9
209.6,-163963.1
209.8,-164085.8
210.1,-164206.0
209.2,-164323.7
209.8,-164451.1
209.7,-164572.5
210.6,-164693.4
210.2,-164806.8
209.6,-164923.3
210.0,-165045.9
210.2,-165165.3
210.4,-165282.3
209.1,-165398.8
210.5,-165526.8
210.2,-165640.1
210.7,-165756.0
209.8,-165868.3
210.0,-165989.6
210.1,-166109.0
211.0,-166226.8
210.7,-166335.7
210.8,-166446.6
210.8,-166557.2
211.8,-166667.3
211.4,-166768.9
210.4,-166873.6
210.9,-166988.3
211.2,-167097.8
212.0,-167204.0
211.6,-167304.0
212.3,-167405.6
212.5,-167502.2
211.3,-167597.9
211.6,-167702.2
211.9,-167805.1
211.7,-167905.8
210.6,-168008.9
211.2,-168121.0
211.9,-168228.3
211.8,-168328.7
211.9,-168430.1
211.6,-168530.9
210.8,-168635.0
210.8,-168746.0
210.8,-168858.4
211.7,-168969.8
211.8,-169072.6
210.4,-169174.5
210.7,-169291.5
210.3,-169405.5
210.3,-169522.6
210.6,-169640.7
210.8,-169755.1
210.7,-169868.1
210.3,-169981.5
210.5,-170099.3
210.0,-170216.2
210.0,-170337.4
210.3,-170459.2
210.1,-170578.8
211.0,-170698.6
211.6,-170810.1
211.8,-170914.9
212.4,-171017.0
211.7,-171115.1
212.5,-171217.4
212.6,-171314.1
211.6,-171410.7
212.3,-171513.7
211.3,-171613.3
211.7,-171720.5
211.0,-171825.5
210.4,-171938.1
211.0,-172055.6
210.8,-172168.8
210.0,-172283.6
211.0,-172406.0
210.3,-172519.5
210.8,-172639.2
210.1,-172755.0
210.2,-172877.3
209.7,-172999.3
210.1,-173126.4
210.3,-173249.2
210.4,-173369.8
210.3,-173489.4
210.3,-173610.3
210.4,-173730.8
210.8,-173849.8
210.4,-173965.5
211.0,-174084.6
210.5,-174198.7
210.0,-174317.1
210.9,-174441.0
210.8,-174556.4
210.5,-174672.5
210.3,-174792.7
209.5,-174915.4
209.5,-175046.6
209.2,-175178.5
209.8,-175314.4
209.9,-175443.6
209.7,-175571.5
209.5,-175701.6
210.1,-175833.5
210.7,-175958.3
210.3,-176077.2
211.5,-176199.0
211.6,-176310.4
212.5,-176418.5
212.1,-176519.0
211.6,-176622.8
212.2,-176731.7
211.8,-176835.2
210.6,-176943.3
212.6,-177060.2
212.7,-177161.6
213.0,-177259.7
212.2,-177356.3
212.6,-177458.0
212.1,-177558.7
211.9,-177663.0
211.7,-177769.7
212.5,-177878.0
211.4,-177979.3
211.5,-178090.8
211.4,-178202.3
211.0,-178315.1
210.4,-178432.6
210.1,-178556.8
210.3,-178683.9
209.8,-178810.4
209.6,-178941.7
210.2,-179076.3
211.3,-179201.8
209.8,-179318.2
210.0,-179448.8
210.9,-179578.4
210.1,-179698.0
209.8,-179825.2
209.7,-179957.9
209.7,-180091.6
210.2,-180225.3
209.9,-180353.3
210.1,-180484.6
209.4,-180614.8
209.6,-180752.8
211.1,-180887.7
210.2,-181007.9
209.2,-181135.9
209.8,-181277.4
209.9,-181411.1
209.5,-181544.8
209.2,-181683.1
210.5,-181825.0
210.1,-181951.2
209.5,-182081.3
210.0,-182219.3
209.8,-182352.1
209.8,-182487.2
209.5,-182621.9
210.2,-182760.1
209.5,-182892.0
209.1,-183030.5
209.5,-183175.4
210.0,-183315.1
209.7,-183449.2
209.9,-183585.4
209.3,-183720.0
209.5,-183863.1
209.8,-184003.7
209.1,-184140.8
209.6,-184285.6
209.9,-184425.2
210.4,-184560.1
210.7,-184689.6
209.7,-184815.7
209.8,-184952.6
210.0,-185089.5
209.9,-185224.3
210.3,-185360.1
210.4,-185491.2
210.4,-185621.4
210.6,-185750.8
211.8,-185878.9
210.9,-185994.0
211.7,-186116.9
211.2,-186232.5
211.4,-186353.3
211.6,-186471.7
211.6,-186588.8
212.6,-186704.6
212.6,-186811.3
212.3,-186917.7
213.1,-187026.2
213.2,-187127.4
213.8,-187227.9
214.4,-187322.3
213.9,-187412.2
214.2,-187505.3
212.5,-187599.2
212.5,-187705.0
212.5,-187812.9
212.6,-187921.1
211.6,-188028.2
212.1,-188145.5
211.7,-188259.2
211.5,-188375.6
212.7,-188493.2
212.0,-188601.5
212.0,-188714.0
211.4,-188827.7
211.4,-188948.3
211.9,-189068.9
211.6,-189184.9
211.5,-189303.5
210.7,-189423.9
211.8,-189552.3
211.4,-189670.4
211.1,-189792.0
210.1,-189917.6
210.1,-190054.9
211.0,-190192.2
210.0,-190320.3
211.1,-190458.1
210.9,-190585.0
210.8,-190713.2
211.3,-190842.1
211.1,-190966.0
211.8,-191090.6
211.1,-191210.0
212.6,-191334.2
212.5,-191444.7
213.5,-191553.6
213.1,-191655.1
213.3,-191758.4
213.2,-191860.3
211.5,-191964.1
212.0,-192084.0
211.4,-192200.6
211.8,-192323.1
212.0,-192441.2
212.6,-192557.2
211.4,-192668.6
210.5,-192792.2
211.4,-192926.0
211.2,-193050.2
211.4,-193175.9
211.0,-193299.8
211.7,-193428.4
210.7,-193549.8
212.0,-193681.0
211.1,-193799.8
211.7,-193926.2
211.7,-194046.7
211.9,-194167.2
212.2,-194285.3
211.3,-194401.4
212.5,-194525.7
213.0,-194636.8
212.5,-194744.4
212.8,-194855.3
212.5,-194964.6
214.2,-195076.7
213.6,-195171.5
212.7,-195271.9
212.9,-195381.7
212.9,-195489.6
214.0,-195596.3
212.9,-195695.9
213.6,-195802.3
213.1,-195905.0
214.3,-196009.0
213.0,-196106.2
213.2,-196211.9
213.6,-196317.2
213.8,-196418.8
213.9,-196518.1
214.1,-196616.5
214.6,-196712.9
214.4,-196806.1
214.2,-196900.6
214.2,-196996.4
215.5,-197091.2
215.0,-197177.5
214.7,-197266.6
214.9,-197358.2
214.9,-197448.8
215.1,-197538.7
215.6,-197627.3
215.2,-197711.9
214.4,-197800.4
215.2,-197893.6
215.1,-197982.6
216.1,-198071.4
216.7,-198152.0
215.5,-198229.3
214.9,-198315.0
215.3,-198404.7
215.6,-198492.3
215.6,-198577.6
215.4,-198663.2
215.8,-198749.3
215.3,-198833.9
215.6,-198921.1
215.5,-199006.4
215.2,-199092.6
215.1,-199181.3
216.4,-199270.1
216.1,-199350.1
215.9,-199431.4
215.5,-199515.0
216.2,-199600.2
215.3,-199682.6
215.2,-199770.8
215.3,-199860.1
215.3,-199948.8
215.5,-200036.8
216.1,-200123.7
215.6,-200206.4
215.7,-200291.8
215.6,-200377.3
215.5,-200463.8
216.4,-200549.5
214.7,-200631.1
215.2,-200724.8
216.0,-200814.2
216.0,-200898.1
216.1,-200980.9
215.3,-201063.6
214.9,-201152.2
214.9,-201244.5
214.6,-201337.5
214.9,-201432.5
213.9,-201525.5
214.1,-201627.4
214.1,-201727.5
214.6,-201827.7
214.1,-201923.7
213.5,-202024.0
213.7,-202130.6
214.2,-202235.2
213.1,-202335.8
212.9,-202445.9
213.1,-202558.9
213.6,-202670.2
212.5,-202776.7
213.7,-202893.0
213.0,-203000.2
213.0,-203111.4
213.3,-203224.1
213.6,-203333.3
212.6,-203440.9
213.0,-203556.4
213.7,-203669.1
213.4,-203775.1
213.4,-203883.2
214.4,-203990.5
213.8,-204090.4
213.2,-204194.6
213.8,-204303.8
214.4,-204408.4
214.1,-204507.7
214.4,-204608.2
214.3,-204707.2
214.3,-204806.4
215.1,-204904.7
213.8,-204999.5
214.7,-205101.0
214.7,-205197.7
214.3,-205293.9
214.2,-205393.1
214.4,-205493.5
214.5,-205592.8
214.6,-205690.9
215.1,-205787.3
215.3,-205879.8
214.7,-205970.9
214.5,-206067.1
215.0,-206164.6
214.0,-206259.7
214.8,-206361.2
214.8,-206457.7
214.8,-206552.8
214.7,-206648.5
214.5,-206745.3
215.0,-206843.2
214.8,-206937.9
215.9,-207033.0
215.4,-207119.9
215.5,-207210.2
214.9,-207300.8
215.3,-207394.5
215.3,-207486.0
215.6,-207576.9
215.1,-207666.1
215.1,-207758.4
215.0,-207851.3
215.8,-207944.0
216.1,-208031.7
215.5,-208117.0
215.4,-208206.1
216.1,-208295.7
216.1,-208380.8
215.5,-208465.8
216.0,-208554.8
215.3,-208641.8
215.6,-208732.8
216.4,-208821.5
215.4,-208905.3
216.3,-208993.8
215.6,-209077.8
216.5,-209166.3
216.0,-209249.4
216.3,-209334.0
216.7,-209417.0
217.6,-209496.4
216.4,-209571.3
216.3,-209653.4
216.6,-209736.4
216.6,-209817.9
216.2,-209899.8
216.1,-209983.6
215.4,-210069.4
215.9,-210159.6
216.7,-210246.3
216.8,-210327.5
216.1,-210408.2
215.6,-210493.3
216.8,-210582.1
216.5,-210662.8
215.8,-210745.5
215.9,-210832.6
216.6,-210919.9
216.4,-211002.2
215.6,-211085.7
215.9,-211175.4
216.2,-211262.7
215.9,-211348.5
216.4,-211435.2
215.2,-211519.4
215.8,-211612.2
215.3,-211702.0
215.4,-211794.2
216.1,-211886.3
216.2,-211973.5
216.0,-212059.5
216.0,-212146.6
215.7,-212234.2
216.1,-212324.1
216.4,-212410.5
215.6,-212495.8
216.1,-212585.5
216.1,-212673.1
215.7,-212760.6
215.3,-212851.2
215.0,-212945.1
216.1,-213040.6
216.6,-213129.2
216.3,-213212.6
215.9,-213298.7
215.6,-213388.1
216.2,-213480.0
215.5,-213567.4
216.0,-213659.7
216.1,-213749.0
216.3,-213836.9
216.2,-213923.7
216.3,-214011.1
217.2,-214096.9
216.0,-214177.6
217.2,-214265.5
216.8,-214346.5
217.0,-214429.0
216.8,-214510.4
216.5,-214593.3
216.5,-214678.9
216.7,-214764.7
216.3,-214849.5
216.2,-214936.8
216.0,-215025.4
216.0,-215115.6
215.8,-215206.3
215.7,-215298.4
215.3,-215391.9
215.0,-215488.7
215.4,-215587.9
215.4,-215684.5
215.5,-215781.2
215.3,-215877.3
214.6,-215974.9
214.9,-216080.1
214.2,-216182.5
214.2,-216291.1
214.3,-216400.6
213.8,-216509.9
214.3,-216623.0
214.8,-216731.7
213.4,-216836.8
213.5,-216954.3
213.7,-217072.1
214.1,-217188.3
212.9,-217302.0
212.5,-217426.1
213.3,-217556.7
213.1,-217678.8
212.7,-217803.2
213.2,-217930.9
213.1,-218054.3
213.5,-218178.4
213.6,-218297.8
212.5,-218417.7
213.1,-218549.1
213.3,-218674.7
213.2,-218798.0
212.2,-218922.5
212.4,-219058.6
212.1,-219194.1
212.7,-219332.1
212.0,-219464.5
212.0,-219604.2
211.5,-219745.3
211.8,-219892.6
211.4,-220036.5
211.6,-220185.2
211.4,-220332.2
210.9,-220482.4
211.3,-220639.7
209.8,-220793.3
209.8,-220967.7
211.1,-221143.3
211.3,-221300.2
210.4,-221453.8
210.3,-221620.0
210.1,-221789.6
210.2,-221962.0
210.0,-222133.5
209.9,-222307.7
210.2,-222483.8
209.8,-222655.8
210.3,-222832.7
209.6,-223003.6
210.0,-223184.6
209.6,-223360.9
210.2,-223542.0
209.7,-223715.4
210.3,-223895.2
210.3,-224066.6
210.4,-224237.7
210.8,-224406.0
210.5,-224569.9
210.2,-224738.4
211.7,-224908.6
211.5,-225060.0
211.9,-225211.1
212.2,-225357.2
213.1,-225498.3
213.5,-225629.8
211.8,-225757.6
212.5,-225903.0
211.9,-226043.2
212.1,-226189.5
212.4,-226334.0
211.5,-226474.7
211.7,-226627.9
210.8,-226778.6
210.7,-226943.2
210.3,-227109.8
210.9,-227281.2
210.3,-227445.2
209.8,-227618.4
209.9,-227800.2
209.7,-227980.6
209.9,-228163.4
209.9,-228343.9
210.5,-228523.8
210.8,-228693.6
212.1,-228858.1
211.7,-229005.2
213.1,-229154.1
211.0,-229289.8
211.4,-229449.1
211.4,-229605.0
210.2,-229762.0
210.2,-229935.8
210.3,-230111.3
210.3,-230285.2
210.4,-230458.9
210.8,-230630.9
211.0,-230797.2
211.2,-230960.2
211.3,-231120.4
211.8,-231278.6
211.6,-231428.8
212.3,-231582.2
211.6,-231725.6
211.8,-231878.7
211.7,-232029.7
211.7,-232181.8
212.0,-232334.1
211.7,-232482.7
212.1,-232634.2
211.9,-232781.1
212.9,-232929.9
212.7,-233065.4
212.8,-233202.8
213.0,-233339.9
212.9,-233473.9
212.7,-233609.5
212.8,-233746.6
212.8,-233883.1
213.1,-234020.2
213.0,-234153.1
214.2,-234285.8
213.7,-234406.1
214.2,-234530.1
214.2,-234649.5
214.1,-234769.0
214.4,-234889.0
213.7,-235007.4
214.0,-235132.2
214.3,-235253.7
214.9,-235372.2
215.2,-235484.0
214.5,-235593.0
215.0,-235708.0
214.7,-235819.3
215.5,-235932.1
214.8,-236038.5
215.2,-236150.6
214.8,-236260.2
214.5,-236372.8
215.0,-236488.3
215.2,-236599.1
215.5,-236708.0
214.7,-236814.9
214.8,-236928.4
215.0,-237041.6
215.6,-237152.0
215.6,-237257.4
215.1,-237362.7
214.7,-237472.0
215.5,-237586.0
215.3,-237692.6
215.3,-237800.8
216.1,-237907.8
215.7,-238009.1
216.1,-238112.3
215.4,-238213.5
214.9,-238320.4
216.4,-238432.4
215.2,-238531.2
215.1,-238640.1
215.4,-238750.5
215.8,-238857.8
216.9,-238960.4
217.1,-239054.2
216.5,-239146.7
216.0,-239243.2
216.7,-239343.4
216.7,-239439.6
216.9,-239534.9
216.6,-239628.2
216.5,-239724.3
216.9,-239821.8
217.4,-239915.4
217.2,-240005.1
217.1,-240096.0
217.7,-240187.1
218.0,-240274.3
218.1,-240358.5
218.1,-240442.1
218.8,-240525.5
217.8,-240605.0
218.9,-240688.7
218.3,-240767.4
219.5,-240847.8
220.3,-240922.1
220.4,-240990.3
220.0,-241058.1
219.8,-241127.5
220.6,-241197.7
219.8,-241265.4
220.1,-241335.8
220.6,-241404.9
220.2,-241471.9
220.3,-241540.4
220.0,-241608.9
219.8,-241679.0
219.9,-241750.7
219.8,-241822.2
219.1,-241894.6
220.2,-241970.3
219.8,-242040.6
219.6,-242112.4
219.2,-242186.1
218.8,-242262.9
218.7,-242342.4
218.7,-242422.8
219.1,-242502.6
219.1,-242580.6
219.3,-242658.0
218.7,-242734.8
218.3,-242815.5
218.0,-242899.3
217.9,-242985.5
217.8,-243072.6
216.9,-243161.8
216.5,-243257.7
215.9,-243358.3
216.1,-243464.3
216.4,-243569.2
215.8,-243671.5
215.8,-243779.0
215.2,-243887.4
215.4,-244001.3
215.0,-244114.2
214.8,-244230.5
214.8,-244349.6
213.8,-244469.3
214.5,-244599.9
214.1,-244724.0
213.2,-244853.6
213.9,-244991.6
213.1,-245123.6
212.6,-245265.7
212.4,-245413.9
211.9,-245566.1
211.1,-245725.1
211.4,-245897.8
211.5,-246066.3
211.4,-246232.5
212.3,-246399.0
212.3,-246553.7
212.3,-246707.5
212.0,-246861.4
212.7,-247019.4
212.7,-247168.7
212.7,-247317.4
212.0,-247466.0
212.5,-247623.6
212.4,-247775.3
211.7,-247929.0
212.1,-248092.5
212.0,-248251.0
211.4,-248410.6
211.4,-248579.2
210.9,-248748.5
211.0,-248925.3
210.4,-249101.7
211.1,-249287.1
210.8,-249463.4
210.6,-249643.6
210.9,-249827.8
210.9,-250007.2
211.1,-250185.9
211.2,-250361.0
210.6,-250536.2
209.9,-250720.1
209.8,-250916.9
210.1,-251116.7
210.2,-251311.7
210.0,-251504.2
210.7,-251699.2
210.0,-251883.5
210.5,-252079.5
209.9,-252268.6
210.0,-252468.3
210.7,-252666.0
210.8,-252851.8
210.9,-253035.1
211.2,-253217.1
210.4,-253395.1
210.1,-253586.0
210.6,-253781.7
210.9,-253969.8
210.5,-254153.4
210.5,-254342.9
210.6,-254533.6
210.0,-254721.9
210.4,-254921.8
210.6,-255115.3
210.9,-255303.8
211.2,-255487.2
211.4,-255665.6
210.7,-255842.7
211.2,-256030.6
211.4,-256210.0
210.2,-256386.8
211.1,-256583.4
211.4,-256766.1
211.2,-256943.7
211.5,-257124.1
211.8,-257298.6
212.3,-257469.5
211.7,-257632.1
211.0,-257805.7
211.2,-257990.6
210.9,-258173.0
210.0,-258361.7
211.0,-258564.8
211.1,-258751.2
210.8,-258935.5
210.4,-259125.2
210.0,-259323.3
210.4,-259529.8
210.3,-259727.9
211.7,-259927.8
211.1,-260103.4
211.4,-260288.3
210.9,-260469.7
210.4,-260659.2
210.1,-260857.8
210.5,-261063.5
211.0,-261260.90000000002
210.9,-261450.40000000002
210.6,-261641.7
211.4,-261838.2
210.5,-262021.09999999998
211.4,-262219.2
212.2,-262401.6
212.3,-262571.2
212.3,-262739.1
211.5,-262908.0
211.9,-263087.5
211.6,-263262.6
211.1,-263442.3
211.5,-263629.9
211.7,-263812.1
211.1,-263990.9
211.0,-264180.2
210.9,-264371.6
211.2,-264563.9
211.0,-264752.0
210.4,-264944.4
210.3,-265147.9
209.5,-265354.9
209.7,-265575.9
210.3,-265793.8
210.8,-266000.9
210.1,-266199.2
209.8,-266409.2
209.7,-266626.0
209.6,-266845.4
210.2,-267067.5
210.0,-267277.3
210.0,-267491.0
209.9,-267704.4
209.9,-267919.3
209.6,-268135.2
209.8,-268357.5
209.5,-268575.9
209.3,-268800.7
209.9,-269028.9
209.2,-269245.5
209.9,-269476.7
210.0,-269693.2
209.5,-269908.0
208.9,-270134.2
209.3,-270373.5
209.3,-270604.6
209.1,-270834.5
209.1,-271070.4
209.2,-271306.0
209.0,-271539.8
209.3,-271777.0
209.1,-272007.5
209.1,-272243.5
209.4,-272479.7
209.2,-272709.3
209.3,-272942.9
209.3,-273174.4
209.3,-273407.4
209.8,-273638.9
209.4,-273861.3
209.8,-274091.2
209.4,-274314.2
209.3,-274544.7
210.0,-274777.3
210.4,-274993.8
210.2,-275203.6
209.7,-275418.4
209.3,-275642.8
209.9,-275876.2
209.3,-276097.8
208.9,-276331.0
210.0,-276574.6
210.5,-276793.0
210.5,-277002.5
210.0,-277212.2
209.8,-277432.2
208.9,-277657.1
210.3,-277899.0
210.2,-278114.4
209.6,-278331.9
210.1,-278560.2
210.2,-278780.1
210.9,-278997.3
211.4,-279201.2
211.6,-279395.4
212.8,-279584.0
211.6,-279755.8
211.1,-279945.9
211.7,-280145.4
211.3,-280335.0
210.3,-280530.8
210.8,-280745.7
211.6,-280952.3
211.4,-281145.4
211.4,-281340.3
211.8,-281535.4
211.6,-281724.1
212.0,-281916.1
211.8,-282102.1
212.2,-282289.9
212.2,-282472.2
212.3,-282654.7
212.5,-282835.2
211.9,-283013.3
212.2,-283199.9
212.4,-283383.2
212.5,-283561.9
212.3,-283740.2
212.4,-283921.2
212.5,-284101.2
211.5,-284279.7
212.9,-284475.9
212.5,-284649.0
212.7,-284827.8
212.4,-285004.4
213.0,-285185.3
212.9,-285356.4
213.3,-285528.7
213.1,-285695.6
212.6,-285865.0
213.3,-286042.6
212.8,-286210.1
212.8,-286384.1
213.2,-286559.2
213.3,-286729.1
213.3,-286897.1
213.6,-287064.2
214.2,-287227.3
213.9,-287381.9
213.2,-287541.4
213.1,-287711.4
213.9,-287883.2
212.9,-288044.3
213.8,-288217.9
213.4,-288379.8
213.4,-288547.8
213.7,-288715.6
214.2,-288878.6
214.7,-289034.6
214.4,-289183.6
214.4,-289336.8
213.9,-289490.8
213.7,-289651.8
214.1,-289816.2
213.9,-289974.7
213.8,-290136.8
213.0,-290301.3
212.6,-290478.6
212.5,-290664.3
212.9,-290851.7
212.6,-291033.0
212.1,-291219.6
211.6,-291414.9
212.0,-291619.9
211.8,-291818.2
212.2,-292020.3
211.3,-292216.8
211.6,-292428.9
210.5,-292637.4
210.7,-292866.8
211.1,-293093.1
211.9,-293310.4
210.8,-293514.9
210.7,-293740.8
210.5,-293970.2
210.7,-294202.2
211.3,-294432.2
211.1,-294648.3
211.6,-294869.0
212.1,-295080.2
213.3,-295280.8
212.6,-295460.2
212.3,-295651.4
211.9,-295849.3
211.5,-296055.1
211.1,-296269.1
210.9,-296492.4
211.3,-296720.3
212.0,-296940.0
210.4,-297147.0
210.6,-297384.2
211.1,-297619.0
211.4,-297844.0
211.6,-298062.7
211.7,-298278.6
211.9,-298491.7
211.6,-298702.3
211.7,-298917.8
212.2,-299132.6
212.4,-299336.3
212.7,-299537.8
213.1,-299733.8
212.3,-299921.9
211.9,-300125.4
211.7,-300337.6
211.1,-300556.0
211.5,-300786.1
211.1,-301008.4
211.1,-301238.3
211.2,-301469.5
212.2,-301698.7
212.0,-301908.4
211.8,-302122.6
212.1,-302340.5
212.5,-302553.3
212.9,-302757.9
212.4,-302955.4
213.1,-303162.0
212.7,-303357.4
213.7,-303556.8
212.8,-303742.4
213.0,-303942.0
213.1,-304139.4
212.9,-304334.0
213.5,-304532.8
214.2,-304720.9
213.9,-304897.2
213.6,-305077.8
212.7,-305265.3
212.9,-305468.1
212.7,-305669.2
213.1,-305874.1
212.6,-306071.7
211.5,-306279.3
210.8,-306510.9
211.7,-306755.6
211.3,-306982.8
211.5,-307218.2
211.7,-307449.0
212.1,-307676.5
212.5,-307895.8
211.9,-308107.0
212.3,-308328.8
212.6,-308543.8
212.3,-308753.4
212.2,-308968.0
211.7,-309186.4
212.6,-309415.1
212.2,-309626.2
212.6,-309843.5
212.0,-310054.9
212.8,-310276.8
213.0,-310483.9
212.9,-310686.7
212.9,-310891.3
212.4,-311097.2
213.3,-311310.4
212.8,-311509.0
213.5,-311714.7
213.1,-311909.8
212.8,-312110.4
213.8,-312317.2
213.8,-312505.8
213.4,-312693.8
214.4,-312887.4
213.9,-313066.0
215.0,-313250.3
214.0,-313420.1
214.3,-313603.7
214.6,-313782.7
214.1,-313958.0
214.6,-314139.9
214.9,-314315.3
215.3,-314484.2
214.1,-314648.2
213.9,-314829.5
215.5,-315014.9
215.1,-315176.8
215.7,-315341.8
216.1,-315499.1
216.7,-315649.6
215.0,-315794.8
214.7,-315960.9
214.8,-316133.2
214.6,-316305.7
214.5,-316480.7
214.1,-316657.8
214.2,-316840.8
214.0,-317022.2
214.4,-317207.2
214.0,-317387.0
213.4,-317571.8
213.2,-317768.2
212.3,-317969.1
213.0,-318187.3
213.1,-318392.3
213.1,-318594.2
213.1,-318795.7
213.1,-318998.8
213.4,-319201.3
213.6,-319397.2
213.2,-319589.9
214.0,-319789.2
214.3,-319974.8
214.4,-320155.3
214.3,-320333.5
215.3,-320512.5
214.4,-320677.0
215.0,-320853.4
214.9,-321022.6
215.1,-321192.2
215.4,-321359.0
215.4,-321521.2
215.9,-321682.8
215.7,-321836.5
215.4,-321992.7
216.0,-322153.2
216.1,-322305.4
216.3,-322455.8
216.5,-322603.5
215.8,-322749.8
216.8,-322902.7
216.4,-323045.3
216.9,-323191.0
217.3,-323331.2
217.3,-323465.1
217.0,-323599.8
216.6,-323738.4
217.0,-323881.1
216.9,-324019.1
217.1,-324157.8
217.4,-324294.5
217.3,-324428.2
217.6,-324562.6
218.0,-324692.8
217.9,-324818.5
218.5,-324944.7
217.8,-325065.8
217.8,-325194.1
217.6,-325323.1
217.8,-325454.0
218.2,-325583.1
217.7,-325708.1
217.7,-325837.6
218.0,-325967.9
217.7,-326095.7
218.0,-326225.9
218.5,-326352.5
218.8,-326474.2
218.0,-326593.1
218.3,-326719.0
218.0,-326843.0
218.1,-326970.8
217.9,-327098.2
218.7,-327227.1
218.6,-327347.2
218.4,-327467.7
218.3,-327591.2
217.7,-327716.3
217.5,-327848.4
218.1,-327982.9
217.4,-328111.5
217.8,-328246.8
218.1,-328378.4
217.8,-328506.6
218.2,-328637.5
218.2,-328764.5
218.3,-328891.1
218.4,-329016.6
217.5,-329142.7
218.1,-329277.5
217.7,-329406.4
217.8,-329539.3
217.1,-329672.4
217.3,-329814.4
217.3,-329953.7
217.7,-330092.6
217.7,-330227.7
218.8,-330361.7
218.9,-330484.2
218.2,-330605.5
219.5,-330732.2
219.1,-330846.1
219.9,-330962.3
220.0,-331072.2
220.4,-331180.4
220.9,-331284.5
220.2,-331384.9
220.2,-331491.1
220.9,-331597.0
220.9,-331697.8
221.2,-331797.3
221.5,-331894.4
221.1,-331989.6
220.6,-332087.8
220.7,-332190.5
220.6,-332292.8
220.5,-332396.4
221.6,-332499.2
221.6,-332594.8
220.9,-332689.5
220.9,-332789.4
220.3,-332890.6
220.8,-332996.4
220.8,-333099.5
220.0,-333202.6
219.3,-333313.0
219.8,-333430.9
219.4,-333544.6
219.6,-333661.7
218.6,-333777.9
219.1,-333905.0
218.0,-334027.8
217.8,-334163.3
217.7,-334301.7
217.2,-334442.2
217.2,-334588.7
216.4,-334737.2
216.1,-334896.2
216.2,-335059.8
215.9,-335223.3
215.6,-335391.6
215.4,-335565.2
215.4,-335742.6
215.3,-335920.2
214.9,-336100.4
214.4,-336287.5
214.3,-336483.5
213.8,-336682.7
213.3,-336891.5
212.7,-337110.1
212.9,-337341.3
212.5,-337569.8
212.2,-337808.1
211.7,-338053.0
211.6,-338309.4
211.2,-338569.3
210.8,-338840.8
210.2,-339122.3
209.3,-339422.5
209.0,-339749.0
209.5,-340086.3
209.2,-340408.9
208.7,-340740.5
209.8,-341089.5
208.9,-341404.6
210.1,-341744.8
209.4,-342052.6
209.8,-342379.2
209.4,-342695.4
209.6,-343024.1
209.9,-343347.2
209.7,-343662.2
210.1,-343981.4
210.0,-344289.6
209.5,-344602.7
210.4,-344929.3
209.9,-345230.5
209.9,-345545.2
211.0,-345860.4
210.3,-346147.9
209.7,-346453.8
209.8,-346778.5
210.4,-347099.3
212.0,-347401.4
210.7,-347663.9
211.2,-347958.1
211.1,-348240.2
211.0,-348523.8
210.3,-348811.0
210.8,-349118.0
210.6,-349412.4
210.5,-349713.0
210.5,-350015.7
210.7,-350318.3
210.6,-350617.2
210.6,-350920.1
210.6,-351221.6
210.7,-351525.1
211.0,-351824.2
210.9,-352115.4
211.1,-352409.9
210.2,-352700.8
209.7,-353018.9
209.5,-353353.1
209.4,-353694.1
209.5,-354039.8
209.6,-354381.6
209.9,-354722.6
209.8,-355053.4
209.6,-355386.1
209.7,-355726.5
209.5,-356065.3
209.5,-356412.3
209.2,-356758.5
209.7,-357114.3
209.7,-357454.8
209.7,-357797.3
210.3,-358140.3
209.8,-358467.0
210.3,-358808.9
209.7,-359136.4
210.7,-359484.0
209.9,-359802.2
210.6,-360144.3
210.9,-360466.9
210.4,-360778.9
210.1,-361106.6
211.3,-361443.2
211.2,-361747.2
211.2,-362054.2
210.8,-362361.0
211.1,-362681.1
210.9,-362992.1
210.1,-363312.1
210.1,-363657.6
211.0,-364002.1
211.0,-364322.1
210.7,-364639.4
210.8,-364966.5
210.9,-365293.9
210.5,-365619.6
210.8,-365956.4
211.1,-366284.3
211.2,-366605.2
211.0,-366922.5
210.9,-367245.0
210.0,-367573.3
210.5,-367931.3
210.9,-368274.8
210.9,-368605.0
211.5,-368934.4
211.2,-369246.6
211.2,-369566.8
212.1,-369887.7
211.8,-370184.1
211.8,-370489.4
211.9,-370794.4
211.8,-371097.8
212.2,-371402.8
212.6,-371698.8
213.3,-371983.8
212.9,-372250.1
212.4,-372527.3
212.1,-372819.0
211.8,-373118.6
211.4,-373428.2
210.3,-373751.4
210.5,-374108.3
210.6,-374462.1
210.8,-374812.2
211.0,-375155.8
211.0,-375494.0
211.2,-375831.2
211.8,-376161.8
211.5,-376476.7
211.9,-376797.6
211.7,-377109.8
212.2,-377426.7
211.3,-377728.8
211.8,-378057.0
212.2,-378371.2
212.4,-378672.9
212.4,-378971.1
212.7,-379268.0
213.3,-379556.0
213.2,-379830.8
212.9,-380107.2
213.1,-380391.3
213.2,-380669.4
213.7,-380944.3
213.6,-381207.7
213.5,-381474.2
213.6,-381742.8
212.6,-382009.8
212.9,-382301.7
213.0,-382588.0
212.2,-382870.7
212.3,-383177.3
212.0,-383480.7
212.5,-383791.9
212.7,-384091.9
212.9,-384384.7
213.7,-384672.1
213.2,-384938.8
213.1,-385218.5
213.7,-385499.8
213.9,-385766.3
214.0,-386026.7
214.7,-386285.1
214.1,-386526.9
213.5,-386783.3
213.2,-387054.9
212.6,-387334.5
212.6,-387631.6
211.9,-387930.9
212.0,-388249.1
211.2,-388565.6
211.3,-388908.7
212.0,-389246.2
211.8,-389564.6
212.4,-389888.4
213.0,-390194.5
212.9,-390482.8
212.7,-390773.0
212.9,-391070.6
212.9,-391361.8
213.3,-391652.0
213.5,-391933.2
213.8,-392208.5
214.1,-392475.5
214.1,-392734.2
214.6,-392992.7
214.8,-393239.5
215.0,-393482.5
214.9,-393720.5
215.3,-393959.9
215.0,-394191.2
215.2,-394428.8
216.2,-394661.8
216.3,-394875.5
215.5,-395086.4
215.9,-395311.7
216.0,-395530.1
216.3,-395746.4
216.3,-395957.7
216.8,-396168.3
216.7,-396369.3
216.9,-396570.9
216.9,-396769.2
217.4,-396968.0
216.9,-397157.3
216.9,-397354.8
216.2,-397554.1
216.5,-397766.3
217.5,-397972.2
217.4,-398159.0
217.7,-398347.2
217.0,-398531.3
217.3,-398727.9
217.4,-398918.0
217.5,-399107.7
217.7,-399294.4
218.2,-399477.6
218.6,-399652.4
218.2,-399821.0
217.8,-399996.8
218.0,-400177.6
218.8,-400355.3
218.6,-400521.4
218.6,-400689.0
218.6,-400856.7
218.6,-401025.2
219.2,-401192.9
218.5,-401353.2
218.8,-401522.1
219.1,-401686.8
219.2,-401846.3
219.6,-402004.1
219.1,-402157.1
219.3,-402316.0
219.0,-402473.4
219.2,-402634.6
219.1,-402793.2
218.7,-402954.3
219.4,-403120.9
219.1,-403276.7
218.9,-403437.2
218.8,-403601.0
219.3,-403766.3
219.0,-403925.4
219.5,-404088.6
219.5,-404245.0
219.7,-404399.7
219.8,-404552.3
219.3,-404704.8
218.9,-404863.8
219.5,-405029.5
219.2,-405185.9
220.1,-405346.1
220.0,-405495.3
219.1,-405646.0
220.2,-405806.8
219.2,-405956.1
219.6,-406116.9
219.8,-406273.5
219.3,-406426.5
219.2,-406587.4
219.0,-406751.0
219.3,-406917.5
219.7,-407079.4
219.7,-407234.7
219.2,-407390.4
219.6,-407553.4
219.4,-407711.9
219.2,-407872.1
218.8,-408037.0
219.2,-408206.7
218.9,-408372.0
218.8,-408541.8
219.0,-408712.6
218.6,-408881.9
218.7,-409056.4
218.7,-409229.9
219.1,-409402.7
218.7,-409571.0
217.9,-409746.5
217.8,-409934.5
218.0,-410124.5
217.9,-410312.4
217.7,-410501.4
218.6,-410693.3
218.0,-410871.9
217.9,-411060.4
218.2,-411250.3
218.0,-411436.8
217.4,-411625.8
217.7,-411827.6
217.9,-412023.0
217.6,-412215.7
217.6,-412413.0
218.1,-412611.0
217.8,-412801.3
217.8,-412996.0
217.6,-413191.5
218.2,-413390.5
217.9,-413581.0
218.2,-413776.4
218.4,-413965.5
218.0,-414152.7
218.0,-414347.2
218.3,-414543.0
217.7,-414734.5
217.7,-414935.0
217.4,-415137.6
218.5,-415344.1
217.5,-415533.3
217.4,-415739.9
217.7,-415948.8
217.2,-416154.0
217.3,-416368.7
217.5,-416581.0
217.2,-416789.8
217.1,-417004.2
216.5,-417222.1
216.7,-417453.1
216.2,-417681.8
216.1,-417921.1
216.5,-418163.6
216.6,-418397.8
216.1,-418629.0
215.8,-418873.0
216.4,-419123.6
216.1,-419361.4
217.1,-419605.2
218.2,-419827.9
218.4,-420028.2
218.0,-420224.0
217.6,-420427.8
217.0,-420640.0
217.0,-420865.6
216.1,-421092.6
215.2,-421339.2
216.0,-421606.6
215.4,-421858.2
214.8,-422123.5
213.6,-422405.3
213.7,-422719.3
212.5,-423033.0
213.5,-423383.2
211.8,-423705.8
211.6,-424083.1
210.8,-424469.4
210.3,-424886.5
210.2,-425325.1
209.9,-425768.7
210.2,-426228.3
210.0,-426672.6
210.3,-427125.4
211.2,-427567.0
210.2,-427973.5
209.9,-428418.7
210.4,-428877.8
209.7,-429318.0
210.6,-429787.2
210.3,-430217.7
209.7,-430663.2
209.4,-431136.2
209.9,-431623.5
210.1,-432085.8
209.9,-432541.8
210.0,-433005.5
210.4,-433466.3
210.2,-433906.8
210.2,-434357.9
210.6,-434809.6
211.3,-435242.4
210.6,-435650.3
210.9,-436084.9
210.9,-436507.7
210.7,-436930.6
210.9,-437361.9
212.2,-437786.0
212.1,-438160.5
211.8,-438540.3
210.8,-438929.1
211.1,-439358.0
211.1,-439775.8
210.8,-440193.1
210.5,-440626.1
211.7,-441071.2
211.3,-441468.0
210.5,-441879.2
211.2,-442324.3
211.2,-442743.2
211.6,-443159.6
211.4,-443562.8
211.0,-443973.3
210.2,-444400.7
209.5,-444863.5
209.7,-445360.2
209.3,-445849.2
209.6,-446357.7
209.9,-446853.7
210.0,-447335.9
210.1,-447813.0
210.9,-448286.8
211.2,-448727.7
210.7,-449156.5
210.9,-449606.1
210.0,-450048.1
209.8,-450529.9
209.7,-451022.0
210.0,-451518.0
210.2,-452000.9
209.5,-452479.0
210.6,-452987.2
211.7,-453447.5
210.9,-453864.0
211.8,-454311.0
212.9,-454721.2
213.2,-455089.8
214.2,-455445.4
213.5,-455772.4
212.6,-456122.4
211.9,-456504.6
211.0,-456913.1
211.4,-457356.1
212.3,-457785.4
212.9,-458180.4
213.4,-458550.8
213.8,-458905.0
214.0,-459245.6
213.3,-459578.8
212.8,-459935.5
212.0,-460312.7
212.2,-460719.2
212.8,-461117.4
213.0,-461494.8
213.1,-461865.6
212.8,-462230.3
213.3,-462607.8
213.5,-462965.9
213.9,-463317.0
213.7,-463656.7
214.1,-464001.9
214.1,-464334.8
214.5,-464668.1
214.3,-464989.4
214.4,-465315.8
214.5,-465639.5
214.4,-465961.8
214.6,-466285.0
215.1,-466601.7
215.1,-466905.5
215.3,-467208.2
215.5,-467505.4
215.3,-467798.2
216.5,-468093.8
215.4,-468360.4
215.5,-468654.2
215.7,-468946.1
215.6,-469234.2
215.5,-469523.9
215.1,-469817.5
215.0,-470121.6
214.7,-470430.2
214.7,-470748.1
214.5,-471066.3
214.5,-471389.9
214.5,-471714.0
214.7,-472039.2
214.1,-472358.6
214.5,-472696.5
214.2,-473023.0
214.2,-473359.3
214.2,-473696.3
214.4,-474033.6
214.3,-474364.6
214.2,-474701.2
214.1,-475039.5
214.4,-475383.8
214.1,-475718.9
214.2,-476064.0
214.1,-476405.4
214.3,-476750.2
214.3,-477090.7
213.8,-477429.8
213.8,-477788.6
213.8,-478146.8
213.7,-478507.8
213.6,-478872.7
213.3,-479239.7
213.9,-479619.2
213.7,-479977.3
213.6,-480345.0
213.7,-480713.5
213.9,-481079.7
213.6,-481440.8
214.1,-481810.5
213.7,-482166.0
213.1,-482535.3
212.8,-482928.7
212.9,-483333.7
213.2,-483735.4
213.4,-484126.3
213.5,-484509.1
213.6,-484889.8
213.6,-485266.6
213.2,-485645.2
212.1,-486037.2
212.2,-486473.1
212.4,-486908.0
212.3,-487335.2
212.5,-487765.5
212.4,-488187.9
212.3,-488616.2
212.2,-489049.4
212.2,-489486.7
212.4,-489927.0
212.5,-490359.1
212.5,-490788.8
212.4,-491218.6
212.6,-491654.7
213.2,-492082.7
213.1,-492487.4
212.9,-492896.1
213.0,-493312.0
213.5,-493728.2
213.9,-494125.1
213.9,-494508.6
213.5,-494891.0
213.6,-495290.8
213.6,-495685.8
214.4,-496080.3
213.9,-496447.5
214.5,-496832.2
214.4,-497198.4
214.5,-497569.1
214.5,-497936.3
214.7,-498302.9
214.5,-498663.0
214.6,-499031.3
214.7,-499397.5
214.5,-499760.4
214.9,-500128.4
214.1,-500485.7
214.6,-500871.5
214.6,-501238.8
214.6,-501608.3
214.5,-501975.8
213.2,-502351.0
213.5,-502772.6
213.5,-503184.3
213.8,-503598.3
213.6,-504001.2
213.7,-504411.6
213.2,-504819.3
213.8,-505247.5
213.8,-505653.4
213.2,-506060.4
213.3,-506488.4
213.4,-506914.3
213.8,-507338.3
213.2,-507747.8
213.6,-508178.1
213.9,-508592.7
214.1,-508996.5
213.8,-509393.8
213.8,-509802.3
213.1,-510213.8
212.9,-510652.6
212.3,-511103.0
211.6,-511581.2
211.0,-512094.2
211.2,-512636.3
210.6,-513168.9
210.9,-513733.0
210.6,-514285.5
211.1,-514850.9
211.1,-515393.1
211.7,-515932.8
211.4,-516445.2
211.6,-516974.4
211.5,-517493.3
211.6,-518015.0
211.7,-518534.3
210.8,-519052.1
210.6,-519611.9
210.8,-520186.2
210.9,-520750.1
210.9,-521309.5
210.9,-521868.2
211.0,-522427.0
211.2,-522978.19999999995
211.1,-523520.9
210.9,-524071.5
210.6,-524628.2
210.6,-525202.1
210.4,-525778.8
210.3,-526369.4
210.5,-526965.6
211.4,-527548.1
211.5,-528081.2
211.3,-528611.5
211.3,-529152.9
211.6,-529693.4
212.3,-530216.4
212.8,-530704.4
212.5,-531169.1
211.9,-531651.1
211.9,-532159.6
211.2,-532666.9
212.0,-533207.3
211.9,-533712.9
212.8,-534219.1
213.1,-534684.6
213.6,-535137.4
213.6,-535569.4
214.4,-535998.4
214.8,-536398.8
215.3,-536782.4
215.0,-537150.3
214.8,-537526.2
213.7,-537914.1
214.0,-538343.8
213.8,-538761.8
213.1,-539191.1
213.4,-539647.1
212.9,-540093.6
212.9,-540562.6
212.3,-541035.5
212.2,-541533.8
211.3,-542042.4
211.5,-542592.8
212.0,-543135.1
212.7,-543653.4
212.6,-544137.9
212.8,-544626.1
212.9,-545107.8
212.9,-545585.0
213.3,-546062.1
213.4,-546525.5
213.2,-546983.4
213.8,-547449.2
213.8,-547892.5
214.1,-548334.1
214.1,-548765.7
214.4,-549196.8
214.4,-549619.6
214.7,-550040.9
214.5,-550453.6
214.9,-550873.1
214.8,-551278.2
215.1,-551687.1
215.0,-552086.6
215.5,-552490.2
216.0,-552877.4
215.6,-553246.0
215.6,-553628.2
215.4,-554012.6
215.4,-554402.6
215.6,-554795.1
216.0,-555181.2
215.8,-555551.6
215.8,-555928.6
215.7,-556306.6
215.8,-556686.2
215.6,-557063.1
216.0,-557447.4
215.8,-557818.2
216.2,-558196.9
216.4,-558560.2
215.9,-558916.7
215.7,-559288.6
216.2,-559669.2
216.1,-560032.6
216.2,-560399.1
216.0,-560759.9
216.1,-561127.5
215.8,-561492.6
216.1,-561866.3
216.5,-562230.1
216.1,-562579.9
216.2,-562942.3
216.0,-563303.1
216.1,-563670.8
216.1,-564033.1
216.0,-564395.4
216.1,-564761.8
216.2,-565123.8
216.1,-565483.7
216.2,-565846.2
216.2,-566207.3
216.2,-566566.8
215.9,-566928.4
216.1,-567299.4
215.8,-567665.2
215.8,-568040.9
216.2,-568419.7
216.1,-568784.1
216.3,-569152.1
215.5,-569514.5
216.0,-569905.1
216.3,-570277.8
216.4,-570640.4
215.9,-571001.8
216.4,-571378.4
216.3,-571739.3
216.5,-572103.9
216.5,-572461.9
216.3,-572820.0
216.7,-573183.4
216.5,-573534.6
216.2,-573891.6
216.0,-574259.2
215.9,-574635.3
215.9,-575016.4
215.8,-575394.9
215.8,-575780.5
215.9,-576164.4
215.9,-576544.9
215.5,-576926.7
216.2,-577325.0
216.3,-577695.5
216.1,-578063.4
216.5,-578439.4
217.0,-578803.2
216.8,-579152.1
216.8,-579505.4
216.9,-579859.1
216.8,-580210.9
216.9,-580565.4
216.6,-580916.8
216.1,-581281.1
215.1,-581664.2
215.3,-582087.4
214.7,-582502.9
214.1,-582944.1
214.0,-583413.9
213.4,-583890.4
212.5,-584394.7
212.1,-584942.0
211.5,-585514.7
211.3,-586123.1
212.3,-586743.5
212.4,-587310.4
212.0,-587870.4
212.7,-588450.4
211.4,-589001.9
211.6,-589623.4
212.0,-590235.2
212.9,-590826.2
213.5,-591367.5
213.8,-591882.2
214.6,-592381.2
214.6,-592844.5
213.2,-593309.6
212.4,-593840.6
212.6,-594416.4
213.3,-594982.3
213.3,-595515.9
213.9,-596049.7
213.7,-596554.1
214.3,-597067.2
213.9,-597553.7
213.0,-598061.2
212.3,-598614.4
211.3,-599211.4
212.0,-599868.6
212.7,-600482.1
212.8,-601058.1
212.8,-601630.1
213.9,-602197.6
213.5,-602711.8
213.3,-603244.4
213.5,-603790.6
213.5,-604325.5
213.8,-604863.1
214.2,-605387.1
214.2,-605892.4
214.3,-606396.3
215.2,-606893.1
215.5,-607349.1
215.6,-607794.0
215.9,-608234.4
216.2,-608663.9
216.5,-609078.4
216.7,-609481.6
216.2,-609877.1
216.4,-610293.8
216.3,-610704.8
216.9,-611116.2
216.7,-611505.2
216.7,-611903.9
216.5,-612302.3
216.8,-612709.4
216.5,-613104.2
216.4,-613509.4
215.9,-613921.2
215.6,-614352.1
216.1,-614795.4
215.7,-615218.5
216.3,-615656.0
216.0,-616072.2
216.1,-616498.1
216.0,-616922.5
215.6,-617353.1
215.3,-617798.7
215.5,-618256.8
215.5,-618705.1
216.1,-619153.4
215.1,-619581.1
213.9,-620050.2
212.8,-620575.8
211.2,-621163.0
209.9,-621848.6
209.6,-622630.4
209.5,-623432.0
210.2,-624243.9
209.5,-625005.2
209.5,-625815.2
210.0,-626627.9
209.7,-627401.1
209.5,-628197.3
209.5,-629008.1
210.3,-629820.8
211.2,-630574.4
211.0,-631267.7
210.9,-631971.5
210.9,-632685.2
211.3,-633402.1
211.5,-634094.1
210.9,-634772.0
211.1,-635491.4
210.7,-636199.0
210.6,-636936.8
211.1,-637679.6
211.7,-638389.1
211.9,-639059.2
211.6,-639717.1
210.9,-640393.6
210.4,-641119.6
210.4,-641878.7
209.8,-642641.4
210.1,-643450.1
211.0,-644232.4
210.6,-644952.1
210.0,-645698.6
209.5,-646489.1
209.4,-647320.6
209.4,-648161.0
209.5,-648995.4
210.1,-649825.8
210.9,-650607.6
211.7,-651331.6
211.3,-651995.6
211.5,-652686.9
210.7,-653367.8
210.6,-654103.2
210.4,-654844.2
210.7,-655599.8
210.9,-656338.5
211.0,-657065.4
211.7,-657782.6
211.7,-658456.7
212.6,-659128.2
212.5,-659741.4
211.9,-660362.1
211.1,-661020.2
211.5,-661733.4
212.3,-662419.8
213.5,-663057.9
212.9,-663627.2
212.3,-664231.3
211.8,-664876.1
211.2,-665554.8
210.9,-666272.7
211.2,-667015.3
211.6,-667734.1
212.5,-668425.8
212.9,-669060.9
212.7,-669676.7
212.6,-670302.8
212.8,-670936.9
213.2,-671558.8
213.2,-672159.0
213.5,-672755.6
213.6,-673338.2
213.5,-673919.5
213.9,-674504.2
213.9,-675072.9
213.8,-675637.5
214.3,-676207.6
214.3,-676756.2
214.3,-677303.9
214.3,-677852.6
214.1,-678402.8
214.5,-678965.7
214.6,-679512.5
214.7,-680050.6
214.6,-680585.8
215.2,-681129.8
215.3,-681644.1
215.1,-682151.6
215.0,-682671.1
215.6,-683195.4
215.3,-683694.8
215.7,-684205.3
216.3,-684699.6
216.0,-685164.8
215.6,-685645.1
216.0,-686143.3
215.8,-686622.1
215.8,-687112.2
216.0,-687601.9
215.9,-688082.0
215.9,-688565.4
216.1,-689046.3
216.2,-689519.6
215.9,-689987.0
215.8,-690464.2
216.0,-690944.3
215.9,-691415.3
215.8,-691889.4
215.9,-692367.1
215.8,-692842.0
215.5,-693319.4
215.2,-693811.8
215.3,-694317.5
215.0,-694820.4
215.3,-695335.6
215.5,-695836.1
215.6,-696330.3
216.0,-696817.7
215.8,-697287.8
215.4,-697769.5
215.3,-698269.0
215.5,-698772.9
215.4,-699270.8
215.1,-699773.2
214.8,-700291.4
214.7,-700823.1
214.7,-701362.6
214.5,-701902.8
214.2,-702455.8
214.3,-703023.4
214.3,-703588.7
214.4,-704151.8
214.5,-704709.1
214.0,-705263.8
214.1,-705846.8
213.9,-706423.6
214.0,-707010.2
213.9,-707593.8
213.8,-708180.1
213.4,-708773.2
214.2,-709390.7
214.1,-709965.1
213.9,-710545.1
212.9,-711137.1
213.1,-711785.3
212.9,-712423.6
211.7,-713075.3
212.9,-713806.0
211.3,-714460.1
211.1,-715222.3
210.3,-716003.6
212.6,-716841.0
212.5,-717516.6
211.4,-718197.4
212.4,-718954.2
213.1,-719640.3
212.0,-720284.1
212.2,-720996.6
212.1,-721701.1
212.3,-722412.2
212.4,-723110.0
212.8,-723798.9
212.8,-724460.6
211.9,-725126.2
212.0,-725854.0
213.2,-726574.8
213.8,-727213.5
213.8,-727819.4
214.2,-728426.1
213.4,-729012.5
213.7,-729639.6
214.0,-730251.8
213.1,-730850.9
214.4,-731500.4
213.6,-732077.6
213.0,-732700.8
213.5,-733357.6
212.9,-733985.8
212.5,-734653.1
211.2,-735349.4
210.7,-736133.7
210.1,-736963.9
210.0,-737838.8
209.9,-738722.8
210.0,-739614.7
209.8,-740505.4
209.4,-741409.9
209.5,-742348.2
209.7,-743277.4
210.0,-744187.8
209.9,-745072.4
209.8,-745969.1
210.2,-746871.2
209.9,-747745.2
209.8,-748641.2
210.0,-749542.5
210.0,-750433.6
210.1,-751321.9
210.0,-752198.2
209.9,-753089.3
209.9,-753987.5
210.0,-754887.2
210.0,-755773.9
210.1,-756658.2
210.3,-757534.1
210.6,-758399.0
210.8,-759241.4
211.1,-760064.5
212.0,-760863.4
212.9,-761592.4
213.4,-762263.3
212.9,-762901.2
212.6,-763570.0
212.3,-764265.2
212.1,-764977.0
211.2,-765708.0
211.0,-766503.0
211.2,-767315.5
211.6,-768113.6
212.4,-768877.0
213.0,-769581.9
213.3,-770250.1
213.5,-770901.0
213.1,-771539.3
212.7,-772202.1
211.9,-772891.4
211.6,-773634.8
212.0,-774399.4
212.6,-775138.8
213.3,-775835.6
214.0,-776484.8
214.3,-777094.7
213.8,-777684.2
213.5,-778303.6
213.2,-778943.6
213.4,-779600.8
213.9,-780243.2
214.2,-780859.1
214.8,-781454.2
215.0,-782020.2
215.0,-782571.7
215.0,-783123.8
215.4,-783675.0
215.5,-784208.7
215.6,-784734.0
215.5,-785257.4
215.3,-785782.1
215.5,-786316.9
215.9,-786845.9
215.7,-787353.2
216.0,-787869.2
216.1,-788370.5
216.7,-788867.8
216.8,-789338.1
216.9,-789802.5
217.4,-790264.4
217.0,-790702.8
216.3,-791159.2
215.7,-791649.1
215.5,-792167.0
215.1,-792694.6
214.5,-793245.6
214.0,-793827.1
213.2,-794441.3
212.7,-795100.9
212.5,-795794.7
211.9,-796506.8
211.1,-797261.9
210.2,-798078.2
209.9,-798968.2
209.6,-799883.2
209.6,-800829.6
209.6,-801768.9
210.0,-802712.5
209.6,-803624.1
209.7,-804565.2
209.3,-805497.6
209.7,-806466.7
210.7,-807398.4
210.3,-808252.4
210.5,-809135.2
210.9,-809999.6
211.0,-810833.5
211.1,-811657.6
211.2,-812472.8
211.2,-813279.1
210.9,-814087.8
211.0,-814921.6
211.2,-815743.6
211.3,-816555.5
211.4,-817353.1
211.4,-818143.9
